match_id,season,team,player,runs,balls,fours,sixes,out
1,2018,Sunrisers Hyderabad,Heinrich Klaasen,30,30,2,0,True
1,2018,Sunrisers Hyderabad,Abhishek Sharma,21,8,1,1,True
1,2018,Sunrisers Hyderabad,Travis Head,17,12,1,0,False
1,2018,Sunrisers Hyderabad,Nitish Kumar Reddy,35,19,2,1,True
1,2018,Sunrisers Hyderabad,Aman Pillai,18,29,1,0,True
1,2018,Sunrisers Hyderabad,Dev Malhotra,28,28,2,1,True
1,2018,Sunrisers Hyderabad,Anand Thakur,82,43,8,2,False
1,2018,Sunrisers Hyderabad,Karthik Verma,48,27,3,1,True
1,2018,Gujarat Titans,Shubman Gill,2,5,0,0,False
1,2018,Gujarat Titans,Sai Sudharsan,61,36,4,1,True
1,2018,Gujarat Titans,David Miller,26,27,1,0,False
1,2018,Gujarat Titans,Rahul Tewatia,37,26,3,1,True
1,2018,Gujarat Titans,Harsh Rao,15,21,1,0,False
1,2018,Gujarat Titans,Karan Chatterjee,42,22,4,1,True
1,2018,Gujarat Titans,Sameer Malhotra,20,12,1,0,False
1,2018,Gujarat Titans,Sameer Dubey,14,10,0,0,True
2,2018,Delhi Capitals,Rishabh Pant,0,4,0,0,False
2,2018,Delhi Capitals,Axar Patel,5,11,0,0,True
2,2018,Delhi Capitals,Mitchell Marsh,28,20,2,1,True
2,2018,Delhi Capitals,Tristan Stubbs,29,23,3,1,False
2,2018,Delhi Capitals,Abishek Porel,4,12,0,0,True
2,2018,Delhi Capitals,Sameer Nair,2,6,0,0,True
2,2018,Delhi Capitals,Kabir Bose,33,33,2,1,True
2,2018,Sunrisers Hyderabad,Heinrich Klaasen,44,24,4,1,False
2,2018,Sunrisers Hyderabad,Abhishek Sharma,5,10,0,0,True
2,2018,Sunrisers Hyderabad,Travis Head,35,17,3,1,True
2,2018,Sunrisers Hyderabad,Nitish Kumar Reddy,27,31,2,1,False
2,2018,Sunrisers Hyderabad,Aman Pillai,26,16,2,0,True
2,2018,Sunrisers Hyderabad,Dev Malhotra,42,23,4,1,True
2,2018,Sunrisers Hyderabad,Anand Thakur,22,11,1,1,True
2,2018,Sunrisers Hyderabad,Karthik Verma,46,28,4,1,False
3,2018,Mumbai Indians,Rohit Sharma,65,41,5,2,True
3,2018,Mumbai Indians,Suryakumar Yadav,35,24,2,1,True
3,2018,Mumbai Indians,Hardik Pandya,30,18,2,1,True
3,2018,Mumbai Indians,Ishan Kishan,14,11,1,0,True
3,2018,Mumbai Indians,Tilak Varma,27,23,2,1,False
3,2018,Mumbai Indians,Dev Rao,15,22,1,0,True
3,2018,Mumbai Indians,Karan Kapoor,45,23,3,1,True
3,2018,Mumbai Indians,Varun Nair,24,12,2,1,False
3,2018,Royal Challengers Bengaluru,Virat Kohli,99,34,9,3,True
3,2018,Royal Challengers Bengaluru,Faf du Plessis,18,18,2,0,False
3,2018,Royal Challengers Bengaluru,Glenn Maxwell,23,19,1,0,True
3,2018,Royal Challengers Bengaluru,Rajat Patidar,33,24,2,1,False
3,2018,Royal Challengers Bengaluru,Cameron Green,6,11,0,0,True
3,2018,Royal Challengers Bengaluru,Vivek Chauhan,21,21,2,0,True
3,2018,Royal Challengers Bengaluru,Sameer Iyer,64,36,7,1,True
3,2018,Royal Challengers Bengaluru,Abhishek Suresh,37,27,3,1,False
4,2018,Rajasthan Royals,Sanju Samson,34,21,3,1,False
4,2018,Rajasthan Royals,Yashasvi Jaiswal,19,40,1,0,True
4,2018,Rajasthan Royals,Jos Buttler,43,28,4,1,False
4,2018,Rajasthan Royals,Riyan Parag,30,20,2,1,False
4,2018,Rajasthan Royals,Kabir Ghosh,7,9,0,0,True
4,2018,Rajasthan Royals,Yash Suresh,40,14,2,1,True
4,2018,Rajasthan Royals,Rahul Mehta,0,4,0,0,True
4,2018,Lucknow Super Giants,Nicholas Pooran,37,24,2,1,True
4,2018,Lucknow Super Giants,Ayush Badoni,28,29,3,1,True
4,2018,Lucknow Super Giants,Marcus Stoinis,34,16,3,0,True
4,2018,Lucknow Super Giants,Quinton de Kock,40,43,2,1,True
4,2018,Lucknow Super Giants,Nikhil Ghosh,17,13,1,0,True
4,2018,Lucknow Super Giants,Nikhil Reddy,18,9,1,0,False
4,2018,Lucknow Super Giants,Rohan Pillai,0,10,0,0,True
4,2018,Lucknow Super Giants,Varun Bhatt,58,36,5,2,True
5,2018,Mumbai Indians,Rohit Sharma,59,38,6,2,True
5,2018,Mumbai Indians,Suryakumar Yadav,31,17,1,1,False
5,2018,Mumbai Indians,Ishan Kishan,44,31,3,2,True
5,2018,Mumbai Indians,Tilak Varma,39,31,3,1,True
5,2018,Mumbai Indians,Dev Rao,21,26,1,0,False
5,2018,Mumbai Indians,Karan Kapoor,8,2,0,0,True
5,2018,Mumbai Indians,Varun Nair,21,30,1,0,False
5,2018,Kolkata Knight Riders,Shreyas Iyer,54,27,3,2,True
5,2018,Kolkata Knight Riders,Andre Russell,30,29,2,1,True
5,2018,Kolkata Knight Riders,Sunil Narine,25,27,1,0,True
5,2018,Kolkata Knight Riders,Rinku Singh,20,12,2,0,True
5,2018,Kolkata Knight Riders,Venkatesh Iyer,43,24,3,1,True
5,2018,Kolkata Knight Riders,Anand Nair,39,18,2,1,True
5,2018,Kolkata Knight Riders,Dev Kulkarni,33,22,3,0,True
5,2018,Kolkata Knight Riders,Arjun Kapoor,57,42,6,2,True
6,2018,Chennai Super Kings,MS Dhoni,36,25,2,1,True
6,2018,Chennai Super Kings,Ravindra Jadeja,14,2,0,0,True
6,2018,Chennai Super Kings,Ruturaj Gaikwad,42,33,3,1,True
6,2018,Chennai Super Kings,Shivam Dube,28,19,2,1,True
6,2018,Chennai Super Kings,Moeen Ali,10,15,0,0,True
6,2018,Chennai Super Kings,Kabir Pillai,4,19,0,0,True
6,2018,Chennai Super Kings,Varun Saxena,13,9,0,0,True
6,2018,Chennai Super Kings,Pranav Bhatt,14,14,1,0,False
6,2018,Rajasthan Royals,Sanju Samson,68,38,6,2,True
6,2018,Rajasthan Royals,Yashasvi Jaiswal,32,33,2,1,True
6,2018,Rajasthan Royals,Jos Buttler,0,10,0,0,True
6,2018,Rajasthan Royals,Riyan Parag,13,17,0,0,False
6,2018,Rajasthan Royals,Dhruv Jurel,35,19,3,1,False
6,2018,Rajasthan Royals,Kabir Ghosh,43,31,3,1,True
6,2018,Rajasthan Royals,Yash Suresh,17,17,1,0,True
6,2018,Rajasthan Royals,Rahul Mehta,34,26,2,1,True
7,2018,Punjab Kings,Shikhar Dhawan,22,27,2,0,False
7,2018,Punjab Kings,Liam Livingstone,19,11,1,0,False
7,2018,Punjab Kings,Sam Curran,13,19,0,0,False
7,2018,Punjab Kings,Jitesh Sharma,24,25,1,1,False
7,2018,Punjab Kings,Prabhsimran Singh,14,23,0,0,False
7,2018,Punjab Kings,Ajay Joshi,40,26,4,1,True
7,2018,Punjab Kings,Varun Menon,8,1,0,0,True
7,2018,Punjab Kings,Deepak Chauhan,6,9,0,0,True
7,2018,Gujarat Titans,Shubman Gill,33,25,3,0,True
7,2018,Gujarat Titans,Sai Sudharsan,22,9,1,0,False
7,2018,Gujarat Titans,David Miller,24,19,1,0,False
7,2018,Gujarat Titans,Rahul Tewatia,30,23,2,0,True
7,2018,Gujarat Titans,Harsh Rao,43,23,4,1,False
7,2018,Gujarat Titans,Karan Chatterjee,64,39,4,2,False
7,2018,Gujarat Titans,Sameer Malhotra,41,23,4,1,False
7,2018,Gujarat Titans,Sameer Dubey,26,21,2,0,True
8,2018,Kolkata Knight Riders,Shreyas Iyer,27,32,2,1,False
8,2018,Kolkata Knight Riders,Andre Russell,3,5,0,0,True
8,2018,Kolkata Knight Riders,Sunil Narine,8,6,0,0,True
8,2018,Kolkata Knight Riders,Rinku Singh,33,18,3,1,True
8,2018,Kolkata Knight Riders,Venkatesh Iyer,23,24,2,1,True
8,2018,Kolkata Knight Riders,Anand Nair,39,29,2,1,False
8,2018,Kolkata Knight Riders,Dev Kulkarni,39,34,3,1,True
8,2018,Kolkata Knight Riders,Arjun Kapoor,27,22,2,0,True
8,2018,Lucknow Super Giants,Nicholas Pooran,5,9,0,0,True
8,2018,Lucknow Super Giants,Ayush Badoni,35,28,3,0,False
8,2018,Lucknow Super Giants,Marcus Stoinis,13,13,1,0,True
8,2018,Lucknow Super Giants,Quinton de Kock,63,34,5,2,True
8,2018,Lucknow Super Giants,Nikhil Ghosh,2,6,0,0,True
8,2018,Lucknow Super Giants,Nikhil Reddy,0,5,0,0,False
8,2018,Lucknow Super Giants,Rohan Pillai,7,13,0,0,False
8,2018,Lucknow Super Giants,Varun Bhatt,3,9,0,0,True
9,2018,Royal Challengers Bengaluru,Virat Kohli,94,35,7,3,False
9,2018,Royal Challengers Bengaluru,Faf du Plessis,41,29,3,1,True
9,2018,Royal Challengers Bengaluru,Glenn Maxwell,23,12,2,0,True
9,2018,Royal Challengers Bengaluru,Rajat Patidar,22,23,1,0,True
9,2018,Royal Challengers Bengaluru,Cameron Green,26,15,2,0,False
9,2018,Royal Challengers Bengaluru,Vivek Chauhan,34,27,2,0,False
9,2018,Royal Challengers Bengaluru,Sameer Iyer,34,26,3,1,True
9,2018,Royal Challengers Bengaluru,Abhishek Suresh,34,32,3,1,True
9,2018,Gujarat Titans,Shubman Gill,62,30,4,1,True
9,2018,Gujarat Titans,Sai Sudharsan,8,18,0,0,False
9,2018,Gujarat Titans,David Miller,18,7,1,0,True
9,2018,Gujarat Titans,Rahul Tewatia,6,15,0,0,False
9,2018,Gujarat Titans,Harsh Rao,31,17,1,1,False
9,2018,Gujarat Titans,Karan Chatterjee,27,23,2,1,True
9,2018,Gujarat Titans,Sameer Malhotra,30,28,2,1,True
9,2018,Gujarat Titans,Sameer Dubey,12,20,1,0,True
10,2018,Chennai Super Kings,MS Dhoni,27,21,2,0,True
10,2018,Chennai Super Kings,Ruturaj Gaikwad,45,25,3,2,True
10,2018,Chennai Super Kings,Shivam Dube,15,15,1,0,True
10,2018,Chennai Super Kings,Moeen Ali,10,4,0,0,False
10,2018,Chennai Super Kings,Kabir Pillai,37,27,4,1,True
10,2018,Chennai Super Kings,Varun Saxena,25,16,1,1,True
10,2018,Chennai Super Kings,Pranav Bhatt,14,6,1,0,True
10,2018,Delhi Capitals,Rishabh Pant,39,23,3,1,True
10,2018,Delhi Capitals,Axar Patel,23,22,1,0,False
10,2018,Delhi Capitals,Mitchell Marsh,0,3,0,0,False
10,2018,Delhi Capitals,Tristan Stubbs,23,18,1,0,True
10,2018,Delhi Capitals,Abishek Porel,40,33,3,1,True
10,2018,Delhi Capitals,Manish Trivedi,8,15,0,0,False
10,2018,Delhi Capitals,Sameer Nair,8,12,0,0,False
10,2018,Delhi Capitals,Kabir Bose,29,23,2,1,True
11,2018,Kolkata Knight Riders,Shreyas Iyer,35,37,2,1,True
11,2018,Kolkata Knight Riders,Andre Russell,41,27,3,1,True
11,2018,Kolkata Knight Riders,Sunil Narine,34,20,2,1,True
11,2018,Kolkata Knight Riders,Rinku Singh,49,23,4,1,False
11,2018,Kolkata Knight Riders,Venkatesh Iyer,29,18,3,1,True
11,2018,Kolkata Knight Riders,Anand Nair,40,25,3,1,False
11,2018,Kolkata Knight Riders,Dev Kulkarni,65,50,4,2,False
11,2018,Kolkata Knight Riders,Arjun Kapoor,25,19,2,0,False
11,2018,Sunrisers Hyderabad,Heinrich Klaasen,39,25,3,1,True
11,2018,Sunrisers Hyderabad,Abhishek Sharma,31,18,2,1,True
11,2018,Sunrisers Hyderabad,Travis Head,45,51,3,1,True
11,2018,Sunrisers Hyderabad,Nitish Kumar Reddy,19,15,1,0,True
11,2018,Sunrisers Hyderabad,Aman Pillai,47,24,4,1,False
11,2018,Sunrisers Hyderabad,Dev Malhotra,5,5,0,0,True
11,2018,Sunrisers Hyderabad,Anand Thakur,26,30,1,0,True
11,2018,Sunrisers Hyderabad,Karthik Verma,26,21,2,0,False
12,2018,Chennai Super Kings,MS Dhoni,39,35,3,1,True
12,2018,Chennai Super Kings,Ravindra Jadeja,10,6,0,0,False
12,2018,Chennai Super Kings,Ruturaj Gaikwad,19,15,1,0,True
12,2018,Chennai Super Kings,Shivam Dube,11,15,0,0,True
12,2018,Chennai Super Kings,Moeen Ali,12,27,0,0,True
12,2018,Chennai Super Kings,Kabir Pillai,4,3,0,0,True
12,2018,Chennai Super Kings,Varun Saxena,58,27,5,1,True
12,2018,Chennai Super Kings,Pranav Bhatt,42,29,4,1,False
12,2018,Gujarat Titans,Shubman Gill,16,15,1,0,True
12,2018,Gujarat Titans,Sai Sudharsan,23,19,1,0,False
12,2018,Gujarat Titans,David Miller,41,26,3,1,True
12,2018,Gujarat Titans,Rahul Tewatia,30,21,2,1,True
12,2018,Gujarat Titans,Harsh Rao,55,35,4,1,False
12,2018,Gujarat Titans,Karan Chatterjee,60,38,6,1,True
12,2018,Gujarat Titans,Sameer Malhotra,29,23,3,0,False
12,2018,Gujarat Titans,Sameer Dubey,49,31,3,1,True
13,2018,Delhi Capitals,Rishabh Pant,1,6,0,0,True
13,2018,Delhi Capitals,Axar Patel,12,11,1,0,False
13,2018,Delhi Capitals,Mitchell Marsh,11,9,0,0,True
13,2018,Delhi Capitals,Tristan Stubbs,9,14,0,0,True
13,2018,Delhi Capitals,Abishek Porel,23,15,2,0,True
13,2018,Delhi Capitals,Manish Trivedi,48,38,3,1,False
13,2018,Delhi Capitals,Sameer Nair,27,23,2,1,True
13,2018,Delhi Capitals,Kabir Bose,15,20,1,0,False
13,2018,Gujarat Titans,Shubman Gill,27,24,1,1,True
13,2018,Gujarat Titans,Sai Sudharsan,30,19,3,0,True
13,2018,Gujarat Titans,David Miller,29,28,2,1,True
13,2018,Gujarat Titans,Harsh Rao,0,4,0,0,True
13,2018,Gujarat Titans,Karan Chatterjee,29,15,2,1,False
13,2018,Gujarat Titans,Sameer Malhotra,31,19,3,1,True
13,2018,Gujarat Titans,Sameer Dubey,35,25,3,1,False
14,2018,Kolkata Knight Riders,Shreyas Iyer,61,42,5,2,True
14,2018,Kolkata Knight Riders,Andre Russell,44,29,4,1,True
14,2018,Kolkata Knight Riders,Sunil Narine,0,9,0,0,False
14,2018,Kolkata Knight Riders,Rinku Singh,41,27,4,1,True
14,2018,Kolkata Knight Riders,Venkatesh Iyer,42,38,3,1,False
14,2018,Kolkata Knight Riders,Anand Nair,0,2,0,0,False
14,2018,Kolkata Knight Riders,Dev Kulkarni,54,38,5,1,False
14,2018,Kolkata Knight Riders,Arjun Kapoor,21,13,1,0,True
14,2018,Gujarat Titans,Shubman Gill,49,29,4,1,True
14,2018,Gujarat Titans,Sai Sudharsan,31,13,2,1,False
14,2018,Gujarat Titans,David Miller,45,26,4,1,False
14,2018,Gujarat Titans,Rahul Tewatia,45,24,3,2,False
14,2018,Gujarat Titans,Harsh Rao,26,15,2,0,True
14,2018,Gujarat Titans,Karan Chatterjee,50,37,3,1,False
14,2018,Gujarat Titans,Sameer Malhotra,21,21,1,0,True
14,2018,Gujarat Titans,Sameer Dubey,13,19,1,0,False
15,2018,Mumbai Indians,Rohit Sharma,22,19,2,0,True
15,2018,Mumbai Indians,Suryakumar Yadav,45,30,3,1,True
15,2018,Mumbai Indians,Hardik Pandya,33,33,3,0,False
15,2018,Mumbai Indians,Ishan Kishan,28,33,2,1,True
15,2018,Mumbai Indians,Tilak Varma,24,36,1,1,False
15,2018,Mumbai Indians,Dev Rao,51,31,4,2,False
15,2018,Mumbai Indians,Karan Kapoor,41,31,4,1,True
15,2018,Mumbai Indians,Varun Nair,19,22,1,0,True
15,2018,Rajasthan Royals,Sanju Samson,23,22,2,0,True
15,2018,Rajasthan Royals,Yashasvi Jaiswal,38,33,3,1,True
15,2018,Rajasthan Royals,Jos Buttler,14,17,1,0,True
15,2018,Rajasthan Royals,Riyan Parag,20,6,1,0,True
15,2018,Rajasthan Royals,Dhruv Jurel,36,13,3,0,True
15,2018,Rajasthan Royals,Kabir Ghosh,23,15,2,0,True
15,2018,Rajasthan Royals,Yash Suresh,34,21,2,1,True
15,2018,Rajasthan Royals,Rahul Mehta,42,34,3,1,True
16,2018,Rajasthan Royals,Sanju Samson,25,24,1,0,True
16,2018,Rajasthan Royals,Yashasvi Jaiswal,18,17,1,0,True
16,2018,Rajasthan Royals,Jos Buttler,18,8,1,0,True
16,2018,Rajasthan Royals,Riyan Parag,27,24,1,1,True
16,2018,Rajasthan Royals,Dhruv Jurel,3,6,0,0,True
16,2018,Rajasthan Royals,Kabir Ghosh,41,28,2,2,True
16,2018,Rajasthan Royals,Yash Suresh,37,21,4,1,True
16,2018,Rajasthan Royals,Rahul Mehta,27,17,2,0,True
16,2018,Gujarat Titans,Shubman Gill,45,37,5,1,True
16,2018,Gujarat Titans,Sai Sudharsan,11,20,1,0,True
16,2018,Gujarat Titans,David Miller,17,12,1,0,True
16,2018,Gujarat Titans,Harsh Rao,3,16,0,0,True
16,2018,Gujarat Titans,Karan Chatterjee,24,18,2,0,False
16,2018,Gujarat Titans,Sameer Malhotra,48,34,4,1,False
16,2018,Gujarat Titans,Sameer Dubey,27,20,1,0,False
17,2018,Kolkata Knight Riders,Shreyas Iyer,35,19,2,1,True
17,2018,Kolkata Knight Riders,Andre Russell,35,16,2,1,False
17,2018,Kolkata Knight Riders,Sunil Narine,6,6,0,0,True
17,2018,Kolkata Knight Riders,Rinku Singh,39,28,4,1,True
17,2018,Kolkata Knight Riders,Venkatesh Iyer,25,21,1,1,True
17,2018,Kolkata Knight Riders,Anand Nair,65,43,6,2,False
17,2018,Kolkata Knight Riders,Dev Kulkarni,27,24,2,1,True
17,2018,Kolkata Knight Riders,Arjun Kapoor,34,22,3,1,True
17,2018,Rajasthan Royals,Sanju Samson,64,37,4,2,True
17,2018,Rajasthan Royals,Yashasvi Jaiswal,71,39,6,2,True
17,2018,Rajasthan Royals,Jos Buttler,66,46,7,2,False
17,2018,Rajasthan Royals,Riyan Parag,0,2,0,0,True
17,2018,Rajasthan Royals,Dhruv Jurel,51,30,5,2,True
17,2018,Rajasthan Royals,Kabir Ghosh,29,17,3,1,False
17,2018,Rajasthan Royals,Yash Suresh,14,2,0,0,True
17,2018,Rajasthan Royals,Rahul Mehta,23,23,2,1,True
18,2018,Delhi Capitals,Rishabh Pant,14,6,1,0,True
18,2018,Delhi Capitals,Axar Patel,20,12,2,0,True
18,2018,Delhi Capitals,Mitchell Marsh,37,27,2,1,True
18,2018,Delhi Capitals,Tristan Stubbs,14,12,1,0,True
18,2018,Delhi Capitals,Abishek Porel,35,18,2,1,False
18,2018,Delhi Capitals,Manish Trivedi,19,24,1,0,False
18,2018,Delhi Capitals,Sameer Nair,49,31,3,1,True
18,2018,Delhi Capitals,Kabir Bose,15,10,1,0,True
18,2018,Lucknow Super Giants,Nicholas Pooran,40,28,4,1,False
18,2018,Lucknow Super Giants,Ayush Badoni,16,16,1,0,True
18,2018,Lucknow Super Giants,Marcus Stoinis,56,28,3,2,True
18,2018,Lucknow Super Giants,Quinton de Kock,26,21,1,1,False
18,2018,Lucknow Super Giants,Nikhil Ghosh,51,35,4,1,True
18,2018,Lucknow Super Giants,Nikhil Reddy,34,11,3,0,True
18,2018,Lucknow Super Giants,Rohan Pillai,29,17,2,0,False
18,2018,Lucknow Super Giants,Varun Bhatt,9,14,0,0,True
19,2018,Gujarat Titans,Shubman Gill,81,45,8,3,True
19,2018,Gujarat Titans,Sai Sudharsan,23,25,1,1,True
19,2018,Gujarat Titans,David Miller,27,29,2,0,False
19,2018,Gujarat Titans,Rahul Tewatia,27,13,2,0,False
19,2018,Gujarat Titans,Harsh Rao,42,34,2,1,True
19,2018,Gujarat Titans,Karan Chatterjee,22,14,1,1,True
19,2018,Gujarat Titans,Sameer Malhotra,10,9,0,0,True
19,2018,Gujarat Titans,Sameer Dubey,18,14,1,0,True
19,2018,Lucknow Super Giants,Nicholas Pooran,3,18,0,0,False
19,2018,Lucknow Super Giants,Ayush Badoni,42,34,2,1,True
19,2018,Lucknow Super Giants,Marcus Stoinis,18,27,1,0,True
19,2018,Lucknow Super Giants,Quinton de Kock,21,17,1,0,True
19,2018,Lucknow Super Giants,Nikhil Ghosh,13,13,0,0,False
19,2018,Lucknow Super Giants,Nikhil Reddy,21,12,1,0,True
19,2018,Lucknow Super Giants,Rohan Pillai,48,23,3,2,False
19,2018,Lucknow Super Giants,Varun Bhatt,33,28,2,1,True
20,2018,Punjab Kings,Shikhar Dhawan,21,18,1,0,True
20,2018,Punjab Kings,Liam Livingstone,1,8,0,0,True
20,2018,Punjab Kings,Sam Curran,12,19,1,0,True
20,2018,Punjab Kings,Jitesh Sharma,22,17,2,1,True
20,2018,Punjab Kings,Prabhsimran Singh,39,26,2,1,False
20,2018,Punjab Kings,Ajay Joshi,14,18,1,0,True
20,2018,Punjab Kings,Varun Menon,15,7,1,0,False
20,2018,Punjab Kings,Deepak Chauhan,32,18,2,1,False
20,2018,Rajasthan Royals,Sanju Samson,28,10,2,1,True
20,2018,Rajasthan Royals,Yashasvi Jaiswal,3,22,0,0,True
20,2018,Rajasthan Royals,Jos Buttler,40,24,3,1,True
20,2018,Rajasthan Royals,Riyan Parag,17,16,1,0,True
20,2018,Rajasthan Royals,Dhruv Jurel,54,28,6,2,False
20,2018,Rajasthan Royals,Kabir Ghosh,30,24,2,1,True
20,2018,Rajasthan Royals,Yash Suresh,73,42,6,2,True
20,2018,Rajasthan Royals,Rahul Mehta,33,20,2,0,True
21,2018,Mumbai Indians,Rohit Sharma,28,21,2,1,False
21,2018,Mumbai Indians,Suryakumar Yadav,40,25,3,1,True
21,2018,Mumbai Indians,Hardik Pandya,19,23,2,0,False
21,2018,Mumbai Indians,Ishan Kishan,37,26,2,1,True
21,2018,Mumbai Indians,Tilak Varma,19,16,1,0,True
21,2018,Mumbai Indians,Dev Rao,10,21,1,0,True
21,2018,Mumbai Indians,Karan Kapoor,54,36,5,2,True
21,2018,Mumbai Indians,Varun Nair,32,26,2,1,True
21,2018,Sunrisers Hyderabad,Heinrich Klaasen,37,20,4,1,True
21,2018,Sunrisers Hyderabad,Abhishek Sharma,24,15,1,1,True
21,2018,Sunrisers Hyderabad,Travis Head,34,21,2,0,False
21,2018,Sunrisers Hyderabad,Nitish Kumar Reddy,17,5,1,0,True
21,2018,Sunrisers Hyderabad,Aman Pillai,39,22,2,1,True
21,2018,Sunrisers Hyderabad,Dev Malhotra,11,22,1,0,True
21,2018,Sunrisers Hyderabad,Anand Thakur,31,10,2,1,True
21,2018,Sunrisers Hyderabad,Karthik Verma,50,43,3,2,False
22,2018,Chennai Super Kings,MS Dhoni,20,21,2,0,False
22,2018,Chennai Super Kings,Ravindra Jadeja,2,2,0,0,True
22,2018,Chennai Super Kings,Ruturaj Gaikwad,57,37,4,2,False
22,2018,Chennai Super Kings,Shivam Dube,43,26,4,1,True
22,2018,Chennai Super Kings,Moeen Ali,10,8,0,0,True
22,2018,Chennai Super Kings,Kabir Pillai,21,21,1,0,True
22,2018,Chennai Super Kings,Varun Saxena,45,28,5,1,True
22,2018,Chennai Super Kings,Pranav Bhatt,4,7,0,0,True
22,2018,Sunrisers Hyderabad,Heinrich Klaasen,21,24,2,0,False
22,2018,Sunrisers Hyderabad,Abhishek Sharma,85,49,8,4,True
22,2018,Sunrisers Hyderabad,Travis Head,37,36,3,1,False
22,2018,Sunrisers Hyderabad,Nitish Kumar Reddy,13,17,0,0,True
22,2018,Sunrisers Hyderabad,Aman Pillai,22,16,2,0,True
22,2018,Sunrisers Hyderabad,Dev Malhotra,22,21,1,0,True
22,2018,Sunrisers Hyderabad,Anand Thakur,38,27,4,1,True
22,2018,Sunrisers Hyderabad,Karthik Verma,37,22,3,1,True
23,2018,Rajasthan Royals,Sanju Samson,20,14,1,0,True
23,2018,Rajasthan Royals,Yashasvi Jaiswal,15,4,1,0,True
23,2018,Rajasthan Royals,Jos Buttler,35,23,2,1,False
23,2018,Rajasthan Royals,Riyan Parag,24,25,2,1,False
23,2018,Rajasthan Royals,Dhruv Jurel,22,22,1,0,False
23,2018,Rajasthan Royals,Yash Suresh,19,15,1,0,False
23,2018,Rajasthan Royals,Rahul Mehta,32,18,3,1,True
23,2018,Sunrisers Hyderabad,Heinrich Klaasen,57,39,6,1,True
23,2018,Sunrisers Hyderabad,Abhishek Sharma,32,20,3,1,True
23,2018,Sunrisers Hyderabad,Travis Head,21,13,1,0,True
23,2018,Sunrisers Hyderabad,Nitish Kumar Reddy,27,23,2,1,True
23,2018,Sunrisers Hyderabad,Aman Pillai,35,20,2,1,True
23,2018,Sunrisers Hyderabad,Dev Malhotra,42,32,3,1,True
23,2018,Sunrisers Hyderabad,Anand Thakur,14,24,1,0,True
23,2018,Sunrisers Hyderabad,Karthik Verma,6,11,0,0,False
24,2018,Royal Challengers Bengaluru,Virat Kohli,71,39,4,2,False
24,2018,Royal Challengers Bengaluru,Faf du Plessis,38,25,2,1,True
24,2018,Royal Challengers Bengaluru,Glenn Maxwell,33,18,3,1,True
24,2018,Royal Challengers Bengaluru,Rajat Patidar,20,12,2,0,True
24,2018,Royal Challengers Bengaluru,Cameron Green,42,29,3,1,True
24,2018,Royal Challengers Bengaluru,Vivek Chauhan,32,15,2,1,True
24,2018,Royal Challengers Bengaluru,Sameer Iyer,23,22,1,0,True
24,2018,Royal Challengers Bengaluru,Abhishek Suresh,15,23,1,0,True
24,2018,Punjab Kings,Shikhar Dhawan,62,36,6,2,False
24,2018,Punjab Kings,Liam Livingstone,4,8,0,0,False
24,2018,Punjab Kings,Sam Curran,28,20,2,0,True
24,2018,Punjab Kings,Jitesh Sharma,47,30,3,1,True
24,2018,Punjab Kings,Prabhsimran Singh,9,15,0,0,True
24,2018,Punjab Kings,Ajay Joshi,27,26,2,0,True
24,2018,Punjab Kings,Varun Menon,31,28,2,0,True
24,2018,Punjab Kings,Deepak Chauhan,58,26,6,1,True
25,2018,Kolkata Knight Riders,Shreyas Iyer,27,17,2,1,True
25,2018,Kolkata Knight Riders,Andre Russell,35,25,3,0,True
25,2018,Kolkata Knight Riders,Sunil Narine,18,11,1,0,True
25,2018,Kolkata Knight Riders,Rinku Singh,0,1,0,0,False
25,2018,Kolkata Knight Riders,Venkatesh Iyer,3,9,0,0,True
25,2018,Kolkata Knight Riders,Anand Nair,40,32,3,1,True
25,2018,Kolkata Knight Riders,Dev Kulkarni,13,6,0,0,True
25,2018,Kolkata Knight Riders,Arjun Kapoor,1,11,0,0,True
25,2018,Punjab Kings,Shikhar Dhawan,32,21,2,0,True
25,2018,Punjab Kings,Liam Livingstone,31,25,3,1,True
25,2018,Punjab Kings,Sam Curran,32,23,3,1,True
25,2018,Punjab Kings,Jitesh Sharma,34,33,3,0,False
25,2018,Punjab Kings,Prabhsimran Singh,38,26,3,1,True
25,2018,Punjab Kings,Ajay Joshi,14,13,1,0,False
25,2018,Punjab Kings,Varun Menon,19,11,1,0,True
25,2018,Punjab Kings,Deepak Chauhan,77,57,8,2,True
26,2018,Mumbai Indians,Rohit Sharma,43,29,4,1,True
26,2018,Mumbai Indians,Suryakumar Yadav,0,2,0,0,False
26,2018,Mumbai Indians,Hardik Pandya,40,31,3,1,False
26,2018,Mumbai Indians,Ishan Kishan,36,23,2,1,True
26,2018,Mumbai Indians,Tilak Varma,62,37,6,2,False
26,2018,Mumbai Indians,Dev Rao,36,23,2,1,True
26,2018,Mumbai Indians,Karan Kapoor,58,42,3,2,True
26,2018,Mumbai Indians,Varun Nair,55,32,3,1,True
26,2018,Punjab Kings,Shikhar Dhawan,32,29,3,1,False
26,2018,Punjab Kings,Liam Livingstone,27,17,1,0,True
26,2018,Punjab Kings,Sam Curran,4,13,0,0,True
26,2018,Punjab Kings,Jitesh Sharma,53,34,5,2,False
26,2018,Punjab Kings,Prabhsimran Singh,15,14,1,0,True
26,2018,Punjab Kings,Ajay Joshi,34,34,3,0,False
26,2018,Punjab Kings,Varun Menon,32,21,2,1,True
26,2018,Punjab Kings,Deepak Chauhan,37,37,2,1,False
27,2018,Kolkata Knight Riders,Shreyas Iyer,26,11,2,0,True
27,2018,Kolkata Knight Riders,Andre Russell,15,13,1,0,True
27,2018,Kolkata Knight Riders,Sunil Narine,18,13,1,0,True
27,2018,Kolkata Knight Riders,Rinku Singh,27,28,1,1,True
27,2018,Kolkata Knight Riders,Venkatesh Iyer,12,10,0,0,True
27,2018,Kolkata Knight Riders,Anand Nair,28,26,3,0,False
27,2018,Kolkata Knight Riders,Dev Kulkarni,33,21,2,1,True
27,2018,Kolkata Knight Riders,Arjun Kapoor,44,41,3,1,False
27,2018,Delhi Capitals,Rishabh Pant,19,10,1,0,True
27,2018,Delhi Capitals,Axar Patel,22,14,2,0,True
27,2018,Delhi Capitals,Mitchell Marsh,26,30,2,1,True
27,2018,Delhi Capitals,Tristan Stubbs,10,18,0,0,True
27,2018,Delhi Capitals,Abishek Porel,60,38,5,2,False
27,2018,Delhi Capitals,Manish Trivedi,8,6,0,0,False
27,2018,Delhi Capitals,Sameer Nair,24,14,2,1,False
27,2018,Delhi Capitals,Kabir Bose,27,31,2,1,False
28,2018,Chennai Super Kings,MS Dhoni,42,32,4,1,False
28,2018,Chennai Super Kings,Ravindra Jadeja,28,21,3,1,False
28,2018,Chennai Super Kings,Ruturaj Gaikwad,18,16,1,0,False
28,2018,Chennai Super Kings,Shivam Dube,1,8,0,0,False
28,2018,Chennai Super Kings,Kabir Pillai,19,25,2,0,True
28,2018,Chennai Super Kings,Varun Saxena,32,16,3,1,True
28,2018,Chennai Super Kings,Pranav Bhatt,29,15,2,1,True
28,2018,Lucknow Super Giants,Nicholas Pooran,38,31,2,1,False
28,2018,Lucknow Super Giants,Ayush Badoni,15,12,1,0,True
28,2018,Lucknow Super Giants,Marcus Stoinis,15,15,1,0,True
28,2018,Lucknow Super Giants,Quinton de Kock,42,41,3,1,True
28,2018,Lucknow Super Giants,Nikhil Ghosh,17,6,1,0,False
28,2018,Lucknow Super Giants,Nikhil Reddy,9,23,0,0,True
28,2018,Lucknow Super Giants,Rohan Pillai,27,27,2,0,True
28,2018,Lucknow Super Giants,Varun Bhatt,43,26,3,2,True
29,2018,Punjab Kings,Shikhar Dhawan,38,28,3,1,True
29,2018,Punjab Kings,Liam Livingstone,33,13,2,1,False
29,2018,Punjab Kings,Sam Curran,18,34,1,0,True
29,2018,Punjab Kings,Jitesh Sharma,36,22,2,1,True
29,2018,Punjab Kings,Prabhsimran Singh,29,31,2,1,True
29,2018,Punjab Kings,Ajay Joshi,5,11,0,0,True
29,2018,Punjab Kings,Varun Menon,13,11,1,0,True
29,2018,Punjab Kings,Deepak Chauhan,13,15,0,0,True
29,2018,Sunrisers Hyderabad,Heinrich Klaasen,43,33,3,1,True
29,2018,Sunrisers Hyderabad,Abhishek Sharma,21,24,1,0,True
29,2018,Sunrisers Hyderabad,Travis Head,36,16,3,1,False
29,2018,Sunrisers Hyderabad,Nitish Kumar Reddy,4,10,0,0,True
29,2018,Sunrisers Hyderabad,Aman Pillai,50,31,3,1,False
29,2018,Sunrisers Hyderabad,Dev Malhotra,24,24,1,0,False
29,2018,Sunrisers Hyderabad,Anand Thakur,5,8,0,0,True
29,2018,Sunrisers Hyderabad,Karthik Verma,22,15,1,0,True
30,2018,Royal Challengers Bengaluru,Virat Kohli,115,42,7,3,True
30,2018,Royal Challengers Bengaluru,Faf du Plessis,48,32,3,2,True
30,2018,Royal Challengers Bengaluru,Glenn Maxwell,21,19,2,0,True
30,2018,Royal Challengers Bengaluru,Rajat Patidar,53,26,4,2,False
30,2018,Royal Challengers Bengaluru,Cameron Green,6,3,0,0,True
30,2018,Royal Challengers Bengaluru,Vivek Chauhan,43,29,3,1,True
30,2018,Royal Challengers Bengaluru,Sameer Iyer,39,23,3,1,False
30,2018,Royal Challengers Bengaluru,Abhishek Suresh,7,7,0,0,True
30,2018,Kolkata Knight Riders,Andre Russell,42,25,3,1,False
30,2018,Kolkata Knight Riders,Sunil Narine,24,22,1,0,True
30,2018,Kolkata Knight Riders,Rinku Singh,31,23,2,1,True
30,2018,Kolkata Knight Riders,Venkatesh Iyer,16,12,1,0,True
30,2018,Kolkata Knight Riders,Anand Nair,37,25,3,1,False
30,2018,Kolkata Knight Riders,Dev Kulkarni,33,18,2,1,True
30,2018,Kolkata Knight Riders,Arjun Kapoor,33,18,2,1,True
31,2018,Mumbai Indians,Rohit Sharma,27,28,2,0,True
31,2018,Mumbai Indians,Suryakumar Yadav,36,27,3,1,True
31,2018,Mumbai Indians,Hardik Pandya,15,23,1,0,True
31,2018,Mumbai Indians,Ishan Kishan,48,29,5,2,False
31,2018,Mumbai Indians,Tilak Varma,48,23,4,1,True
31,2018,Mumbai Indians,Dev Rao,9,12,0,0,True
31,2018,Mumbai Indians,Karan Kapoor,34,35,3,1,True
31,2018,Mumbai Indians,Varun Nair,22,14,1,1,True
31,2018,Chennai Super Kings,MS Dhoni,61,35,4,2,True
31,2018,Chennai Super Kings,Ravindra Jadeja,47,35,4,1,True
31,2018,Chennai Super Kings,Ruturaj Gaikwad,37,30,2,1,False
31,2018,Chennai Super Kings,Shivam Dube,38,16,2,1,True
31,2018,Chennai Super Kings,Moeen Ali,33,29,3,1,True
31,2018,Chennai Super Kings,Kabir Pillai,27,24,1,1,True
31,2018,Chennai Super Kings,Varun Saxena,26,25,2,0,False
31,2018,Chennai Super Kings,Pranav Bhatt,18,14,1,0,False
32,2018,Punjab Kings,Shikhar Dhawan,10,11,1,0,False
32,2018,Punjab Kings,Liam Livingstone,9,13,0,0,True
32,2018,Punjab Kings,Sam Curran,53,29,3,1,True
32,2018,Punjab Kings,Jitesh Sharma,22,30,2,0,True
32,2018,Punjab Kings,Prabhsimran Singh,9,27,0,0,True
32,2018,Punjab Kings,Ajay Joshi,24,12,1,0,True
32,2018,Punjab Kings,Varun Menon,13,10,1,0,True
32,2018,Punjab Kings,Deepak Chauhan,32,23,3,0,True
32,2018,Lucknow Super Giants,Nicholas Pooran,31,26,2,0,True
32,2018,Lucknow Super Giants,Ayush Badoni,35,22,2,1,True
32,2018,Lucknow Super Giants,Marcus Stoinis,21,18,1,0,True
32,2018,Lucknow Super Giants,Quinton de Kock,41,21,2,1,True
32,2018,Lucknow Super Giants,Nikhil Ghosh,57,38,4,1,True
32,2018,Lucknow Super Giants,Nikhil Reddy,41,15,3,1,True
32,2018,Lucknow Super Giants,Rohan Pillai,51,34,3,1,True
32,2018,Lucknow Super Giants,Varun Bhatt,29,19,2,1,True
33,2018,Delhi Capitals,Rishabh Pant,0,2,0,0,True
33,2018,Delhi Capitals,Axar Patel,1,11,0,0,True
33,2018,Delhi Capitals,Mitchell Marsh,13,17,0,0,True
33,2018,Delhi Capitals,Tristan Stubbs,31,37,2,0,True
33,2018,Delhi Capitals,Abishek Porel,61,53,5,1,True
33,2018,Delhi Capitals,Manish Trivedi,28,24,1,1,True
33,2018,Delhi Capitals,Sameer Nair,57,37,6,1,True
33,2018,Delhi Capitals,Kabir Bose,23,25,1,0,False
33,2018,Rajasthan Royals,Sanju Samson,6,8,0,0,True
33,2018,Rajasthan Royals,Yashasvi Jaiswal,25,17,1,0,False
33,2018,Rajasthan Royals,Jos Buttler,54,32,5,2,True
33,2018,Rajasthan Royals,Riyan Parag,40,28,3,1,False
33,2018,Rajasthan Royals,Dhruv Jurel,28,32,2,1,True
33,2018,Rajasthan Royals,Kabir Ghosh,13,14,1,0,True
33,2018,Rajasthan Royals,Yash Suresh,55,31,3,2,True
33,2018,Rajasthan Royals,Rahul Mehta,39,33,2,1,True
34,2018,Mumbai Indians,Rohit Sharma,35,29,3,1,True
34,2018,Mumbai Indians,Suryakumar Yadav,66,38,5,2,True
34,2018,Mumbai Indians,Hardik Pandya,13,8,0,0,False
34,2018,Mumbai Indians,Ishan Kishan,33,30,2,1,True
34,2018,Mumbai Indians,Tilak Varma,19,16,1,0,True
34,2018,Mumbai Indians,Dev Rao,36,23,3,1,True
34,2018,Mumbai Indians,Karan Kapoor,45,34,4,1,False
34,2018,Mumbai Indians,Varun Nair,27,19,1,1,True
34,2018,Gujarat Titans,Shubman Gill,22,11,1,0,True
34,2018,Gujarat Titans,Sai Sudharsan,39,33,3,1,False
34,2018,Gujarat Titans,David Miller,21,19,1,0,True
34,2018,Gujarat Titans,Rahul Tewatia,30,20,3,0,False
34,2018,Gujarat Titans,Harsh Rao,41,30,2,1,True
34,2018,Gujarat Titans,Karan Chatterjee,27,23,2,1,True
34,2018,Gujarat Titans,Sameer Malhotra,35,16,2,1,True
34,2018,Gujarat Titans,Sameer Dubey,30,14,2,0,True
35,2018,Royal Challengers Bengaluru,Virat Kohli,116,43,10,5,True
35,2018,Royal Challengers Bengaluru,Faf du Plessis,29,22,3,1,True
35,2018,Royal Challengers Bengaluru,Glenn Maxwell,17,19,1,0,True
35,2018,Royal Challengers Bengaluru,Rajat Patidar,38,29,3,1,True
35,2018,Royal Challengers Bengaluru,Cameron Green,17,16,1,0,True
35,2018,Royal Challengers Bengaluru,Vivek Chauhan,61,38,6,2,True
35,2018,Royal Challengers Bengaluru,Sameer Iyer,18,19,1,0,True
35,2018,Royal Challengers Bengaluru,Abhishek Suresh,15,13,1,0,True
35,2018,Sunrisers Hyderabad,Heinrich Klaasen,48,31,4,1,True
35,2018,Sunrisers Hyderabad,Travis Head,32,21,3,0,True
35,2018,Sunrisers Hyderabad,Nitish Kumar Reddy,25,25,1,0,True
35,2018,Sunrisers Hyderabad,Aman Pillai,16,18,1,0,False
35,2018,Sunrisers Hyderabad,Dev Malhotra,24,27,1,0,True
35,2018,Sunrisers Hyderabad,Anand Thakur,45,24,3,1,True
35,2018,Sunrisers Hyderabad,Karthik Verma,21,15,2,0,True
36,2018,Sunrisers Hyderabad,Heinrich Klaasen,45,29,4,2,True
36,2018,Sunrisers Hyderabad,Abhishek Sharma,51,33,5,1,True
36,2018,Sunrisers Hyderabad,Travis Head,35,24,3,1,False
36,2018,Sunrisers Hyderabad,Nitish Kumar Reddy,32,19,2,1,False
36,2018,Sunrisers Hyderabad,Aman Pillai,11,10,1,0,True
36,2018,Sunrisers Hyderabad,Dev Malhotra,25,27,2,1,False
36,2018,Sunrisers Hyderabad,Anand Thakur,37,28,4,1,False
36,2018,Sunrisers Hyderabad,Karthik Verma,24,19,2,0,True
36,2018,Lucknow Super Giants,Nicholas Pooran,23,25,1,0,False
36,2018,Lucknow Super Giants,Marcus Stoinis,25,24,2,1,False
36,2018,Lucknow Super Giants,Quinton de Kock,23,23,1,0,True
36,2018,Lucknow Super Giants,Nikhil Ghosh,18,13,2,0,True
36,2018,Lucknow Super Giants,Nikhil Reddy,0,2,0,0,False
36,2018,Lucknow Super Giants,Rohan Pillai,32,25,2,0,False
36,2018,Lucknow Super Giants,Varun Bhatt,34,23,3,1,True
37,2018,Chennai Super Kings,MS Dhoni,0,15,0,0,False
37,2018,Chennai Super Kings,Ravindra Jadeja,16,15,1,0,True
37,2018,Chennai Super Kings,Ruturaj Gaikwad,67,31,4,2,False
37,2018,Chennai Super Kings,Shivam Dube,8,12,0,0,True
37,2018,Chennai Super Kings,Moeen Ali,8,18,0,0,True
37,2018,Chennai Super Kings,Kabir Pillai,60,34,4,1,True
37,2018,Chennai Super Kings,Varun Saxena,19,32,1,0,True
37,2018,Chennai Super Kings,Pranav Bhatt,42,21,3,1,False
37,2018,Kolkata Knight Riders,Shreyas Iyer,2,21,0,0,True
37,2018,Kolkata Knight Riders,Andre Russell,48,37,4,1,False
37,2018,Kolkata Knight Riders,Sunil Narine,34,19,2,1,True
37,2018,Kolkata Knight Riders,Rinku Singh,37,26,3,1,False
37,2018,Kolkata Knight Riders,Venkatesh Iyer,0,2,0,0,True
37,2018,Kolkata Knight Riders,Anand Nair,27,14,2,1,True
37,2018,Kolkata Knight Riders,Dev Kulkarni,42,34,3,1,True
37,2018,Kolkata Knight Riders,Arjun Kapoor,17,15,1,0,True
38,2018,Royal Challengers Bengaluru,Virat Kohli,155,54,15,7,False
38,2018,Royal Challengers Bengaluru,Faf du Plessis,50,31,5,2,False
38,2018,Royal Challengers Bengaluru,Glenn Maxwell,5,7,0,0,False
38,2018,Royal Challengers Bengaluru,Rajat Patidar,50,28,4,1,True
38,2018,Royal Challengers Bengaluru,Cameron Green,3,5,0,0,False
38,2018,Royal Challengers Bengaluru,Vivek Chauhan,43,34,4,1,False
38,2018,Royal Challengers Bengaluru,Sameer Iyer,54,27,3,1,True
38,2018,Royal Challengers Bengaluru,Abhishek Suresh,68,43,7,2,True
38,2018,Lucknow Super Giants,Nicholas Pooran,39,27,3,1,True
38,2018,Lucknow Super Giants,Ayush Badoni,42,21,3,1,True
38,2018,Lucknow Super Giants,Marcus Stoinis,53,25,3,1,True
38,2018,Lucknow Super Giants,Quinton de Kock,40,28,3,1,True
38,2018,Lucknow Super Giants,Nikhil Ghosh,47,15,4,1,True
38,2018,Lucknow Super Giants,Nikhil Reddy,29,16,1,0,False
38,2018,Lucknow Super Giants,Rohan Pillai,7,15,0,0,True
38,2018,Lucknow Super Giants,Varun Bhatt,22,25,1,0,True
39,2018,Royal Challengers Bengaluru,Virat Kohli,96,46,10,2,True
39,2018,Royal Challengers Bengaluru,Faf du Plessis,15,13,1,0,True
39,2018,Royal Challengers Bengaluru,Glenn Maxwell,33,20,3,1,False
39,2018,Royal Challengers Bengaluru,Rajat Patidar,12,13,1,0,True
39,2018,Royal Challengers Bengaluru,Cameron Green,27,25,2,1,True
39,2018,Royal Challengers Bengaluru,Vivek Chauhan,44,34,4,1,True
39,2018,Royal Challengers Bengaluru,Sameer Iyer,35,29,2,1,True
39,2018,Royal Challengers Bengaluru,Abhishek Suresh,14,1,1,0,True
39,2018,Delhi Capitals,Rishabh Pant,26,17,1,1,True
39,2018,Delhi Capitals,Axar Patel,7,17,0,0,True
39,2018,Delhi Capitals,Mitchell Marsh,16,12,1,0,True
39,2018,Delhi Capitals,Tristan Stubbs,62,43,4,2,True
39,2018,Delhi Capitals,Abishek Porel,35,34,2,1,True
39,2018,Delhi Capitals,Manish Trivedi,49,28,4,2,True
39,2018,Delhi Capitals,Sameer Nair,4,13,0,0,True
40,2018,Chennai Super Kings,MS Dhoni,39,32,3,1,True
40,2018,Chennai Super Kings,Ravindra Jadeja,38,30,3,1,False
40,2018,Chennai Super Kings,Ruturaj Gaikwad,31,30,2,1,True
40,2018,Chennai Super Kings,Shivam Dube,64,34,4,2,False
40,2018,Chennai Super Kings,Moeen Ali,0,12,0,0,True
40,2018,Chennai Super Kings,Kabir Pillai,9,16,0,0,True
40,2018,Chennai Super Kings,Varun Saxena,0,6,0,0,True
40,2018,Chennai Super Kings,Pranav Bhatt,35,18,3,1,True
40,2018,Punjab Kings,Shikhar Dhawan,49,22,4,1,False
40,2018,Punjab Kings,Liam Livingstone,42,35,3,1,False
40,2018,Punjab Kings,Sam Curran,11,18,0,0,False
40,2018,Punjab Kings,Jitesh Sharma,47,25,3,1,False
40,2018,Punjab Kings,Prabhsimran Singh,9,10,0,0,True
40,2018,Punjab Kings,Ajay Joshi,32,15,2,1,True
40,2018,Punjab Kings,Varun Menon,28,17,2,0,True
40,2018,Punjab Kings,Deepak Chauhan,35,17,2,1,True
41,2018,Mumbai Indians,Rohit Sharma,12,16,0,0,True
41,2018,Mumbai Indians,Suryakumar Yadav,13,21,1,0,True
41,2018,Mumbai Indians,Hardik Pandya,37,16,3,1,False
41,2018,Mumbai Indians,Ishan Kishan,63,49,4,2,True
41,2018,Mumbai Indians,Tilak Varma,10,13,0,0,True
41,2018,Mumbai Indians,Dev Rao,0,12,0,0,True
41,2018,Mumbai Indians,Karan Kapoor,22,17,1,0,False
41,2018,Mumbai Indians,Varun Nair,35,38,3,1,True
41,2018,Delhi Capitals,Rishabh Pant,52,35,3,1,False
41,2018,Delhi Capitals,Axar Patel,21,12,2,0,True
41,2018,Delhi Capitals,Mitchell Marsh,37,12,2,1,False
41,2018,Delhi Capitals,Tristan Stubbs,42,25,3,1,True
41,2018,Delhi Capitals,Abishek Porel,0,5,0,0,False
41,2018,Delhi Capitals,Manish Trivedi,14,14,1,0,False
41,2018,Delhi Capitals,Sameer Nair,31,21,2,1,False
41,2018,Delhi Capitals,Kabir Bose,26,17,2,0,True
42,2018,Chennai Super Kings,MS Dhoni,28,21,2,1,True
42,2018,Chennai Super Kings,Ravindra Jadeja,39,35,4,1,True
42,2018,Chennai Super Kings,Ruturaj Gaikwad,64,37,4,1,False
42,2018,Chennai Super Kings,Moeen Ali,38,20,3,1,False
42,2018,Chennai Super Kings,Kabir Pillai,7,6,0,0,True
42,2018,Chennai Super Kings,Varun Saxena,55,38,5,1,False
42,2018,Chennai Super Kings,Pranav Bhatt,48,32,4,1,True
42,2018,Royal Challengers Bengaluru,Virat Kohli,176,61,14,8,True
42,2018,Royal Challengers Bengaluru,Faf du Plessis,36,26,2,1,True
42,2018,Royal Challengers Bengaluru,Glenn Maxwell,32,20,2,1,True
42,2018,Royal Challengers Bengaluru,Rajat Patidar,31,30,3,0,True
42,2018,Royal Challengers Bengaluru,Cameron Green,49,32,3,2,True
42,2018,Royal Challengers Bengaluru,Vivek Chauhan,1,14,0,0,False
42,2018,Royal Challengers Bengaluru,Sameer Iyer,34,16,3,1,True
42,2018,Royal Challengers Bengaluru,Abhishek Suresh,21,23,2,0,True
43,2018,Royal Challengers Bengaluru,Virat Kohli,97,41,6,4,True
43,2018,Royal Challengers Bengaluru,Faf du Plessis,44,23,4,2,True
43,2018,Royal Challengers Bengaluru,Glenn Maxwell,8,7,0,0,True
43,2018,Royal Challengers Bengaluru,Rajat Patidar,25,21,2,0,False
43,2018,Royal Challengers Bengaluru,Cameron Green,25,13,1,1,True
43,2018,Royal Challengers Bengaluru,Vivek Chauhan,22,10,2,0,True
43,2018,Royal Challengers Bengaluru,Sameer Iyer,18,22,1,0,True
43,2018,Royal Challengers Bengaluru,Abhishek Suresh,28,18,2,1,True
43,2018,Rajasthan Royals,Sanju Samson,32,26,2,0,True
43,2018,Rajasthan Royals,Yashasvi Jaiswal,38,35,2,1,False
43,2018,Rajasthan Royals,Jos Buttler,52,36,4,2,True
43,2018,Rajasthan Royals,Riyan Parag,4,4,0,0,True
43,2018,Rajasthan Royals,Dhruv Jurel,16,12,1,0,True
43,2018,Rajasthan Royals,Kabir Ghosh,31,23,3,1,True
43,2018,Rajasthan Royals,Yash Suresh,61,47,5,2,False
43,2018,Rajasthan Royals,Rahul Mehta,24,18,1,0,True
44,2018,Mumbai Indians,Rohit Sharma,47,41,4,1,True
44,2018,Mumbai Indians,Suryakumar Yadav,0,6,0,0,True
44,2018,Mumbai Indians,Hardik Pandya,29,22,2,0,True
44,2018,Mumbai Indians,Ishan Kishan,30,18,2,1,True
44,2018,Mumbai Indians,Tilak Varma,44,39,2,1,True
44,2018,Mumbai Indians,Dev Rao,47,32,3,2,False
44,2018,Mumbai Indians,Karan Kapoor,15,11,1,0,True
44,2018,Mumbai Indians,Varun Nair,24,29,1,0,False
44,2018,Lucknow Super Giants,Nicholas Pooran,22,21,1,0,True
44,2018,Lucknow Super Giants,Ayush Badoni,18,9,1,0,False
44,2018,Lucknow Super Giants,Marcus Stoinis,19,7,1,0,False
44,2018,Lucknow Super Giants,Quinton de Kock,34,22,2,1,False
44,2018,Lucknow Super Giants,Nikhil Ghosh,19,14,1,0,True
44,2018,Lucknow Super Giants,Nikhil Reddy,18,22,1,0,True
44,2018,Lucknow Super Giants,Rohan Pillai,29,14,3,1,True
44,2018,Lucknow Super Giants,Varun Bhatt,26,22,2,1,True
45,2018,Delhi Capitals,Rishabh Pant,28,24,2,1,False
45,2018,Delhi Capitals,Axar Patel,15,20,1,0,True
45,2018,Delhi Capitals,Mitchell Marsh,28,15,2,0,True
45,2018,Delhi Capitals,Tristan Stubbs,43,26,2,1,True
45,2018,Delhi Capitals,Abishek Porel,37,30,2,1,False
45,2018,Delhi Capitals,Sameer Nair,72,36,5,2,False
45,2018,Delhi Capitals,Kabir Bose,39,23,2,1,True
45,2018,Punjab Kings,Shikhar Dhawan,17,10,1,0,True
45,2018,Punjab Kings,Liam Livingstone,28,19,2,0,True
45,2018,Punjab Kings,Sam Curran,23,16,1,0,True
45,2018,Punjab Kings,Jitesh Sharma,22,24,2,0,True
45,2018,Punjab Kings,Prabhsimran Singh,24,25,1,1,True
45,2018,Punjab Kings,Ajay Joshi,27,19,2,0,True
45,2018,Punjab Kings,Varun Menon,7,14,0,0,True
45,2018,Punjab Kings,Deepak Chauhan,16,16,1,0,True
46,2019,Mumbai Indians,Rohit Sharma,36,27,3,1,True
46,2019,Mumbai Indians,Suryakumar Yadav,33,26,2,1,True
46,2019,Mumbai Indians,Hardik Pandya,13,7,1,0,True
46,2019,Mumbai Indians,Ishan Kishan,30,21,2,0,True
46,2019,Mumbai Indians,Tilak Varma,17,21,1,0,True
46,2019,Mumbai Indians,Dev Rao,22,11,2,0,False
46,2019,Mumbai Indians,Karan Kapoor,49,35,3,2,True
46,2019,Mumbai Indians,Varun Nair,28,19,1,1,True
46,2019,Lucknow Super Giants,Nicholas Pooran,14,19,1,0,True
46,2019,Lucknow Super Giants,Ayush Badoni,22,10,1,0,True
46,2019,Lucknow Super Giants,Marcus Stoinis,33,19,2,1,True
46,2019,Lucknow Super Giants,Quinton de Kock,75,41,5,2,True
46,2019,Lucknow Super Giants,Nikhil Ghosh,20,12,1,0,True
46,2019,Lucknow Super Giants,Nikhil Reddy,28,15,2,1,False
46,2019,Lucknow Super Giants,Rohan Pillai,38,22,3,1,False
47,2019,Punjab Kings,Shikhar Dhawan,8,6,0,0,True
47,2019,Punjab Kings,Liam Livingstone,12,10,0,0,True
47,2019,Punjab Kings,Sam Curran,19,14,1,0,False
47,2019,Punjab Kings,Jitesh Sharma,6,9,0,0,False
47,2019,Punjab Kings,Prabhsimran Singh,64,39,5,2,True
47,2019,Punjab Kings,Ajay Joshi,62,35,5,2,False
47,2019,Punjab Kings,Varun Menon,20,19,2,0,True
47,2019,Punjab Kings,Deepak Chauhan,39,23,3,1,True
47,2019,Sunrisers Hyderabad,Heinrich Klaasen,25,21,1,1,True
47,2019,Sunrisers Hyderabad,Abhishek Sharma,40,27,2,1,True
47,2019,Sunrisers Hyderabad,Travis Head,26,18,2,0,True
47,2019,Sunrisers Hyderabad,Nitish Kumar Reddy,5,8,0,0,False
47,2019,Sunrisers Hyderabad,Aman Pillai,13,11,0,0,False
47,2019,Sunrisers Hyderabad,Dev Malhotra,50,31,4,2,True
47,2019,Sunrisers Hyderabad,Anand Thakur,48,36,3,1,True
47,2019,Sunrisers Hyderabad,Karthik Verma,24,25,2,1,False
48,2019,Rajasthan Royals,Sanju Samson,47,34,4,1,True
48,2019,Rajasthan Royals,Yashasvi Jaiswal,39,17,3,1,True
48,2019,Rajasthan Royals,Jos Buttler,3,8,0,0,True
48,2019,Rajasthan Royals,Riyan Parag,8,10,0,0,True
48,2019,Rajasthan Royals,Dhruv Jurel,7,7,0,0,False
48,2019,Rajasthan Royals,Kabir Ghosh,46,41,4,1,True
48,2019,Rajasthan Royals,Yash Suresh,27,21,2,1,False
48,2019,Rajasthan Royals,Rahul Mehta,20,17,1,0,True
48,2019,Gujarat Titans,Shubman Gill,3,5,0,0,True
48,2019,Gujarat Titans,Sai Sudharsan,31,25,3,0,True
48,2019,Gujarat Titans,David Miller,7,20,0,0,True
48,2019,Gujarat Titans,Rahul Tewatia,42,31,4,1,True
48,2019,Gujarat Titans,Harsh Rao,77,48,4,2,True
48,2019,Gujarat Titans,Karan Chatterjee,8,13,0,0,False
48,2019,Gujarat Titans,Sameer Malhotra,18,23,1,0,True
48,2019,Gujarat Titans,Sameer Dubey,46,29,4,1,True
49,2019,Delhi Capitals,Rishabh Pant,32,38,2,1,False
49,2019,Delhi Capitals,Axar Patel,11,12,0,0,True
49,2019,Delhi Capitals,Mitchell Marsh,16,27,1,0,False
49,2019,Delhi Capitals,Tristan Stubbs,12,10,0,0,False
49,2019,Delhi Capitals,Abishek Porel,8,8,0,0,True
49,2019,Delhi Capitals,Manish Trivedi,65,36,5,2,True
49,2019,Delhi Capitals,Sameer Nair,38,24,4,1,True
49,2019,Delhi Capitals,Kabir Bose,24,12,2,0,True
49,2019,Sunrisers Hyderabad,Heinrich Klaasen,11,23,1,0,True
49,2019,Sunrisers Hyderabad,Abhishek Sharma,38,26,3,1,True
49,2019,Sunrisers Hyderabad,Travis Head,26,21,2,0,True
49,2019,Sunrisers Hyderabad,Nitish Kumar Reddy,20,13,2,0,True
49,2019,Sunrisers Hyderabad,Aman Pillai,23,11,2,1,True
49,2019,Sunrisers Hyderabad,Anand Thakur,25,17,2,1,True
49,2019,Sunrisers Hyderabad,Karthik Verma,45,26,4,1,False
50,2019,Chennai Super Kings,MS Dhoni,65,54,4,2,True
50,2019,Chennai Super Kings,Ravindra Jadeja,4,13,0,0,True
50,2019,Chennai Super Kings,Ruturaj Gaikwad,45,30,3,1,True
50,2019,Chennai Super Kings,Shivam Dube,32,25,2,1,True
50,2019,Chennai Super Kings,Moeen Ali,20,22,1,0,False
50,2019,Chennai Super Kings,Kabir Pillai,32,16,2,1,True
50,2019,Chennai Super Kings,Varun Saxena,24,17,1,0,True
50,2019,Chennai Super Kings,Pranav Bhatt,50,31,4,1,True
50,2019,Royal Challengers Bengaluru,Virat Kohli,141,55,11,4,False
50,2019,Royal Challengers Bengaluru,Faf du Plessis,21,13,1,0,True
50,2019,Royal Challengers Bengaluru,Glenn Maxwell,16,17,1,0,True
50,2019,Royal Challengers Bengaluru,Rajat Patidar,37,31,3,1,False
50,2019,Royal Challengers Bengaluru,Cameron Green,47,36,3,1,False
50,2019,Royal Challengers Bengaluru,Vivek Chauhan,19,7,1,0,True
50,2019,Royal Challengers Bengaluru,Sameer Iyer,37,30,3,1,True
50,2019,Royal Challengers Bengaluru,Abhishek Suresh,24,26,2,1,True
51,2019,Royal Challengers Bengaluru,Virat Kohli,99,42,9,2,True
51,2019,Royal Challengers Bengaluru,Faf du Plessis,15,22,1,0,False
51,2019,Royal Challengers Bengaluru,Glenn Maxwell,25,20,1,0,True
51,2019,Royal Challengers Bengaluru,Rajat Patidar,42,31,3,1,True
51,2019,Royal Challengers Bengaluru,Cameron Green,0,12,0,0,True
51,2019,Royal Challengers Bengaluru,Vivek Chauhan,40,40,3,1,True
51,2019,Royal Challengers Bengaluru,Sameer Iyer,40,38,2,1,False
51,2019,Royal Challengers Bengaluru,Abhishek Suresh,13,22,0,0,False
51,2019,Sunrisers Hyderabad,Heinrich Klaasen,31,20,2,1,True
51,2019,Sunrisers Hyderabad,Abhishek Sharma,18,20,1,0,True
51,2019,Sunrisers Hyderabad,Travis Head,42,34,4,1,True
51,2019,Sunrisers Hyderabad,Aman Pillai,17,22,1,0,True
51,2019,Sunrisers Hyderabad,Dev Malhotra,14,11,1,0,False
51,2019,Sunrisers Hyderabad,Anand Thakur,30,20,2,1,False
51,2019,Sunrisers Hyderabad,Karthik Verma,19,13,1,0,True
52,2019,Mumbai Indians,Rohit Sharma,14,13,1,0,True
52,2019,Mumbai Indians,Suryakumar Yadav,45,28,3,1,True
52,2019,Mumbai Indians,Hardik Pandya,14,7,1,0,True
52,2019,Mumbai Indians,Ishan Kishan,80,44,7,3,True
52,2019,Mumbai Indians,Tilak Varma,18,10,1,0,False
52,2019,Mumbai Indians,Dev Rao,26,16,2,0,True
52,2019,Mumbai Indians,Karan Kapoor,16,8,1,0,False
52,2019,Mumbai Indians,Varun Nair,18,14,1,0,True
52,2019,Punjab Kings,Shikhar Dhawan,5,12,0,0,False
52,2019,Punjab Kings,Liam Livingstone,26,16,2,1,True
52,2019,Punjab Kings,Sam Curran,20,17,2,0,True
52,2019,Punjab Kings,Jitesh Sharma,17,15,1,0,True
52,2019,Punjab Kings,Prabhsimran Singh,6,11,0,0,True
52,2019,Punjab Kings,Ajay Joshi,25,23,1,0,True
52,2019,Punjab Kings,Varun Menon,4,4,0,0,False
52,2019,Punjab Kings,Deepak Chauhan,36,34,3,1,True
53,2019,Royal Challengers Bengaluru,Virat Kohli,103,47,9,3,False
53,2019,Royal Challengers Bengaluru,Faf du Plessis,6,21,0,0,True
53,2019,Royal Challengers Bengaluru,Glenn Maxwell,15,8,1,0,True
53,2019,Royal Challengers Bengaluru,Rajat Patidar,41,28,2,1,False
53,2019,Royal Challengers Bengaluru,Cameron Green,20,11,1,0,True
53,2019,Royal Challengers Bengaluru,Vivek Chauhan,21,14,1,0,True
53,2019,Royal Challengers Bengaluru,Sameer Iyer,21,19,1,0,True
53,2019,Royal Challengers Bengaluru,Abhishek Suresh,37,17,2,1,False
53,2019,Lucknow Super Giants,Nicholas Pooran,51,26,3,1,False
53,2019,Lucknow Super Giants,Ayush Badoni,27,24,2,0,True
53,2019,Lucknow Super Giants,Marcus Stoinis,14,19,1,0,True
53,2019,Lucknow Super Giants,Quinton de Kock,57,38,5,2,False
53,2019,Lucknow Super Giants,Nikhil Ghosh,19,8,2,0,True
53,2019,Lucknow Super Giants,Nikhil Reddy,36,23,3,1,True
53,2019,Lucknow Super Giants,Rohan Pillai,19,16,1,0,True
53,2019,Lucknow Super Giants,Varun Bhatt,23,30,2,1,True
54,2019,Punjab Kings,Shikhar Dhawan,30,30,2,1,True
54,2019,Punjab Kings,Liam Livingstone,38,17,3,1,True
54,2019,Punjab Kings,Sam Curran,22,17,2,0,False
54,2019,Punjab Kings,Jitesh Sharma,28,22,2,0,True
54,2019,Punjab Kings,Prabhsimran Singh,20,28,1,0,True
54,2019,Punjab Kings,Ajay Joshi,32,18,2,1,True
54,2019,Punjab Kings,Varun Menon,24,26,2,0,True
54,2019,Punjab Kings,Deepak Chauhan,34,29,2,1,False
54,2019,Lucknow Super Giants,Nicholas Pooran,49,29,3,2,True
54,2019,Lucknow Super Giants,Ayush Badoni,33,23,2,1,False
54,2019,Lucknow Super Giants,Marcus Stoinis,18,10,1,0,True
54,2019,Lucknow Super Giants,Quinton de Kock,25,23,2,0,True
54,2019,Lucknow Super Giants,Nikhil Ghosh,60,39,4,1,True
54,2019,Lucknow Super Giants,Nikhil Reddy,10,11,0,0,False
54,2019,Lucknow Super Giants,Rohan Pillai,12,11,1,0,True
54,2019,Lucknow Super Giants,Varun Bhatt,38,27,4,1,True
55,2019,Royal Challengers Bengaluru,Virat Kohli,101,42,11,2,False
55,2019,Royal Challengers Bengaluru,Faf du Plessis,15,11,1,0,True
55,2019,Royal Challengers Bengaluru,Glenn Maxwell,32,20,2,1,True
55,2019,Royal Challengers Bengaluru,Rajat Patidar,27,18,2,1,False
55,2019,Royal Challengers Bengaluru,Cameron Green,14,19,1,0,True
55,2019,Royal Challengers Bengaluru,Vivek Chauhan,42,23,3,1,True
55,2019,Royal Challengers Bengaluru,Sameer Iyer,62,28,6,2,True
55,2019,Royal Challengers Bengaluru,Abhishek Suresh,22,13,2,0,False
55,2019,Gujarat Titans,Shubman Gill,30,19,3,1,True
55,2019,Gujarat Titans,Sai Sudharsan,21,16,1,0,True
55,2019,Gujarat Titans,David Miller,33,29,2,1,True
55,2019,Gujarat Titans,Rahul Tewatia,40,29,3,1,False
55,2019,Gujarat Titans,Harsh Rao,9,9,0,0,True
55,2019,Gujarat Titans,Karan Chatterjee,33,32,2,0,True
55,2019,Gujarat Titans,Sameer Malhotra,68,43,4,3,False
55,2019,Gujarat Titans,Sameer Dubey,23,17,1,0,False
56,2019,Chennai Super Kings,MS Dhoni,6,5,0,0,True
56,2019,Chennai Super Kings,Ravindra Jadeja,36,32,3,0,False
56,2019,Chennai Super Kings,Ruturaj Gaikwad,40,27,3,1,True
56,2019,Chennai Super Kings,Shivam Dube,22,22,1,1,True
56,2019,Chennai Super Kings,Moeen Ali,17,13,1,0,False
56,2019,Chennai Super Kings,Kabir Pillai,32,24,3,1,True
56,2019,Chennai Super Kings,Varun Saxena,22,15,2,0,True
56,2019,Chennai Super Kings,Pranav Bhatt,42,28,4,1,False
56,2019,Sunrisers Hyderabad,Heinrich Klaasen,32,22,3,0,True
56,2019,Sunrisers Hyderabad,Abhishek Sharma,27,24,1,0,False
56,2019,Sunrisers Hyderabad,Travis Head,41,30,3,1,True
56,2019,Sunrisers Hyderabad,Nitish Kumar Reddy,50,32,5,2,True
56,2019,Sunrisers Hyderabad,Aman Pillai,15,4,1,0,True
56,2019,Sunrisers Hyderabad,Dev Malhotra,34,20,3,0,True
56,2019,Sunrisers Hyderabad,Anand Thakur,14,18,1,0,True
56,2019,Sunrisers Hyderabad,Karthik Verma,16,15,1,0,True
57,2019,Mumbai Indians,Rohit Sharma,34,23,3,1,True
57,2019,Mumbai Indians,Suryakumar Yadav,27,18,2,0,False
57,2019,Mumbai Indians,Hardik Pandya,39,23,3,1,True
57,2019,Mumbai Indians,Ishan Kishan,40,17,3,1,True
57,2019,Mumbai Indians,Tilak Varma,25,14,2,0,False
57,2019,Mumbai Indians,Dev Rao,67,39,5,1,True
57,2019,Mumbai Indians,Karan Kapoor,43,32,3,1,True
57,2019,Mumbai Indians,Varun Nair,29,13,2,0,True
57,2019,Royal Challengers Bengaluru,Virat Kohli,90,35,8,2,False
57,2019,Royal Challengers Bengaluru,Faf du Plessis,17,27,1,0,False
57,2019,Royal Challengers Bengaluru,Glenn Maxwell,43,18,4,1,True
57,2019,Royal Challengers Bengaluru,Rajat Patidar,24,11,1,1,True
57,2019,Royal Challengers Bengaluru,Vivek Chauhan,18,15,1,0,True
57,2019,Royal Challengers Bengaluru,Sameer Iyer,34,23,3,0,False
57,2019,Royal Challengers Bengaluru,Abhishek Suresh,32,17,3,1,False
58,2019,Punjab Kings,Shikhar Dhawan,6,11,0,0,True
58,2019,Punjab Kings,Liam Livingstone,21,14,1,0,False
58,2019,Punjab Kings,Sam Curran,26,17,2,1,True
58,2019,Punjab Kings,Jitesh Sharma,48,24,4,1,True
58,2019,Punjab Kings,Prabhsimran Singh,26,29,2,0,False
58,2019,Punjab Kings,Ajay Joshi,67,37,5,1,True
58,2019,Punjab Kings,Varun Menon,12,14,0,0,False
58,2019,Punjab Kings,Deepak Chauhan,55,31,4,2,True
58,2019,Gujarat Titans,Shubman Gill,10,9,0,0,True
58,2019,Gujarat Titans,Sai Sudharsan,26,21,2,1,True
58,2019,Gujarat Titans,David Miller,41,35,3,1,False
58,2019,Gujarat Titans,Rahul Tewatia,31,32,2,0,True
58,2019,Gujarat Titans,Harsh Rao,58,32,4,1,True
58,2019,Gujarat Titans,Karan Chatterjee,42,30,4,1,True
58,2019,Gujarat Titans,Sameer Malhotra,46,31,3,1,True
58,2019,Gujarat Titans,Sameer Dubey,2,8,0,0,True
59,2019,Royal Challengers Bengaluru,Virat Kohli,140,46,12,5,True
59,2019,Royal Challengers Bengaluru,Faf du Plessis,45,31,3,2,False
59,2019,Royal Challengers Bengaluru,Glenn Maxwell,15,10,1,0,False
59,2019,Royal Challengers Bengaluru,Rajat Patidar,53,27,4,2,False
59,2019,Royal Challengers Bengaluru,Cameron Green,22,16,2,0,False
59,2019,Royal Challengers Bengaluru,Vivek Chauhan,36,31,3,1,True
59,2019,Royal Challengers Bengaluru,Sameer Iyer,0,6,0,0,True
59,2019,Royal Challengers Bengaluru,Abhishek Suresh,18,24,1,0,True
59,2019,Rajasthan Royals,Sanju Samson,36,17,3,1,False
59,2019,Rajasthan Royals,Yashasvi Jaiswal,54,27,5,1,False
59,2019,Rajasthan Royals,Jos Buttler,35,42,3,1,True
59,2019,Rajasthan Royals,Riyan Parag,44,33,4,1,True
59,2019,Rajasthan Royals,Dhruv Jurel,52,37,4,1,True
59,2019,Rajasthan Royals,Kabir Ghosh,4,4,0,0,False
59,2019,Rajasthan Royals,Yash Suresh,17,18,1,0,True
59,2019,Rajasthan Royals,Rahul Mehta,70,39,5,2,False
60,2019,Kolkata Knight Riders,Shreyas Iyer,44,33,2,1,True
60,2019,Kolkata Knight Riders,Andre Russell,39,17,4,1,True
60,2019,Kolkata Knight Riders,Sunil Narine,26,14,2,1,True
60,2019,Kolkata Knight Riders,Rinku Singh,33,32,2,0,True
60,2019,Kolkata Knight Riders,Venkatesh Iyer,15,16,1,0,False
60,2019,Kolkata Knight Riders,Anand Nair,62,42,3,2,True
60,2019,Kolkata Knight Riders,Dev Kulkarni,27,26,3,1,True
60,2019,Kolkata Knight Riders,Arjun Kapoor,15,23,1,0,True
60,2019,Sunrisers Hyderabad,Heinrich Klaasen,4,1,0,0,True
60,2019,Sunrisers Hyderabad,Abhishek Sharma,20,13,1,0,False
60,2019,Sunrisers Hyderabad,Travis Head,22,23,2,1,True
60,2019,Sunrisers Hyderabad,Nitish Kumar Reddy,22,19,2,1,False
60,2019,Sunrisers Hyderabad,Aman Pillai,6,22,0,0,True
60,2019,Sunrisers Hyderabad,Dev Malhotra,39,19,3,1,True
60,2019,Sunrisers Hyderabad,Anand Thakur,24,17,2,0,True
60,2019,Sunrisers Hyderabad,Karthik Verma,42,34,4,1,True
61,2019,Mumbai Indians,Rohit Sharma,17,19,1,0,True
61,2019,Mumbai Indians,Suryakumar Yadav,40,20,4,1,True
61,2019,Mumbai Indians,Hardik Pandya,0,12,0,0,True
61,2019,Mumbai Indians,Ishan Kishan,0,5,0,0,True
61,2019,Mumbai Indians,Tilak Varma,39,22,4,1,True
61,2019,Mumbai Indians,Dev Rao,21,22,1,0,True
61,2019,Mumbai Indians,Karan Kapoor,42,31,2,1,True
61,2019,Delhi Capitals,Rishabh Pant,29,22,3,1,True
61,2019,Delhi Capitals,Axar Patel,5,7,0,0,True
61,2019,Delhi Capitals,Mitchell Marsh,17,18,1,0,True
61,2019,Delhi Capitals,Tristan Stubbs,17,19,1,0,True
61,2019,Delhi Capitals,Abishek Porel,15,5,0,0,True
61,2019,Delhi Capitals,Manish Trivedi,34,24,2,1,False
61,2019,Delhi Capitals,Sameer Nair,39,28,2,1,False
61,2019,Delhi Capitals,Kabir Bose,35,16,2,1,True
62,2019,Mumbai Indians,Rohit Sharma,33,16,2,0,True
62,2019,Mumbai Indians,Suryakumar Yadav,45,36,3,1,True
62,2019,Mumbai Indians,Hardik Pandya,4,8,0,0,True
62,2019,Mumbai Indians,Ishan Kishan,28,19,2,0,False
62,2019,Mumbai Indians,Tilak Varma,40,23,3,1,True
62,2019,Mumbai Indians,Dev Rao,29,24,3,0,True
62,2019,Mumbai Indians,Karan Kapoor,59,21,4,2,True
62,2019,Mumbai Indians,Varun Nair,17,24,1,0,True
62,2019,Chennai Super Kings,MS Dhoni,23,16,1,0,False
62,2019,Chennai Super Kings,Ravindra Jadeja,1,2,0,0,True
62,2019,Chennai Super Kings,Ruturaj Gaikwad,28,21,2,1,False
62,2019,Chennai Super Kings,Shivam Dube,6,8,0,0,False
62,2019,Chennai Super Kings,Kabir Pillai,50,37,3,1,True
62,2019,Chennai Super Kings,Varun Saxena,8,16,0,0,True
62,2019,Chennai Super Kings,Pranav Bhatt,19,17,2,0,True
63,2019,Delhi Capitals,Rishabh Pant,31,17,2,1,True
63,2019,Delhi Capitals,Axar Patel,6,13,0,0,True
63,2019,Delhi Capitals,Mitchell Marsh,18,12,1,0,True
63,2019,Delhi Capitals,Tristan Stubbs,53,36,4,2,False
63,2019,Delhi Capitals,Abishek Porel,41,25,4,1,True
63,2019,Delhi Capitals,Manish Trivedi,42,25,3,1,True
63,2019,Delhi Capitals,Sameer Nair,36,30,3,1,True
63,2019,Delhi Capitals,Kabir Bose,59,50,5,2,True
63,2019,Gujarat Titans,Shubman Gill,15,13,1,0,True
63,2019,Gujarat Titans,Sai Sudharsan,16,29,1,0,True
63,2019,Gujarat Titans,David Miller,12,8,1,0,True
63,2019,Gujarat Titans,Rahul Tewatia,7,7,0,0,True
63,2019,Gujarat Titans,Harsh Rao,30,28,3,0,False
63,2019,Gujarat Titans,Karan Chatterjee,51,43,3,1,False
63,2019,Gujarat Titans,Sameer Malhotra,8,13,0,0,False
63,2019,Gujarat Titans,Sameer Dubey,31,19,2,1,True
64,2019,Kolkata Knight Riders,Shreyas Iyer,35,27,2,1,True
64,2019,Kolkata Knight Riders,Andre Russell,0,1,0,0,True
64,2019,Kolkata Knight Riders,Rinku Singh,31,15,2,1,False
64,2019,Kolkata Knight Riders,Venkatesh Iyer,30,16,2,0,True
64,2019,Kolkata Knight Riders,Anand Nair,2,20,0,0,True
64,2019,Kolkata Knight Riders,Dev Kulkarni,20,19,2,0,False
64,2019,Kolkata Knight Riders,Arjun Kapoor,38,32,4,1,True
64,2019,Punjab Kings,Shikhar Dhawan,0,7,0,0,False
64,2019,Punjab Kings,Liam Livingstone,46,24,3,1,True
64,2019,Punjab Kings,Sam Curran,21,11,1,0,False
64,2019,Punjab Kings,Jitesh Sharma,35,18,2,1,True
64,2019,Punjab Kings,Prabhsimran Singh,34,29,3,1,True
64,2019,Punjab Kings,Ajay Joshi,33,21,2,1,True
64,2019,Punjab Kings,Varun Menon,5,5,0,0,True
64,2019,Punjab Kings,Deepak Chauhan,33,18,2,1,True
65,2019,Chennai Super Kings,Ravindra Jadeja,45,19,4,1,True
65,2019,Chennai Super Kings,Ruturaj Gaikwad,33,23,2,1,True
65,2019,Chennai Super Kings,Shivam Dube,28,23,1,1,True
65,2019,Chennai Super Kings,Moeen Ali,25,23,2,1,False
65,2019,Chennai Super Kings,Kabir Pillai,59,28,4,2,True
65,2019,Chennai Super Kings,Varun Saxena,35,30,3,0,False
65,2019,Chennai Super Kings,Pranav Bhatt,41,30,4,1,False
65,2019,Punjab Kings,Shikhar Dhawan,38,26,4,1,True
65,2019,Punjab Kings,Liam Livingstone,24,1,2,0,False
65,2019,Punjab Kings,Sam Curran,37,25,3,1,True
65,2019,Punjab Kings,Jitesh Sharma,27,34,2,0,False
65,2019,Punjab Kings,Prabhsimran Singh,59,35,3,1,False
65,2019,Punjab Kings,Ajay Joshi,41,27,3,1,True
65,2019,Punjab Kings,Varun Menon,46,32,3,1,True
65,2019,Punjab Kings,Deepak Chauhan,22,21,1,0,True
66,2019,Rajasthan Royals,Sanju Samson,18,28,1,0,True
66,2019,Rajasthan Royals,Yashasvi Jaiswal,0,11,0,0,True
66,2019,Rajasthan Royals,Jos Buttler,48,35,3,1,False
66,2019,Rajasthan Royals,Riyan Parag,9,24,0,0,True
66,2019,Rajasthan Royals,Dhruv Jurel,28,16,2,0,False
66,2019,Rajasthan Royals,Kabir Ghosh,47,29,5,1,True
66,2019,Rajasthan Royals,Yash Suresh,30,21,2,1,False
66,2019,Rajasthan Royals,Rahul Mehta,0,9,0,0,True
66,2019,Lucknow Super Giants,Nicholas Pooran,31,32,2,1,True
66,2019,Lucknow Super Giants,Ayush Badoni,38,24,3,0,True
66,2019,Lucknow Super Giants,Marcus Stoinis,0,7,0,0,True
66,2019,Lucknow Super Giants,Quinton de Kock,57,54,4,2,True
66,2019,Lucknow Super Giants,Nikhil Ghosh,31,26,3,0,True
66,2019,Lucknow Super Giants,Nikhil Reddy,23,14,2,0,False
66,2019,Lucknow Super Giants,Rohan Pillai,33,23,3,1,True
66,2019,Lucknow Super Giants,Varun Bhatt,30,23,3,1,False
67,2019,Royal Challengers Bengaluru,Virat Kohli,130,46,12,4,True
67,2019,Royal Challengers Bengaluru,Faf du Plessis,25,22,1,0,False
67,2019,Royal Challengers Bengaluru,Glenn Maxwell,32,20,3,1,False
67,2019,Royal Challengers Bengaluru,Rajat Patidar,45,18,3,1,False
67,2019,Royal Challengers Bengaluru,Cameron Green,36,26,3,1,True
67,2019,Royal Challengers Bengaluru,Vivek Chauhan,9,8,0,0,True
67,2019,Royal Challengers Bengaluru,Sameer Iyer,31,22,2,0,True
67,2019,Royal Challengers Bengaluru,Abhishek Suresh,13,10,1,0,True
67,2019,Delhi Capitals,Rishabh Pant,42,35,2,1,True
67,2019,Delhi Capitals,Mitchell Marsh,71,35,5,2,True
67,2019,Delhi Capitals,Tristan Stubbs,38,20,3,1,True
67,2019,Delhi Capitals,Abishek Porel,33,20,3,1,True
67,2019,Delhi Capitals,Manish Trivedi,0,2,0,0,True
67,2019,Delhi Capitals,Sameer Nair,24,13,2,0,True
67,2019,Delhi Capitals,Kabir Bose,50,32,4,2,False
68,2019,Sunrisers Hyderabad,Heinrich Klaasen,6,15,0,0,True
68,2019,Sunrisers Hyderabad,Abhishek Sharma,62,35,6,2,False
68,2019,Sunrisers Hyderabad,Travis Head,26,33,1,1,False
68,2019,Sunrisers Hyderabad,Nitish Kumar Reddy,16,6,1,0,True
68,2019,Sunrisers Hyderabad,Aman Pillai,15,9,1,0,True
68,2019,Sunrisers Hyderabad,Dev Malhotra,16,9,1,0,True
68,2019,Sunrisers Hyderabad,Anand Thakur,70,46,4,2,True
68,2019,Lucknow Super Giants,Nicholas Pooran,69,40,6,3,True
68,2019,Lucknow Super Giants,Ayush Badoni,51,41,4,1,True
68,2019,Lucknow Super Giants,Quinton de Kock,14,14,1,0,True
68,2019,Lucknow Super Giants,Nikhil Ghosh,25,18,2,1,True
68,2019,Lucknow Super Giants,Nikhil Reddy,0,7,0,0,True
68,2019,Lucknow Super Giants,Rohan Pillai,9,4,0,0,True
68,2019,Lucknow Super Giants,Varun Bhatt,13,16,1,0,True
69,2019,Mumbai Indians,Rohit Sharma,14,13,1,0,True
69,2019,Mumbai Indians,Suryakumar Yadav,21,22,1,0,True
69,2019,Mumbai Indians,Hardik Pandya,7,13,0,0,True
69,2019,Mumbai Indians,Ishan Kishan,25,26,2,1,True
69,2019,Mumbai Indians,Tilak Varma,50,23,3,2,True
69,2019,Mumbai Indians,Dev Rao,21,10,1,0,False
69,2019,Mumbai Indians,Karan Kapoor,12,11,1,0,True
69,2019,Mumbai Indians,Varun Nair,24,15,2,0,True
69,2019,Kolkata Knight Riders,Shreyas Iyer,32,21,2,1,False
69,2019,Kolkata Knight Riders,Andre Russell,46,22,3,2,True
69,2019,Kolkata Knight Riders,Sunil Narine,20,14,1,0,False
69,2019,Kolkata Knight Riders,Rinku Singh,57,37,4,2,True
69,2019,Kolkata Knight Riders,Venkatesh Iyer,34,19,3,1,True
69,2019,Kolkata Knight Riders,Anand Nair,38,22,4,1,True
69,2019,Kolkata Knight Riders,Dev Kulkarni,7,9,0,0,True
69,2019,Kolkata Knight Riders,Arjun Kapoor,40,29,3,1,True
70,2019,Mumbai Indians,Rohit Sharma,35,31,3,0,False
70,2019,Mumbai Indians,Suryakumar Yadav,29,16,2,1,True
70,2019,Mumbai Indians,Hardik Pandya,29,18,2,1,True
70,2019,Mumbai Indians,Ishan Kishan,45,35,4,1,True
70,2019,Mumbai Indians,Tilak Varma,36,21,3,1,True
70,2019,Mumbai Indians,Dev Rao,17,12,1,0,True
70,2019,Mumbai Indians,Karan Kapoor,18,18,1,0,True
70,2019,Mumbai Indians,Varun Nair,23,13,2,0,True
70,2019,Rajasthan Royals,Sanju Samson,20,18,1,0,False
70,2019,Rajasthan Royals,Yashasvi Jaiswal,42,19,3,2,False
70,2019,Rajasthan Royals,Jos Buttler,40,24,4,1,True
70,2019,Rajasthan Royals,Riyan Parag,18,17,1,0,True
70,2019,Rajasthan Royals,Dhruv Jurel,32,29,2,1,True
70,2019,Rajasthan Royals,Kabir Ghosh,44,17,3,1,False
70,2019,Rajasthan Royals,Yash Suresh,39,24,4,1,True
70,2019,Rajasthan Royals,Rahul Mehta,19,16,1,0,True
71,2019,Delhi Capitals,Rishabh Pant,20,15,1,0,True
71,2019,Delhi Capitals,Axar Patel,22,17,1,0,True
71,2019,Delhi Capitals,Mitchell Marsh,46,27,4,1,True
71,2019,Delhi Capitals,Tristan Stubbs,68,33,4,2,True
71,2019,Delhi Capitals,Abishek Porel,30,22,2,0,True
71,2019,Delhi Capitals,Manish Trivedi,12,18,1,0,True
71,2019,Delhi Capitals,Sameer Nair,35,26,2,1,False
71,2019,Delhi Capitals,Kabir Bose,48,24,3,2,True
71,2019,Rajasthan Royals,Sanju Samson,19,11,1,0,True
71,2019,Rajasthan Royals,Yashasvi Jaiswal,47,44,3,1,True
71,2019,Rajasthan Royals,Jos Buttler,46,30,3,2,True
71,2019,Rajasthan Royals,Riyan Parag,21,12,2,0,False
71,2019,Rajasthan Royals,Dhruv Jurel,24,24,2,1,False
71,2019,Rajasthan Royals,Kabir Ghosh,34,27,3,0,True
71,2019,Rajasthan Royals,Yash Suresh,36,24,3,1,True
71,2019,Rajasthan Royals,Rahul Mehta,32,24,2,0,True
72,2019,Rajasthan Royals,Sanju Samson,27,30,2,1,True
72,2019,Rajasthan Royals,Yashasvi Jaiswal,49,28,4,1,False
72,2019,Rajasthan Royals,Jos Buttler,35,21,3,1,False
72,2019,Rajasthan Royals,Riyan Parag,25,14,2,0,True
72,2019,Rajasthan Royals,Dhruv Jurel,14,22,1,0,True
72,2019,Rajasthan Royals,Kabir Ghosh,25,30,2,0,False
72,2019,Rajasthan Royals,Yash Suresh,41,22,3,1,True
72,2019,Rajasthan Royals,Rahul Mehta,31,21,3,0,True
72,2019,Sunrisers Hyderabad,Heinrich Klaasen,67,54,5,2,False
72,2019,Sunrisers Hyderabad,Abhishek Sharma,61,37,4,2,True
72,2019,Sunrisers Hyderabad,Travis Head,47,37,3,1,True
72,2019,Sunrisers Hyderabad,Nitish Kumar Reddy,31,26,3,1,True
72,2019,Sunrisers Hyderabad,Aman Pillai,56,37,6,2,True
72,2019,Sunrisers Hyderabad,Anand Thakur,16,17,1,0,True
72,2019,Sunrisers Hyderabad,Karthik Verma,9,16,0,0,True
73,2019,Delhi Capitals,Rishabh Pant,11,13,0,0,True
73,2019,Delhi Capitals,Axar Patel,0,6,0,0,True
73,2019,Delhi Capitals,Mitchell Marsh,0,8,0,0,False
73,2019,Delhi Capitals,Tristan Stubbs,34,21,2,1,False
73,2019,Delhi Capitals,Abishek Porel,14,9,1,0,False
73,2019,Delhi Capitals,Manish Trivedi,12,10,0,0,True
73,2019,Delhi Capitals,Sameer Nair,35,24,3,1,False
73,2019,Delhi Capitals,Kabir Bose,32,18,3,0,False
73,2019,Lucknow Super Giants,Nicholas Pooran,49,30,3,2,True
73,2019,Lucknow Super Giants,Ayush Badoni,12,10,1,0,False
73,2019,Lucknow Super Giants,Marcus Stoinis,0,1,0,0,False
73,2019,Lucknow Super Giants,Quinton de Kock,22,24,1,0,True
73,2019,Lucknow Super Giants,Nikhil Ghosh,0,5,0,0,True
73,2019,Lucknow Super Giants,Nikhil Reddy,10,12,0,0,True
73,2019,Lucknow Super Giants,Rohan Pillai,18,14,1,0,True
73,2019,Lucknow Super Giants,Varun Bhatt,69,44,5,3,True
74,2019,Punjab Kings,Shikhar Dhawan,52,35,4,1,True
74,2019,Punjab Kings,Sam Curran,11,12,0,0,False
74,2019,Punjab Kings,Jitesh Sharma,33,18,2,0,True
74,2019,Punjab Kings,Prabhsimran Singh,32,30,2,1,True
74,2019,Punjab Kings,Ajay Joshi,22,16,1,0,True
74,2019,Punjab Kings,Varun Menon,23,18,2,1,True
74,2019,Punjab Kings,Deepak Chauhan,25,21,1,1,False
74,2019,Rajasthan Royals,Sanju Samson,45,34,4,2,True
74,2019,Rajasthan Royals,Yashasvi Jaiswal,67,40,6,2,True
74,2019,Rajasthan Royals,Jos Buttler,27,14,1,0,True
74,2019,Rajasthan Royals,Riyan Parag,54,35,5,2,True
74,2019,Rajasthan Royals,Dhruv Jurel,58,37,5,2,True
74,2019,Rajasthan Royals,Kabir Ghosh,2,5,0,0,False
74,2019,Rajasthan Royals,Yash Suresh,62,46,4,1,True
74,2019,Rajasthan Royals,Rahul Mehta,21,22,1,0,True
75,2019,Mumbai Indians,Rohit Sharma,31,21,2,0,True
75,2019,Mumbai Indians,Suryakumar Yadav,25,25,1,0,True
75,2019,Mumbai Indians,Hardik Pandya,27,22,1,0,True
75,2019,Mumbai Indians,Ishan Kishan,39,23,2,1,True
75,2019,Mumbai Indians,Tilak Varma,31,14,3,1,True
75,2019,Mumbai Indians,Dev Rao,45,32,3,1,True
75,2019,Mumbai Indians,Karan Kapoor,24,15,2,0,True
75,2019,Mumbai Indians,Varun Nair,17,7,1,0,True
75,2019,Sunrisers Hyderabad,Heinrich Klaasen,40,23,3,1,True
75,2019,Sunrisers Hyderabad,Abhishek Sharma,49,25,3,1,True
75,2019,Sunrisers Hyderabad,Travis Head,2,8,0,0,True
75,2019,Sunrisers Hyderabad,Nitish Kumar Reddy,8,9,0,0,True
75,2019,Sunrisers Hyderabad,Aman Pillai,24,21,1,0,True
75,2019,Sunrisers Hyderabad,Dev Malhotra,67,47,6,1,True
75,2019,Sunrisers Hyderabad,Anand Thakur,23,19,2,0,True
75,2019,Sunrisers Hyderabad,Karthik Verma,40,35,2,1,True
76,2019,Chennai Super Kings,MS Dhoni,28,19,2,0,True
76,2019,Chennai Super Kings,Ravindra Jadeja,0,4,0,0,False
76,2019,Chennai Super Kings,Ruturaj Gaikwad,12,18,1,0,False
76,2019,Chennai Super Kings,Shivam Dube,60,40,4,1,True
76,2019,Chennai Super Kings,Moeen Ali,0,2,0,0,True
76,2019,Chennai Super Kings,Kabir Pillai,44,34,3,1,True
76,2019,Chennai Super Kings,Varun Saxena,45,23,3,1,True
76,2019,Chennai Super Kings,Pranav Bhatt,24,21,1,1,True
76,2019,Delhi Capitals,Rishabh Pant,0,15,0,0,True
76,2019,Delhi Capitals,Axar Patel,33,30,2,1,True
76,2019,Delhi Capitals,Mitchell Marsh,19,18,1,0,False
76,2019,Delhi Capitals,Tristan Stubbs,33,26,2,0,True
76,2019,Delhi Capitals,Abishek Porel,49,29,5,1,True
76,2019,Delhi Capitals,Manish Trivedi,41,41,3,2,False
76,2019,Delhi Capitals,Sameer Nair,7,3,0,0,True
76,2019,Delhi Capitals,Kabir Bose,10,8,1,0,True
77,2019,Royal Challengers Bengaluru,Virat Kohli,140,57,9,6,False
77,2019,Royal Challengers Bengaluru,Faf du Plessis,23,12,1,1,True
77,2019,Royal Challengers Bengaluru,Glenn Maxwell,0,2,0,0,True
77,2019,Royal Challengers Bengaluru,Rajat Patidar,25,15,2,0,False
77,2019,Royal Challengers Bengaluru,Vivek Chauhan,11,10,0,0,True
77,2019,Royal Challengers Bengaluru,Sameer Iyer,34,27,3,1,True
77,2019,Kolkata Knight Riders,Shreyas Iyer,27,7,1,0,True
77,2019,Kolkata Knight Riders,Andre Russell,54,35,4,1,True
77,2019,Kolkata Knight Riders,Sunil Narine,3,11,0,0,True
77,2019,Kolkata Knight Riders,Rinku Singh,16,6,1,0,True
77,2019,Kolkata Knight Riders,Venkatesh Iyer,19,17,1,0,False
77,2019,Kolkata Knight Riders,Anand Nair,25,19,1,0,False
77,2019,Kolkata Knight Riders,Dev Kulkarni,43,34,4,1,True
77,2019,Kolkata Knight Riders,Arjun Kapoor,7,3,0,0,True
78,2019,Royal Challengers Bengaluru,Virat Kohli,103,45,8,4,False
78,2019,Royal Challengers Bengaluru,Faf du Plessis,24,33,1,0,True
78,2019,Royal Challengers Bengaluru,Glenn Maxwell,4,9,0,0,False
78,2019,Royal Challengers Bengaluru,Rajat Patidar,42,30,4,1,False
78,2019,Royal Challengers Bengaluru,Cameron Green,48,29,4,1,True
78,2019,Royal Challengers Bengaluru,Vivek Chauhan,26,31,1,0,True
78,2019,Royal Challengers Bengaluru,Sameer Iyer,41,32,4,1,False
78,2019,Royal Challengers Bengaluru,Abhishek Suresh,8,14,0,0,True
78,2019,Punjab Kings,Shikhar Dhawan,46,37,3,2,True
78,2019,Punjab Kings,Liam Livingstone,0,2,0,0,True
78,2019,Punjab Kings,Sam Curran,23,8,1,0,False
78,2019,Punjab Kings,Jitesh Sharma,32,21,3,1,True
78,2019,Punjab Kings,Prabhsimran Singh,10,12,0,0,True
78,2019,Punjab Kings,Ajay Joshi,44,26,3,1,True
78,2019,Punjab Kings,Varun Menon,26,12,2,0,True
78,2019,Punjab Kings,Deepak Chauhan,35,23,3,1,True
79,2019,Sunrisers Hyderabad,Heinrich Klaasen,45,37,4,1,True
79,2019,Sunrisers Hyderabad,Abhishek Sharma,42,34,3,1,True
79,2019,Sunrisers Hyderabad,Travis Head,19,20,2,0,True
79,2019,Sunrisers Hyderabad,Nitish Kumar Reddy,29,20,2,1,True
79,2019,Sunrisers Hyderabad,Aman Pillai,25,15,1,0,True
79,2019,Sunrisers Hyderabad,Dev Malhotra,6,14,0,0,True
79,2019,Sunrisers Hyderabad,Anand Thakur,18,6,2,0,False
79,2019,Sunrisers Hyderabad,Karthik Verma,58,35,5,1,True
79,2019,Gujarat Titans,Shubman Gill,19,11,1,0,True
79,2019,Gujarat Titans,Sai Sudharsan,9,12,0,0,False
79,2019,Gujarat Titans,David Miller,32,29,2,1,True
79,2019,Gujarat Titans,Rahul Tewatia,38,22,2,1,False
79,2019,Gujarat Titans,Harsh Rao,26,19,2,1,True
79,2019,Gujarat Titans,Karan Chatterjee,36,34,2,1,True
79,2019,Gujarat Titans,Sameer Malhotra,8,16,0,0,False
79,2019,Gujarat Titans,Sameer Dubey,27,22,2,1,False
80,2019,Kolkata Knight Riders,Shreyas Iyer,38,17,3,1,False
80,2019,Kolkata Knight Riders,Andre Russell,44,29,2,1,True
80,2019,Kolkata Knight Riders,Sunil Narine,21,20,1,0,True
80,2019,Kolkata Knight Riders,Rinku Singh,22,28,2,0,False
80,2019,Kolkata Knight Riders,Venkatesh Iyer,36,17,2,1,True
80,2019,Kolkata Knight Riders,Anand Nair,12,16,1,0,True
80,2019,Kolkata Knight Riders,Dev Kulkarni,19,17,1,0,False
80,2019,Kolkata Knight Riders,Arjun Kapoor,10,9,1,0,True
80,2019,Lucknow Super Giants,Nicholas Pooran,72,36,6,2,True
80,2019,Lucknow Super Giants,Ayush Badoni,59,39,5,2,False
80,2019,Lucknow Super Giants,Marcus Stoinis,3,2,0,0,False
80,2019,Lucknow Super Giants,Quinton de Kock,36,25,3,1,False
80,2019,Lucknow Super Giants,Nikhil Ghosh,32,16,3,0,True
80,2019,Lucknow Super Giants,Nikhil Reddy,10,11,0,0,True
80,2019,Lucknow Super Giants,Rohan Pillai,18,15,1,0,True
80,2019,Lucknow Super Giants,Varun Bhatt,37,28,2,1,True
81,2019,Kolkata Knight Riders,Shreyas Iyer,43,26,4,1,True
81,2019,Kolkata Knight Riders,Andre Russell,5,14,0,0,True
81,2019,Kolkata Knight Riders,Sunil Narine,23,19,2,0,True
81,2019,Kolkata Knight Riders,Rinku Singh,14,12,0,0,False
81,2019,Kolkata Knight Riders,Venkatesh Iyer,5,8,0,0,False
81,2019,Kolkata Knight Riders,Anand Nair,19,24,1,0,True
81,2019,Kolkata Knight Riders,Dev Kulkarni,46,29,4,1,False
81,2019,Kolkata Knight Riders,Arjun Kapoor,48,28,3,2,True
81,2019,Rajasthan Royals,Sanju Samson,5,8,0,0,True
81,2019,Rajasthan Royals,Yashasvi Jaiswal,70,34,7,2,True
81,2019,Rajasthan Royals,Jos Buttler,39,24,3,1,True
81,2019,Rajasthan Royals,Riyan Parag,7,9,0,0,False
81,2019,Rajasthan Royals,Dhruv Jurel,65,34,5,1,True
81,2019,Rajasthan Royals,Kabir Ghosh,17,20,1,0,True
81,2019,Rajasthan Royals,Yash Suresh,4,2,0,0,False
81,2019,Rajasthan Royals,Rahul Mehta,20,15,2,0,True
82,2019,Delhi Capitals,Rishabh Pant,36,24,3,1,True
82,2019,Delhi Capitals,Axar Patel,17,9,1,0,True
82,2019,Delhi Capitals,Mitchell Marsh,37,33,2,0,True
82,2019,Delhi Capitals,Tristan Stubbs,8,10,0,0,True
82,2019,Delhi Capitals,Abishek Porel,26,19,2,0,False
82,2019,Delhi Capitals,Manish Trivedi,12,9,0,0,False
82,2019,Delhi Capitals,Sameer Nair,23,15,2,0,True
82,2019,Delhi Capitals,Kabir Bose,12,26,0,0,True
82,2019,Punjab Kings,Shikhar Dhawan,0,5,0,0,True
82,2019,Punjab Kings,Liam Livingstone,47,28,5,1,True
82,2019,Punjab Kings,Sam Curran,13,5,1,0,True
82,2019,Punjab Kings,Jitesh Sharma,1,2,0,0,True
82,2019,Punjab Kings,Prabhsimran Singh,27,17,1,1,True
82,2019,Punjab Kings,Ajay Joshi,38,21,2,1,True
82,2019,Punjab Kings,Varun Menon,48,19,4,2,True
82,2019,Punjab Kings,Deepak Chauhan,35,24,2,1,False
83,2019,Kolkata Knight Riders,Shreyas Iyer,54,23,4,2,False
83,2019,Kolkata Knight Riders,Andre Russell,12,13,1,0,True
83,2019,Kolkata Knight Riders,Sunil Narine,30,20,3,1,False
83,2019,Kolkata Knight Riders,Rinku Singh,41,24,2,1,True
83,2019,Kolkata Knight Riders,Venkatesh Iyer,14,13,0,0,True
83,2019,Kolkata Knight Riders,Anand Nair,21,29,1,0,False
83,2019,Kolkata Knight Riders,Dev Kulkarni,41,31,3,1,True
83,2019,Kolkata Knight Riders,Arjun Kapoor,17,19,1,0,True
83,2019,Gujarat Titans,Shubman Gill,40,36,3,1,True
83,2019,Gujarat Titans,Sai Sudharsan,25,24,2,0,False
83,2019,Gujarat Titans,David Miller,29,25,2,0,True
83,2019,Gujarat Titans,Rahul Tewatia,11,8,0,0,True
83,2019,Gujarat Titans,Harsh Rao,19,32,1,0,True
83,2019,Gujarat Titans,Karan Chatterjee,32,29,3,1,False
83,2019,Gujarat Titans,Sameer Malhotra,38,27,3,1,True
83,2019,Gujarat Titans,Sameer Dubey,13,19,0,0,True
84,2019,Gujarat Titans,Shubman Gill,25,17,2,0,True
84,2019,Gujarat Titans,Sai Sudharsan,14,14,1,0,True
84,2019,Gujarat Titans,David Miller,38,28,3,1,True
84,2019,Gujarat Titans,Rahul Tewatia,25,15,1,0,True
84,2019,Gujarat Titans,Harsh Rao,0,5,0,0,True
84,2019,Gujarat Titans,Karan Chatterjee,60,36,6,2,True
84,2019,Gujarat Titans,Sameer Malhotra,0,2,0,0,True
84,2019,Gujarat Titans,Sameer Dubey,33,16,3,1,True
84,2019,Lucknow Super Giants,Nicholas Pooran,24,16,2,0,False
84,2019,Lucknow Super Giants,Ayush Badoni,32,19,3,1,True
84,2019,Lucknow Super Giants,Marcus Stoinis,29,14,3,1,True
84,2019,Lucknow Super Giants,Quinton de Kock,19,15,2,0,False
84,2019,Lucknow Super Giants,Nikhil Ghosh,22,14,2,0,False
84,2019,Lucknow Super Giants,Nikhil Reddy,38,21,4,1,False
84,2019,Lucknow Super Giants,Rohan Pillai,33,19,3,1,True
84,2019,Lucknow Super Giants,Varun Bhatt,24,19,2,1,True
85,2019,Chennai Super Kings,MS Dhoni,1,5,0,0,True
85,2019,Chennai Super Kings,Ravindra Jadeja,0,2,0,0,True
85,2019,Chennai Super Kings,Ruturaj Gaikwad,11,7,1,0,False
85,2019,Chennai Super Kings,Shivam Dube,22,20,2,0,True
85,2019,Chennai Super Kings,Moeen Ali,5,17,0,0,True
85,2019,Chennai Super Kings,Kabir Pillai,26,25,2,0,True
85,2019,Chennai Super Kings,Varun Saxena,31,25,2,1,True
85,2019,Chennai Super Kings,Pranav Bhatt,14,16,0,0,True
85,2019,Lucknow Super Giants,Nicholas Pooran,17,16,1,0,False
85,2019,Lucknow Super Giants,Ayush Badoni,52,28,5,1,True
85,2019,Lucknow Super Giants,Marcus Stoinis,16,19,1,0,True
85,2019,Lucknow Super Giants,Quinton de Kock,42,43,3,2,True
85,2019,Lucknow Super Giants,Nikhil Ghosh,5,9,0,0,True
85,2019,Lucknow Super Giants,Nikhil Reddy,9,17,0,0,True
85,2019,Lucknow Super Giants,Rohan Pillai,46,30,3,1,True
85,2019,Lucknow Super Giants,Varun Bhatt,23,13,1,0,True
86,2019,Chennai Super Kings,MS Dhoni,31,20,3,1,True
86,2019,Chennai Super Kings,Ravindra Jadeja,56,35,4,1,True
86,2019,Chennai Super Kings,Ruturaj Gaikwad,40,28,3,1,False
86,2019,Chennai Super Kings,Shivam Dube,37,34,2,1,True
86,2019,Chennai Super Kings,Moeen Ali,16,10,1,0,False
86,2019,Chennai Super Kings,Kabir Pillai,29,19,1,1,True
86,2019,Chennai Super Kings,Varun Saxena,36,34,2,1,False
86,2019,Chennai Super Kings,Pranav Bhatt,27,20,1,1,True
86,2019,Kolkata Knight Riders,Shreyas Iyer,41,20,3,1,True
86,2019,Kolkata Knight Riders,Andre Russell,34,16,3,1,False
86,2019,Kolkata Knight Riders,Sunil Narine,25,11,1,1,True
86,2019,Kolkata Knight Riders,Rinku Singh,40,37,2,1,True
86,2019,Kolkata Knight Riders,Venkatesh Iyer,17,16,1,0,False
86,2019,Kolkata Knight Riders,Anand Nair,39,28,4,1,True
86,2019,Kolkata Knight Riders,Dev Kulkarni,18,13,1,0,False
86,2019,Kolkata Knight Riders,Arjun Kapoor,28,19,2,0,True
87,2019,Mumbai Indians,Rohit Sharma,31,20,2,0,True
87,2019,Mumbai Indians,Suryakumar Yadav,30,15,1,1,True
87,2019,Mumbai Indians,Hardik Pandya,27,16,1,1,True
87,2019,Mumbai Indians,Ishan Kishan,29,20,1,1,True
87,2019,Mumbai Indians,Tilak Varma,8,7,0,0,True
87,2019,Mumbai Indians,Dev Rao,8,16,0,0,True
87,2019,Mumbai Indians,Karan Kapoor,16,20,1,0,True
87,2019,Mumbai Indians,Varun Nair,18,18,1,0,True
87,2019,Gujarat Titans,Shubman Gill,49,49,4,1,True
87,2019,Gujarat Titans,Sai Sudharsan,16,20,1,0,True
87,2019,Gujarat Titans,David Miller,18,4,1,0,True
87,2019,Gujarat Titans,Rahul Tewatia,49,37,4,2,True
87,2019,Gujarat Titans,Harsh Rao,16,8,1,0,False
87,2019,Gujarat Titans,Karan Chatterjee,38,40,3,1,True
87,2019,Gujarat Titans,Sameer Malhotra,22,20,1,0,True
87,2019,Gujarat Titans,Sameer Dubey,23,17,2,0,False
88,2019,Chennai Super Kings,MS Dhoni,43,36,3,1,True
88,2019,Chennai Super Kings,Ravindra Jadeja,39,31,3,1,True
88,2019,Chennai Super Kings,Ruturaj Gaikwad,37,24,3,1,False
88,2019,Chennai Super Kings,Shivam Dube,5,6,0,0,True
88,2019,Chennai Super Kings,Moeen Ali,22,25,1,1,True
88,2019,Chennai Super Kings,Kabir Pillai,40,29,3,1,True
88,2019,Chennai Super Kings,Varun Saxena,26,23,2,0,True
88,2019,Chennai Super Kings,Pranav Bhatt,0,1,0,0,False
88,2019,Gujarat Titans,Shubman Gill,53,35,5,1,True
88,2019,Gujarat Titans,Sai Sudharsan,48,35,3,1,True
88,2019,Gujarat Titans,David Miller,0,12,0,0,False
88,2019,Gujarat Titans,Rahul Tewatia,17,22,1,0,True
88,2019,Gujarat Titans,Harsh Rao,21,26,1,0,True
88,2019,Gujarat Titans,Karan Chatterjee,44,25,2,1,True
88,2019,Gujarat Titans,Sameer Malhotra,11,14,0,0,False
88,2019,Gujarat Titans,Sameer Dubey,55,42,5,1,True
89,2019,Chennai Super Kings,MS Dhoni,24,20,1,0,True
89,2019,Chennai Super Kings,Ravindra Jadeja,25,21,1,1,True
89,2019,Chennai Super Kings,Ruturaj Gaikwad,24,28,1,0,True
89,2019,Chennai Super Kings,Shivam Dube,25,24,1,1,False
89,2019,Chennai Super Kings,Moeen Ali,19,10,1,0,True
89,2019,Chennai Super Kings,Kabir Pillai,36,33,4,1,False
89,2019,Chennai Super Kings,Varun Saxena,27,27,2,1,False
89,2019,Chennai Super Kings,Pranav Bhatt,37,20,2,1,True
89,2019,Rajasthan Royals,Sanju Samson,23,19,2,1,False
89,2019,Rajasthan Royals,Yashasvi Jaiswal,42,24,4,1,True
89,2019,Rajasthan Royals,Jos Buttler,36,21,2,1,True
89,2019,Rajasthan Royals,Riyan Parag,45,26,4,1,True
89,2019,Rajasthan Royals,Dhruv Jurel,24,25,2,0,False
89,2019,Rajasthan Royals,Kabir Ghosh,28,23,2,1,True
89,2019,Rajasthan Royals,Yash Suresh,26,15,1,1,True
89,2019,Rajasthan Royals,Rahul Mehta,17,13,1,0,True
90,2019,Kolkata Knight Riders,Shreyas Iyer,69,37,4,3,True
90,2019,Kolkata Knight Riders,Andre Russell,22,20,1,0,True
90,2019,Kolkata Knight Riders,Sunil Narine,2,10,0,0,True
90,2019,Kolkata Knight Riders,Rinku Singh,57,33,5,1,True
90,2019,Kolkata Knight Riders,Venkatesh Iyer,17,12,1,0,True
90,2019,Kolkata Knight Riders,Anand Nair,48,28,4,1,False
90,2019,Kolkata Knight Riders,Dev Kulkarni,32,14,3,1,True
90,2019,Kolkata Knight Riders,Arjun Kapoor,23,33,1,0,True
90,2019,Delhi Capitals,Axar Patel,22,14,2,0,True
90,2019,Delhi Capitals,Mitchell Marsh,9,7,0,0,True
90,2019,Delhi Capitals,Tristan Stubbs,31,34,2,0,False
90,2019,Delhi Capitals,Abishek Porel,22,10,1,0,True
90,2019,Delhi Capitals,Manish Trivedi,13,14,1,0,True
90,2019,Delhi Capitals,Sameer Nair,29,21,1,1,True
90,2019,Delhi Capitals,Kabir Bose,43,34,4,1,True
91,2020,Delhi Capitals,Rishabh Pant,14,19,1,0,False
91,2020,Delhi Capitals,Axar Patel,24,20,2,0,True
91,2020,Delhi Capitals,Mitchell Marsh,18,11,1,0,False
91,2020,Delhi Capitals,Tristan Stubbs,43,36,3,1,True
91,2020,Delhi Capitals,Abishek Porel,12,21,1,0,True
91,2020,Delhi Capitals,Manish Trivedi,33,26,2,1,True
91,2020,Delhi Capitals,Sameer Nair,41,35,3,1,True
91,2020,Delhi Capitals,Kabir Bose,8,17,0,0,False
91,2020,Gujarat Titans,Shubman Gill,39,24,3,1,True
91,2020,Gujarat Titans,Sai Sudharsan,44,19,2,1,True
91,2020,Gujarat Titans,David Miller,63,32,4,2,True
91,2020,Gujarat Titans,Rahul Tewatia,15,7,1,0,False
91,2020,Gujarat Titans,Harsh Rao,29,29,1,0,False
91,2020,Gujarat Titans,Karan Chatterjee,22,25,1,0,True
91,2020,Gujarat Titans,Sameer Malhotra,37,25,2,1,False
91,2020,Gujarat Titans,Sameer Dubey,23,20,1,0,False
92,2020,Kolkata Knight Riders,Shreyas Iyer,25,25,1,0,False
92,2020,Kolkata Knight Riders,Andre Russell,27,12,3,0,True
92,2020,Kolkata Knight Riders,Sunil Narine,18,14,1,0,True
92,2020,Kolkata Knight Riders,Rinku Singh,0,3,0,0,True
92,2020,Kolkata Knight Riders,Venkatesh Iyer,11,15,0,0,False
92,2020,Kolkata Knight Riders,Anand Nair,28,33,3,1,True
92,2020,Kolkata Knight Riders,Dev Kulkarni,35,12,3,1,False
92,2020,Kolkata Knight Riders,Arjun Kapoor,59,35,5,2,False
92,2020,Lucknow Super Giants,Nicholas Pooran,41,40,4,1,True
92,2020,Lucknow Super Giants,Ayush Badoni,29,27,2,0,True
92,2020,Lucknow Super Giants,Marcus Stoinis,46,32,3,1,False
92,2020,Lucknow Super Giants,Quinton de Kock,37,25,3,1,True
92,2020,Lucknow Super Giants,Nikhil Ghosh,26,29,2,1,False
92,2020,Lucknow Super Giants,Nikhil Reddy,32,18,2,0,True
92,2020,Lucknow Super Giants,Rohan Pillai,20,17,1,0,True
92,2020,Lucknow Super Giants,Varun Bhatt,28,24,1,1,True
93,2020,Mumbai Indians,Rohit Sharma,61,36,5,2,True
93,2020,Mumbai Indians,Suryakumar Yadav,54,40,5,1,True
93,2020,Mumbai Indians,Hardik Pandya,62,44,5,2,True
93,2020,Mumbai Indians,Ishan Kishan,48,33,3,1,False
93,2020,Mumbai Indians,Tilak Varma,28,22,1,0,False
93,2020,Mumbai Indians,Dev Rao,52,39,4,1,True
93,2020,Mumbai Indians,Karan Kapoor,28,32,2,0,False
93,2020,Mumbai Indians,Varun Nair,31,17,2,1,True
93,2020,Delhi Capitals,Rishabh Pant,52,41,4,2,True
93,2020,Delhi Capitals,Axar Patel,22,16,1,0,True
93,2020,Delhi Capitals,Mitchell Marsh,36,31,3,0,False
93,2020,Delhi Capitals,Tristan Stubbs,37,23,2,1,False
93,2020,Delhi Capitals,Abishek Porel,43,23,4,1,True
93,2020,Delhi Capitals,Manish Trivedi,56,27,5,2,True
93,2020,Delhi Capitals,Sameer Nair,42,33,4,1,True
93,2020,Delhi Capitals,Kabir Bose,13,25,1,0,True
94,2020,Rajasthan Royals,Sanju Samson,59,34,4,1,True
94,2020,Rajasthan Royals,Yashasvi Jaiswal,0,4,0,0,True
94,2020,Rajasthan Royals,Jos Buttler,58,26,6,2,True
94,2020,Rajasthan Royals,Riyan Parag,31,16,3,1,True
94,2020,Rajasthan Royals,Dhruv Jurel,41,23,4,1,True
94,2020,Rajasthan Royals,Kabir Ghosh,32,27,2,1,False
94,2020,Rajasthan Royals,Yash Suresh,7,6,0,0,True
94,2020,Rajasthan Royals,Rahul Mehta,6,9,0,0,True
94,2020,Gujarat Titans,Shubman Gill,48,26,5,2,True
94,2020,Gujarat Titans,Sai Sudharsan,46,42,2,1,False
94,2020,Gujarat Titans,David Miller,19,14,1,0,True
94,2020,Gujarat Titans,Rahul Tewatia,13,7,0,0,True
94,2020,Gujarat Titans,Harsh Rao,17,8,1,0,False
94,2020,Gujarat Titans,Karan Chatterjee,35,14,3,1,True
94,2020,Gujarat Titans,Sameer Malhotra,34,22,3,1,True
94,2020,Gujarat Titans,Sameer Dubey,47,27,3,1,True
95,2020,Royal Challengers Bengaluru,Virat Kohli,148,75,11,6,False
95,2020,Royal Challengers Bengaluru,Faf du Plessis,33,30,3,1,True
95,2020,Royal Challengers Bengaluru,Glenn Maxwell,21,13,1,0,False
95,2020,Royal Challengers Bengaluru,Rajat Patidar,20,12,1,0,False
95,2020,Royal Challengers Bengaluru,Cameron Green,0,11,0,0,True
95,2020,Royal Challengers Bengaluru,Vivek Chauhan,10,13,1,0,True
95,2020,Royal Challengers Bengaluru,Sameer Iyer,67,44,5,2,False
95,2020,Royal Challengers Bengaluru,Abhishek Suresh,36,38,3,1,True
95,2020,Gujarat Titans,Shubman Gill,35,31,2,1,False
95,2020,Gujarat Titans,Sai Sudharsan,20,12,2,0,False
95,2020,Gujarat Titans,David Miller,35,28,3,1,False
95,2020,Gujarat Titans,Rahul Tewatia,24,16,2,0,True
95,2020,Gujarat Titans,Harsh Rao,29,26,2,0,True
95,2020,Gujarat Titans,Karan Chatterjee,38,23,2,1,True
95,2020,Gujarat Titans,Sameer Malhotra,51,37,5,1,True
95,2020,Gujarat Titans,Sameer Dubey,24,26,1,1,True
96,2020,Mumbai Indians,Rohit Sharma,63,32,6,2,True
96,2020,Mumbai Indians,Suryakumar Yadav,25,31,2,1,True
96,2020,Mumbai Indians,Hardik Pandya,3,3,0,0,True
96,2020,Mumbai Indians,Ishan Kishan,23,16,1,1,True
96,2020,Mumbai Indians,Tilak Varma,35,21,2,0,True
96,2020,Mumbai Indians,Dev Rao,11,14,0,0,True
96,2020,Mumbai Indians,Karan Kapoor,52,39,5,2,True
96,2020,Mumbai Indians,Varun Nair,25,30,1,1,True
96,2020,Chennai Super Kings,MS Dhoni,6,9,0,0,True
96,2020,Chennai Super Kings,Ravindra Jadeja,29,13,2,1,True
96,2020,Chennai Super Kings,Ruturaj Gaikwad,41,28,3,1,False
96,2020,Chennai Super Kings,Shivam Dube,51,28,5,2,True
96,2020,Chennai Super Kings,Moeen Ali,32,25,3,0,True
96,2020,Chennai Super Kings,Kabir Pillai,44,26,4,1,False
96,2020,Chennai Super Kings,Varun Saxena,36,23,3,1,True
96,2020,Chennai Super Kings,Pranav Bhatt,26,11,2,0,True
97,2020,Chennai Super Kings,MS Dhoni,0,13,0,0,True
97,2020,Chennai Super Kings,Ravindra Jadeja,36,28,3,1,True
97,2020,Chennai Super Kings,Ruturaj Gaikwad,40,24,3,1,True
97,2020,Chennai Super Kings,Shivam Dube,21,13,1,0,True
97,2020,Chennai Super Kings,Moeen Ali,3,12,0,0,True
97,2020,Chennai Super Kings,Kabir Pillai,24,13,1,0,True
97,2020,Chennai Super Kings,Varun Saxena,64,38,6,2,False
97,2020,Chennai Super Kings,Pranav Bhatt,11,12,0,0,True
97,2020,Kolkata Knight Riders,Shreyas Iyer,37,26,3,1,True
97,2020,Kolkata Knight Riders,Andre Russell,23,23,2,0,False
97,2020,Kolkata Knight Riders,Sunil Narine,20,21,1,0,True
97,2020,Kolkata Knight Riders,Rinku Singh,24,31,2,1,True
97,2020,Kolkata Knight Riders,Venkatesh Iyer,0,19,0,0,True
97,2020,Kolkata Knight Riders,Anand Nair,11,14,1,0,False
97,2020,Kolkata Knight Riders,Dev Kulkarni,40,31,4,1,True
97,2020,Kolkata Knight Riders,Arjun Kapoor,35,22,3,0,True
98,2020,Delhi Capitals,Rishabh Pant,28,20,3,1,True
98,2020,Delhi Capitals,Mitchell Marsh,48,31,4,1,True
98,2020,Delhi Capitals,Tristan Stubbs,17,19,1,0,False
98,2020,Delhi Capitals,Abishek Porel,30,28,2,1,False
98,2020,Delhi Capitals,Manish Trivedi,46,38,3,1,True
98,2020,Delhi Capitals,Sameer Nair,23,27,2,1,True
98,2020,Delhi Capitals,Kabir Bose,5,12,0,0,False
98,2020,Rajasthan Royals,Sanju Samson,30,15,2,0,False
98,2020,Rajasthan Royals,Yashasvi Jaiswal,6,17,0,0,True
98,2020,Rajasthan Royals,Jos Buttler,2,20,0,0,False
98,2020,Rajasthan Royals,Riyan Parag,14,20,1,0,False
98,2020,Rajasthan Royals,Dhruv Jurel,11,11,1,0,True
98,2020,Rajasthan Royals,Kabir Ghosh,20,22,1,0,True
98,2020,Rajasthan Royals,Yash Suresh,5,15,0,0,True
98,2020,Rajasthan Royals,Rahul Mehta,49,42,3,1,False
99,2020,Kolkata Knight Riders,Shreyas Iyer,30,31,2,1,True
99,2020,Kolkata Knight Riders,Andre Russell,53,25,3,2,True
99,2020,Kolkata Knight Riders,Sunil Narine,11,13,0,0,True
99,2020,Kolkata Knight Riders,Rinku Singh,16,8,1,0,True
99,2020,Kolkata Knight Riders,Venkatesh Iyer,40,24,2,1,False
99,2020,Kolkata Knight Riders,Anand Nair,4,15,0,0,False
99,2020,Kolkata Knight Riders,Dev Kulkarni,9,9,0,0,False
99,2020,Kolkata Knight Riders,Arjun Kapoor,25,29,2,0,True
99,2020,Sunrisers Hyderabad,Heinrich Klaasen,41,38,4,1,False
99,2020,Sunrisers Hyderabad,Abhishek Sharma,41,28,3,1,True
99,2020,Sunrisers Hyderabad,Travis Head,54,35,3,1,True
99,2020,Sunrisers Hyderabad,Nitish Kumar Reddy,7,12,0,0,False
99,2020,Sunrisers Hyderabad,Aman Pillai,3,17,0,0,True
99,2020,Sunrisers Hyderabad,Dev Malhotra,38,26,3,1,False
99,2020,Sunrisers Hyderabad,Anand Thakur,35,22,3,1,True
99,2020,Sunrisers Hyderabad,Karthik Verma,42,34,4,1,True
100,2020,Punjab Kings,Shikhar Dhawan,11,2,0,0,True
100,2020,Punjab Kings,Liam Livingstone,38,42,3,1,True
100,2020,Punjab Kings,Sam Curran,35,27,2,1,True
100,2020,Punjab Kings,Jitesh Sharma,13,15,1,0,True
100,2020,Punjab Kings,Prabhsimran Singh,14,14,1,0,False
100,2020,Punjab Kings,Ajay Joshi,28,24,1,1,True
100,2020,Punjab Kings,Varun Menon,47,23,4,2,True
100,2020,Punjab Kings,Deepak Chauhan,29,16,3,0,True
100,2020,Gujarat Titans,Shubman Gill,38,28,3,1,True
100,2020,Gujarat Titans,Sai Sudharsan,44,31,2,1,True
100,2020,Gujarat Titans,David Miller,51,24,4,1,True
100,2020,Gujarat Titans,Rahul Tewatia,8,14,0,0,False
100,2020,Gujarat Titans,Harsh Rao,39,22,3,1,False
100,2020,Gujarat Titans,Karan Chatterjee,56,37,4,2,True
100,2020,Gujarat Titans,Sameer Malhotra,30,26,1,1,True
100,2020,Gujarat Titans,Sameer Dubey,43,26,3,1,True
101,2020,Royal Challengers Bengaluru,Virat Kohli,123,50,9,5,True
101,2020,Royal Challengers Bengaluru,Faf du Plessis,48,41,4,1,True
101,2020,Royal Challengers Bengaluru,Glenn Maxwell,25,15,1,0,False
101,2020,Royal Challengers Bengaluru,Rajat Patidar,23,21,1,1,True
101,2020,Royal Challengers Bengaluru,Vivek Chauhan,52,37,4,2,True
101,2020,Royal Challengers Bengaluru,Sameer Iyer,25,23,2,1,True
101,2020,Royal Challengers Bengaluru,Abhishek Suresh,27,13,1,1,True
101,2020,Sunrisers Hyderabad,Heinrich Klaasen,22,24,2,0,True
101,2020,Sunrisers Hyderabad,Abhishek Sharma,41,28,3,1,False
101,2020,Sunrisers Hyderabad,Travis Head,39,37,3,1,False
101,2020,Sunrisers Hyderabad,Nitish Kumar Reddy,16,10,1,0,False
101,2020,Sunrisers Hyderabad,Aman Pillai,35,23,3,1,False
101,2020,Sunrisers Hyderabad,Dev Malhotra,26,25,2,0,True
101,2020,Sunrisers Hyderabad,Anand Thakur,27,31,2,1,True
102,2020,Sunrisers Hyderabad,Heinrich Klaasen,38,26,3,1,False
102,2020,Sunrisers Hyderabad,Abhishek Sharma,24,23,1,0,False
102,2020,Sunrisers Hyderabad,Travis Head,31,19,2,1,True
102,2020,Sunrisers Hyderabad,Nitish Kumar Reddy,0,1,0,0,True
102,2020,Sunrisers Hyderabad,Aman Pillai,60,40,5,2,True
102,2020,Sunrisers Hyderabad,Dev Malhotra,45,35,3,1,False
102,2020,Sunrisers Hyderabad,Karthik Verma,20,24,1,0,True
102,2020,Gujarat Titans,Shubman Gill,35,28,3,0,False
102,2020,Gujarat Titans,Sai Sudharsan,32,26,2,1,False
102,2020,Gujarat Titans,David Miller,35,18,2,0,False
102,2020,Gujarat Titans,Rahul Tewatia,16,4,1,0,True
102,2020,Gujarat Titans,Harsh Rao,14,18,0,0,True
102,2020,Gujarat Titans,Karan Chatterjee,29,11,2,1,False
102,2020,Gujarat Titans,Sameer Malhotra,19,14,1,0,True
102,2020,Gujarat Titans,Sameer Dubey,27,24,2,0,True
103,2020,Rajasthan Royals,Sanju Samson,15,8,1,0,False
103,2020,Rajasthan Royals,Yashasvi Jaiswal,44,32,4,1,False
103,2020,Rajasthan Royals,Jos Buttler,37,40,2,1,False
103,2020,Rajasthan Royals,Riyan Parag,44,27,3,1,True
103,2020,Rajasthan Royals,Dhruv Jurel,29,10,2,1,True
103,2020,Rajasthan Royals,Kabir Ghosh,55,42,6,1,True
103,2020,Rajasthan Royals,Yash Suresh,43,18,4,1,False
103,2020,Rajasthan Royals,Rahul Mehta,35,21,3,1,False
103,2020,Sunrisers Hyderabad,Heinrich Klaasen,17,13,1,0,False
103,2020,Sunrisers Hyderabad,Abhishek Sharma,10,12,1,0,True
103,2020,Sunrisers Hyderabad,Travis Head,24,17,2,1,True
103,2020,Sunrisers Hyderabad,Nitish Kumar Reddy,12,12,1,0,False
103,2020,Sunrisers Hyderabad,Aman Pillai,0,4,0,0,True
103,2020,Sunrisers Hyderabad,Dev Malhotra,11,6,0,0,True
103,2020,Sunrisers Hyderabad,Anand Thakur,9,15,0,0,True
103,2020,Sunrisers Hyderabad,Karthik Verma,38,34,3,1,True
104,2020,Chennai Super Kings,MS Dhoni,17,17,1,0,True
104,2020,Chennai Super Kings,Ravindra Jadeja,17,19,1,0,True
104,2020,Chennai Super Kings,Ruturaj Gaikwad,43,34,3,1,False
104,2020,Chennai Super Kings,Shivam Dube,14,9,1,0,False
104,2020,Chennai Super Kings,Moeen Ali,28,24,2,1,False
104,2020,Chennai Super Kings,Kabir Pillai,63,36,6,1,False
104,2020,Chennai Super Kings,Varun Saxena,41,40,4,1,True
104,2020,Chennai Super Kings,Pranav Bhatt,39,20,4,1,True
104,2020,Royal Challengers Bengaluru,Virat Kohli,55,22,4,2,True
104,2020,Royal Challengers Bengaluru,Faf du Plessis,22,18,1,0,True
104,2020,Royal Challengers Bengaluru,Glenn Maxwell,3,6,0,0,True
104,2020,Royal Challengers Bengaluru,Rajat Patidar,53,26,4,1,True
104,2020,Royal Challengers Bengaluru,Cameron Green,8,1,0,0,True
104,2020,Royal Challengers Bengaluru,Vivek Chauhan,37,35,2,1,True
104,2020,Royal Challengers Bengaluru,Sameer Iyer,35,33,2,1,True
104,2020,Royal Challengers Bengaluru,Abhishek Suresh,35,37,3,1,False
105,2020,Mumbai Indians,Rohit Sharma,25,22,2,0,True
105,2020,Mumbai Indians,Suryakumar Yadav,60,35,5,2,True
105,2020,Mumbai Indians,Hardik Pandya,53,34,4,1,True
105,2020,Mumbai Indians,Ishan Kishan,54,39,4,1,False
105,2020,Mumbai Indians,Tilak Varma,29,16,1,0,True
105,2020,Mumbai Indians,Dev Rao,18,12,1,0,True
105,2020,Mumbai Indians,Karan Kapoor,25,21,2,0,True
105,2020,Mumbai Indians,Varun Nair,31,14,3,1,True
105,2020,Gujarat Titans,Shubman Gill,13,9,1,0,True
105,2020,Gujarat Titans,Sai Sudharsan,19,25,1,0,True
105,2020,Gujarat Titans,David Miller,44,26,4,1,True
105,2020,Gujarat Titans,Rahul Tewatia,30,20,2,1,True
105,2020,Gujarat Titans,Harsh Rao,46,32,4,1,True
105,2020,Gujarat Titans,Karan Chatterjee,34,24,3,1,True
105,2020,Gujarat Titans,Sameer Malhotra,22,21,1,0,False
105,2020,Gujarat Titans,Sameer Dubey,31,21,2,0,True
106,2020,Chennai Super Kings,MS Dhoni,24,26,1,1,False
106,2020,Chennai Super Kings,Ravindra Jadeja,21,14,1,0,False
106,2020,Chennai Super Kings,Ruturaj Gaikwad,24,11,1,0,True
106,2020,Chennai Super Kings,Shivam Dube,28,37,2,1,True
106,2020,Chennai Super Kings,Moeen Ali,43,43,4,2,True
106,2020,Chennai Super Kings,Kabir Pillai,10,14,1,0,True
106,2020,Chennai Super Kings,Varun Saxena,18,20,1,0,False
106,2020,Gujarat Titans,Shubman Gill,14,11,1,0,True
106,2020,Gujarat Titans,Sai Sudharsan,39,29,3,1,True
106,2020,Gujarat Titans,David Miller,45,31,3,1,True
106,2020,Gujarat Titans,Rahul Tewatia,25,14,2,0,True
106,2020,Gujarat Titans,Harsh Rao,44,26,3,1,False
106,2020,Gujarat Titans,Karan Chatterjee,42,23,3,1,True
106,2020,Gujarat Titans,Sameer Malhotra,50,42,3,1,True
106,2020,Gujarat Titans,Sameer Dubey,43,37,4,1,True
107,2020,Delhi Capitals,Rishabh Pant,52,40,5,2,True
107,2020,Delhi Capitals,Axar Patel,6,12,0,0,True
107,2020,Delhi Capitals,Mitchell Marsh,11,22,0,0,False
107,2020,Delhi Capitals,Tristan Stubbs,37,20,3,1,True
107,2020,Delhi Capitals,Abishek Porel,11,11,0,0,True
107,2020,Delhi Capitals,Manish Trivedi,72,38,5,3,True
107,2020,Delhi Capitals,Sameer Nair,0,3,0,0,False
107,2020,Delhi Capitals,Kabir Bose,19,12,1,0,True
107,2020,Sunrisers Hyderabad,Heinrich Klaasen,54,30,5,1,False
107,2020,Sunrisers Hyderabad,Abhishek Sharma,78,50,6,3,False
107,2020,Sunrisers Hyderabad,Travis Head,43,28,2,1,True
107,2020,Sunrisers Hyderabad,Nitish Kumar Reddy,4,9,0,0,True
107,2020,Sunrisers Hyderabad,Aman Pillai,24,12,2,0,True
107,2020,Sunrisers Hyderabad,Dev Malhotra,33,21,3,1,True
107,2020,Sunrisers Hyderabad,Anand Thakur,27,26,1,1,True
107,2020,Sunrisers Hyderabad,Karthik Verma,11,5,0,0,True
108,2020,Mumbai Indians,Rohit Sharma,16,23,1,0,True
108,2020,Mumbai Indians,Suryakumar Yadav,34,28,3,1,True
108,2020,Mumbai Indians,Hardik Pandya,29,30,1,1,True
108,2020,Mumbai Indians,Ishan Kishan,51,36,5,1,True
108,2020,Mumbai Indians,Tilak Varma,52,44,5,2,True
108,2020,Mumbai Indians,Dev Rao,23,22,1,0,True
108,2020,Mumbai Indians,Karan Kapoor,35,25,3,1,False
108,2020,Mumbai Indians,Varun Nair,24,6,2,1,False
108,2020,Lucknow Super Giants,Nicholas Pooran,31,18,2,1,False
108,2020,Lucknow Super Giants,Ayush Badoni,14,10,1,0,True
108,2020,Lucknow Super Giants,Marcus Stoinis,9,15,0,0,True
108,2020,Lucknow Super Giants,Quinton de Kock,41,32,3,1,False
108,2020,Lucknow Super Giants,Nikhil Ghosh,37,27,3,1,False
108,2020,Lucknow Super Giants,Nikhil Reddy,42,23,3,1,True
108,2020,Lucknow Super Giants,Rohan Pillai,0,5,0,0,False
108,2020,Lucknow Super Giants,Varun Bhatt,24,18,2,0,True
109,2020,Mumbai Indians,Rohit Sharma,36,24,2,1,False
109,2020,Mumbai Indians,Suryakumar Yadav,26,22,2,0,False
109,2020,Mumbai Indians,Hardik Pandya,25,15,2,1,True
109,2020,Mumbai Indians,Ishan Kishan,36,28,2,1,False
109,2020,Mumbai Indians,Tilak Varma,45,38,3,1,True
109,2020,Mumbai Indians,Dev Rao,36,23,3,1,False
109,2020,Mumbai Indians,Karan Kapoor,29,24,3,0,True
109,2020,Rajasthan Royals,Sanju Samson,15,19,1,0,True
109,2020,Rajasthan Royals,Yashasvi Jaiswal,35,17,2,0,False
109,2020,Rajasthan Royals,Jos Buttler,26,13,1,1,False
109,2020,Rajasthan Royals,Riyan Parag,0,3,0,0,True
109,2020,Rajasthan Royals,Dhruv Jurel,20,14,1,0,False
109,2020,Rajasthan Royals,Kabir Ghosh,34,26,3,1,True
109,2020,Rajasthan Royals,Yash Suresh,13,14,1,0,True
109,2020,Rajasthan Royals,Rahul Mehta,10,18,0,0,False
110,2020,Chennai Super Kings,MS Dhoni,7,7,0,0,False
110,2020,Chennai Super Kings,Ravindra Jadeja,18,13,1,0,False
110,2020,Chennai Super Kings,Ruturaj Gaikwad,59,40,3,2,True
110,2020,Chennai Super Kings,Shivam Dube,15,17,1,0,False
110,2020,Chennai Super Kings,Moeen Ali,20,22,1,0,True
110,2020,Chennai Super Kings,Kabir Pillai,25,21,1,0,True
110,2020,Chennai Super Kings,Varun Saxena,31,22,2,1,True
110,2020,Chennai Super Kings,Pranav Bhatt,34,16,2,1,False
110,2020,Lucknow Super Giants,Nicholas Pooran,11,22,1,0,True
110,2020,Lucknow Super Giants,Ayush Badoni,21,22,1,1,True
110,2020,Lucknow Super Giants,Marcus Stoinis,32,33,3,1,True
110,2020,Lucknow Super Giants,Quinton de Kock,55,48,5,2,True
110,2020,Lucknow Super Giants,Nikhil Ghosh,56,31,6,2,False
110,2020,Lucknow Super Giants,Nikhil Reddy,44,29,3,1,True
110,2020,Lucknow Super Giants,Rohan Pillai,42,28,3,1,True
110,2020,Lucknow Super Giants,Varun Bhatt,25,18,1,0,True
111,2020,Kolkata Knight Riders,Shreyas Iyer,31,26,2,1,True
111,2020,Kolkata Knight Riders,Andre Russell,7,2,0,0,True
111,2020,Kolkata Knight Riders,Sunil Narine,16,15,1,0,True
111,2020,Kolkata Knight Riders,Rinku Singh,6,8,0,0,False
111,2020,Kolkata Knight Riders,Venkatesh Iyer,50,34,3,1,True
111,2020,Kolkata Knight Riders,Anand Nair,29,23,2,1,False
111,2020,Kolkata Knight Riders,Dev Kulkarni,38,33,4,1,True
111,2020,Kolkata Knight Riders,Arjun Kapoor,16,18,1,0,True
111,2020,Gujarat Titans,Shubman Gill,43,26,3,1,False
111,2020,Gujarat Titans,Sai Sudharsan,8,11,0,0,False
111,2020,Gujarat Titans,David Miller,29,24,3,0,True
111,2020,Gujarat Titans,Rahul Tewatia,22,10,2,0,True
111,2020,Gujarat Titans,Harsh Rao,14,23,1,0,False
111,2020,Gujarat Titans,Karan Chatterjee,54,37,4,2,False
111,2020,Gujarat Titans,Sameer Malhotra,45,31,4,1,False
111,2020,Gujarat Titans,Sameer Dubey,14,23,0,0,True
112,2020,Chennai Super Kings,Ruturaj Gaikwad,23,27,1,0,True
112,2020,Chennai Super Kings,Shivam Dube,37,30,3,1,True
112,2020,Chennai Super Kings,Moeen Ali,31,22,3,1,True
112,2020,Chennai Super Kings,Kabir Pillai,27,21,1,1,False
112,2020,Chennai Super Kings,Varun Saxena,37,32,3,1,False
112,2020,Chennai Super Kings,Pranav Bhatt,39,28,3,1,False
112,2020,Rajasthan Royals,Sanju Samson,53,37,5,1,False
112,2020,Rajasthan Royals,Yashasvi Jaiswal,58,48,6,2,True
112,2020,Rajasthan Royals,Jos Buttler,18,27,1,0,False
112,2020,Rajasthan Royals,Riyan Parag,44,30,3,1,True
112,2020,Rajasthan Royals,Dhruv Jurel,0,2,0,0,True
112,2020,Rajasthan Royals,Kabir Ghosh,26,18,2,1,True
112,2020,Rajasthan Royals,Yash Suresh,20,22,1,0,True
112,2020,Rajasthan Royals,Rahul Mehta,37,19,2,1,True
113,2020,Chennai Super Kings,MS Dhoni,20,19,2,0,True
113,2020,Chennai Super Kings,Ravindra Jadeja,1,7,0,0,True
113,2020,Chennai Super Kings,Ruturaj Gaikwad,22,13,2,0,False
113,2020,Chennai Super Kings,Shivam Dube,6,11,0,0,True
113,2020,Chennai Super Kings,Moeen Ali,25,27,2,0,True
113,2020,Chennai Super Kings,Kabir Pillai,59,36,4,2,True
113,2020,Chennai Super Kings,Varun Saxena,47,26,4,1,True
113,2020,Chennai Super Kings,Pranav Bhatt,62,38,5,1,False
113,2020,Delhi Capitals,Rishabh Pant,30,19,3,1,True
113,2020,Delhi Capitals,Axar Patel,58,23,4,2,True
113,2020,Delhi Capitals,Mitchell Marsh,29,33,2,1,False
113,2020,Delhi Capitals,Tristan Stubbs,29,34,1,1,True
113,2020,Delhi Capitals,Abishek Porel,15,16,1,0,True
113,2020,Delhi Capitals,Manish Trivedi,16,11,1,0,False
113,2020,Delhi Capitals,Sameer Nair,43,32,4,1,True
113,2020,Delhi Capitals,Kabir Bose,51,28,5,2,True
114,2020,Mumbai Indians,Rohit Sharma,17,18,1,0,False
114,2020,Mumbai Indians,Suryakumar Yadav,16,15,1,0,False
114,2020,Mumbai Indians,Hardik Pandya,55,39,4,2,True
114,2020,Mumbai Indians,Ishan Kishan,21,19,2,0,True
114,2020,Mumbai Indians,Tilak Varma,15,16,1,0,True
114,2020,Mumbai Indians,Dev Rao,22,17,1,0,True
114,2020,Mumbai Indians,Karan Kapoor,17,13,1,0,False
114,2020,Mumbai Indians,Varun Nair,0,1,0,0,False
114,2020,Punjab Kings,Shikhar Dhawan,53,29,5,1,True
114,2020,Punjab Kings,Liam Livingstone,47,22,3,1,True
114,2020,Punjab Kings,Sam Curran,24,18,2,1,True
114,2020,Punjab Kings,Jitesh Sharma,31,18,2,0,True
114,2020,Punjab Kings,Prabhsimran Singh,20,24,2,0,True
114,2020,Punjab Kings,Ajay Joshi,21,24,1,0,True
114,2020,Punjab Kings,Varun Menon,16,16,1,0,True
114,2020,Punjab Kings,Deepak Chauhan,20,20,1,0,True
115,2020,Delhi Capitals,Rishabh Pant,33,25,2,1,False
115,2020,Delhi Capitals,Axar Patel,41,20,2,1,False
115,2020,Delhi Capitals,Mitchell Marsh,24,14,1,0,True
115,2020,Delhi Capitals,Tristan Stubbs,19,15,1,0,False
115,2020,Delhi Capitals,Abishek Porel,12,16,1,0,True
115,2020,Delhi Capitals,Manish Trivedi,6,12,0,0,True
115,2020,Delhi Capitals,Sameer Nair,42,26,3,1,True
115,2020,Delhi Capitals,Kabir Bose,20,21,1,0,True
115,2020,Lucknow Super Giants,Nicholas Pooran,43,32,3,1,True
115,2020,Lucknow Super Giants,Ayush Badoni,7,4,0,0,True
115,2020,Lucknow Super Giants,Marcus Stoinis,39,22,4,1,True
115,2020,Lucknow Super Giants,Quinton de Kock,7,15,0,0,True
115,2020,Lucknow Super Giants,Nikhil Ghosh,8,20,0,0,True
115,2020,Lucknow Super Giants,Nikhil Reddy,6,15,0,0,True
115,2020,Lucknow Super Giants,Rohan Pillai,32,19,2,1,True
115,2020,Lucknow Super Giants,Varun Bhatt,33,27,2,1,True
116,2020,Royal Challengers Bengaluru,Virat Kohli,145,55,9,6,True
116,2020,Royal Challengers Bengaluru,Faf du Plessis,45,28,4,2,True
116,2020,Royal Challengers Bengaluru,Glenn Maxwell,21,21,1,1,True
116,2020,Royal Challengers Bengaluru,Rajat Patidar,44,30,4,1,False
116,2020,Royal Challengers Bengaluru,Cameron Green,38,32,3,1,True
116,2020,Royal Challengers Bengaluru,Vivek Chauhan,13,14,0,0,False
116,2020,Royal Challengers Bengaluru,Sameer Iyer,67,34,4,3,True
116,2020,Royal Challengers Bengaluru,Abhishek Suresh,43,22,3,1,False
116,2020,Delhi Capitals,Rishabh Pant,25,33,2,0,True
116,2020,Delhi Capitals,Axar Patel,20,7,1,0,True
116,2020,Delhi Capitals,Mitchell Marsh,14,5,1,0,True
116,2020,Delhi Capitals,Tristan Stubbs,25,29,1,1,True
116,2020,Delhi Capitals,Abishek Porel,39,25,4,1,True
116,2020,Delhi Capitals,Manish Trivedi,33,24,2,0,False
116,2020,Delhi Capitals,Sameer Nair,14,14,1,0,True
116,2020,Delhi Capitals,Kabir Bose,29,26,3,1,True
117,2020,Chennai Super Kings,MS Dhoni,4,7,0,0,True
117,2020,Chennai Super Kings,Ravindra Jadeja,17,26,1,0,False
117,2020,Chennai Super Kings,Ruturaj Gaikwad,43,30,4,1,True
117,2020,Chennai Super Kings,Shivam Dube,53,32,3,2,False
117,2020,Chennai Super Kings,Moeen Ali,32,31,2,1,False
117,2020,Chennai Super Kings,Kabir Pillai,36,23,3,1,True
117,2020,Chennai Super Kings,Varun Saxena,31,26,3,0,True
117,2020,Chennai Super Kings,Pranav Bhatt,44,28,3,1,True
117,2020,Punjab Kings,Shikhar Dhawan,41,25,4,1,True
117,2020,Punjab Kings,Liam Livingstone,24,27,2,0,True
117,2020,Punjab Kings,Sam Curran,27,22,2,0,True
117,2020,Punjab Kings,Jitesh Sharma,46,44,5,1,True
117,2020,Punjab Kings,Prabhsimran Singh,30,21,1,0,True
117,2020,Punjab Kings,Ajay Joshi,15,17,0,0,False
117,2020,Punjab Kings,Varun Menon,20,17,1,0,True
117,2020,Punjab Kings,Deepak Chauhan,34,26,3,1,True
118,2020,Royal Challengers Bengaluru,Virat Kohli,149,56,15,6,False
118,2020,Royal Challengers Bengaluru,Faf du Plessis,10,15,0,0,False
118,2020,Royal Challengers Bengaluru,Glenn Maxwell,25,11,1,0,True
118,2020,Royal Challengers Bengaluru,Rajat Patidar,43,27,2,1,True
118,2020,Royal Challengers Bengaluru,Cameron Green,27,19,2,1,True
118,2020,Royal Challengers Bengaluru,Vivek Chauhan,36,20,2,1,True
118,2020,Royal Challengers Bengaluru,Sameer Iyer,34,31,2,1,True
118,2020,Royal Challengers Bengaluru,Abhishek Suresh,49,23,4,2,False
118,2020,Punjab Kings,Shikhar Dhawan,18,15,1,0,True
118,2020,Punjab Kings,Liam Livingstone,13,16,0,0,False
118,2020,Punjab Kings,Sam Curran,0,4,0,0,False
118,2020,Punjab Kings,Jitesh Sharma,14,14,0,0,False
118,2020,Punjab Kings,Prabhsimran Singh,28,28,2,1,True
118,2020,Punjab Kings,Ajay Joshi,9,27,0,0,True
118,2020,Punjab Kings,Varun Menon,24,34,2,0,True
118,2020,Punjab Kings,Deepak Chauhan,36,23,3,0,True
119,2020,Chennai Super Kings,MS Dhoni,12,15,1,0,True
119,2020,Chennai Super Kings,Ravindra Jadeja,40,16,3,1,True
119,2020,Chennai Super Kings,Ruturaj Gaikwad,31,22,2,0,False
119,2020,Chennai Super Kings,Shivam Dube,29,18,2,0,True
119,2020,Chennai Super Kings,Moeen Ali,36,19,2,1,False
119,2020,Chennai Super Kings,Kabir Pillai,67,46,4,2,True
119,2020,Chennai Super Kings,Varun Saxena,54,35,4,1,False
119,2020,Chennai Super Kings,Pranav Bhatt,44,28,3,1,True
119,2020,Sunrisers Hyderabad,Abhishek Sharma,46,29,2,2,True
119,2020,Sunrisers Hyderabad,Travis Head,3,14,0,0,True
119,2020,Sunrisers Hyderabad,Nitish Kumar Reddy,27,19,2,0,True
119,2020,Sunrisers Hyderabad,Aman Pillai,0,9,0,0,False
119,2020,Sunrisers Hyderabad,Dev Malhotra,51,32,3,1,False
119,2020,Sunrisers Hyderabad,Anand Thakur,61,28,5,2,False
119,2020,Sunrisers Hyderabad,Karthik Verma,18,18,1,0,False
120,2020,Sunrisers Hyderabad,Heinrich Klaasen,23,20,2,0,True
120,2020,Sunrisers Hyderabad,Abhishek Sharma,34,27,3,1,True
120,2020,Sunrisers Hyderabad,Travis Head,50,29,4,1,False
120,2020,Sunrisers Hyderabad,Nitish Kumar Reddy,41,29,4,1,True
120,2020,Sunrisers Hyderabad,Aman Pillai,46,35,5,1,False
120,2020,Sunrisers Hyderabad,Dev Malhotra,25,21,2,0,True
120,2020,Sunrisers Hyderabad,Anand Thakur,63,40,6,2,True
120,2020,Sunrisers Hyderabad,Karthik Verma,1,10,0,0,True
120,2020,Lucknow Super Giants,Nicholas Pooran,21,13,2,1,True
120,2020,Lucknow Super Giants,Ayush Badoni,12,9,0,0,True
120,2020,Lucknow Super Giants,Marcus Stoinis,25,18,2,1,True
120,2020,Lucknow Super Giants,Quinton de Kock,29,26,3,0,True
120,2020,Lucknow Super Giants,Nikhil Ghosh,21,14,1,0,True
120,2020,Lucknow Super Giants,Nikhil Reddy,30,18,2,0,True
120,2020,Lucknow Super Giants,Rohan Pillai,19,11,2,0,True
120,2020,Lucknow Super Giants,Varun Bhatt,57,38,5,1,True
121,2020,Punjab Kings,Liam Livingstone,7,8,0,0,True
121,2020,Punjab Kings,Sam Curran,29,17,1,1,True
121,2020,Punjab Kings,Jitesh Sharma,63,42,6,2,False
121,2020,Punjab Kings,Prabhsimran Singh,30,15,2,1,True
121,2020,Punjab Kings,Ajay Joshi,23,21,2,0,False
121,2020,Punjab Kings,Varun Menon,6,21,0,0,True
121,2020,Punjab Kings,Deepak Chauhan,45,25,3,1,True
121,2020,Lucknow Super Giants,Nicholas Pooran,25,21,1,1,True
121,2020,Lucknow Super Giants,Ayush Badoni,19,15,1,0,True
121,2020,Lucknow Super Giants,Marcus Stoinis,17,14,1,0,False
121,2020,Lucknow Super Giants,Quinton de Kock,45,29,3,1,False
121,2020,Lucknow Super Giants,Nikhil Ghosh,2,8,0,0,False
121,2020,Lucknow Super Giants,Nikhil Reddy,14,14,1,0,True
121,2020,Lucknow Super Giants,Rohan Pillai,33,20,3,1,True
121,2020,Lucknow Super Giants,Varun Bhatt,12,6,1,0,True
122,2020,Royal Challengers Bengaluru,Virat Kohli,117,43,9,3,False
122,2020,Royal Challengers Bengaluru,Faf du Plessis,18,14,1,0,True
122,2020,Royal Challengers Bengaluru,Glenn Maxwell,36,29,3,1,False
122,2020,Royal Challengers Bengaluru,Rajat Patidar,23,21,1,0,False
122,2020,Royal Challengers Bengaluru,Cameron Green,23,18,1,0,True
122,2020,Royal Challengers Bengaluru,Vivek Chauhan,22,21,1,0,False
122,2020,Royal Challengers Bengaluru,Sameer Iyer,55,42,5,2,True
122,2020,Royal Challengers Bengaluru,Abhishek Suresh,63,38,6,2,True
122,2020,Kolkata Knight Riders,Shreyas Iyer,20,17,1,0,True
122,2020,Kolkata Knight Riders,Andre Russell,26,16,2,1,False
122,2020,Kolkata Knight Riders,Sunil Narine,54,30,5,1,False
122,2020,Kolkata Knight Riders,Rinku Singh,68,48,4,2,True
122,2020,Kolkata Knight Riders,Anand Nair,26,21,2,0,False
122,2020,Kolkata Knight Riders,Dev Kulkarni,50,32,4,1,False
122,2020,Kolkata Knight Riders,Arjun Kapoor,22,25,1,0,True
123,2020,Mumbai Indians,Rohit Sharma,39,24,2,1,True
123,2020,Mumbai Indians,Suryakumar Yadav,52,37,5,1,True
123,2020,Mumbai Indians,Hardik Pandya,15,10,1,0,True
123,2020,Mumbai Indians,Ishan Kishan,25,5,2,0,True
123,2020,Mumbai Indians,Tilak Varma,34,22,3,0,True
123,2020,Mumbai Indians,Dev Rao,46,27,3,2,True
123,2020,Mumbai Indians,Karan Kapoor,12,17,1,0,False
123,2020,Mumbai Indians,Varun Nair,18,22,1,0,True
123,2020,Sunrisers Hyderabad,Heinrich Klaasen,40,25,3,1,False
123,2020,Sunrisers Hyderabad,Abhishek Sharma,66,39,6,2,False
123,2020,Sunrisers Hyderabad,Travis Head,31,25,3,1,False
123,2020,Sunrisers Hyderabad,Nitish Kumar Reddy,13,11,1,0,True
123,2020,Sunrisers Hyderabad,Aman Pillai,16,20,1,0,True
123,2020,Sunrisers Hyderabad,Dev Malhotra,38,26,3,1,True
123,2020,Sunrisers Hyderabad,Anand Thakur,47,30,5,1,True
123,2020,Sunrisers Hyderabad,Karthik Verma,28,24,1,0,False
124,2020,Kolkata Knight Riders,Shreyas Iyer,26,18,1,0,True
124,2020,Kolkata Knight Riders,Andre Russell,8,11,0,0,True
124,2020,Kolkata Knight Riders,Sunil Narine,47,29,4,1,True
124,2020,Kolkata Knight Riders,Rinku Singh,20,13,1,0,True
124,2020,Kolkata Knight Riders,Venkatesh Iyer,13,9,1,0,True
124,2020,Kolkata Knight Riders,Anand Nair,40,20,3,1,True
124,2020,Kolkata Knight Riders,Dev Kulkarni,12,12,1,0,False
124,2020,Kolkata Knight Riders,Arjun Kapoor,15,25,1,0,True
124,2020,Punjab Kings,Shikhar Dhawan,51,42,4,2,True
124,2020,Punjab Kings,Liam Livingstone,33,30,2,1,False
124,2020,Punjab Kings,Jitesh Sharma,10,19,0,0,True
124,2020,Punjab Kings,Prabhsimran Singh,22,10,1,1,True
124,2020,Punjab Kings,Ajay Joshi,28,24,2,1,True
124,2020,Punjab Kings,Varun Menon,24,15,1,0,True
124,2020,Punjab Kings,Deepak Chauhan,15,19,1,0,True
125,2020,Royal Challengers Bengaluru,Virat Kohli,75,33,8,2,False
125,2020,Royal Challengers Bengaluru,Faf du Plessis,16,8,1,0,False
125,2020,Royal Challengers Bengaluru,Glenn Maxwell,37,34,3,1,True
125,2020,Royal Challengers Bengaluru,Rajat Patidar,71,42,7,2,True
125,2020,Royal Challengers Bengaluru,Cameron Green,70,37,6,3,True
125,2020,Royal Challengers Bengaluru,Vivek Chauhan,36,26,3,1,True
125,2020,Royal Challengers Bengaluru,Sameer Iyer,27,27,2,1,True
125,2020,Royal Challengers Bengaluru,Abhishek Suresh,34,21,2,1,True
125,2020,Lucknow Super Giants,Nicholas Pooran,47,26,4,1,False
125,2020,Lucknow Super Giants,Ayush Badoni,45,37,3,1,True
125,2020,Lucknow Super Giants,Marcus Stoinis,33,27,2,1,True
125,2020,Lucknow Super Giants,Quinton de Kock,32,22,3,1,False
125,2020,Lucknow Super Giants,Nikhil Ghosh,35,33,3,1,True
125,2020,Lucknow Super Giants,Nikhil Reddy,30,24,2,0,True
125,2020,Lucknow Super Giants,Rohan Pillai,0,4,0,0,True
125,2020,Lucknow Super Giants,Varun Bhatt,38,22,3,1,True
126,2020,Gujarat Titans,Shubman Gill,35,21,3,0,False
126,2020,Gujarat Titans,Sai Sudharsan,66,30,5,1,True
126,2020,Gujarat Titans,David Miller,53,28,5,2,False
126,2020,Gujarat Titans,Rahul Tewatia,31,23,2,1,True
126,2020,Gujarat Titans,Harsh Rao,51,30,3,2,False
126,2020,Gujarat Titans,Karan Chatterjee,67,41,5,2,True
126,2020,Gujarat Titans,Sameer Malhotra,61,37,5,2,True
126,2020,Gujarat Titans,Sameer Dubey,29,24,2,1,True
126,2020,Lucknow Super Giants,Nicholas Pooran,43,31,4,1,False
126,2020,Lucknow Super Giants,Ayush Badoni,47,30,3,2,True
126,2020,Lucknow Super Giants,Marcus Stoinis,34,26,2,0,True
126,2020,Lucknow Super Giants,Quinton de Kock,0,14,0,0,True
126,2020,Lucknow Super Giants,Nikhil Ghosh,3,7,0,0,True
126,2020,Lucknow Super Giants,Nikhil Reddy,25,17,2,1,False
126,2020,Lucknow Super Giants,Rohan Pillai,8,2,0,0,True
126,2020,Lucknow Super Giants,Varun Bhatt,7,15,0,0,True
127,2020,Kolkata Knight Riders,Shreyas Iyer,38,26,3,1,True
127,2020,Kolkata Knight Riders,Andre Russell,37,20,2,1,True
127,2020,Kolkata Knight Riders,Sunil Narine,23,12,2,0,True
127,2020,Kolkata Knight Riders,Rinku Singh,18,26,1,0,True
127,2020,Kolkata Knight Riders,Venkatesh Iyer,11,13,0,0,False
127,2020,Kolkata Knight Riders,Anand Nair,14,24,1,0,True
127,2020,Kolkata Knight Riders,Dev Kulkarni,51,29,4,1,True
127,2020,Kolkata Knight Riders,Arjun Kapoor,47,25,3,1,True
127,2020,Delhi Capitals,Rishabh Pant,50,36,3,1,True
127,2020,Delhi Capitals,Axar Patel,41,26,4,1,True
127,2020,Delhi Capitals,Mitchell Marsh,21,21,1,0,False
127,2020,Delhi Capitals,Tristan Stubbs,28,13,2,0,True
127,2020,Delhi Capitals,Abishek Porel,41,24,4,1,False
127,2020,Delhi Capitals,Manish Trivedi,17,19,1,0,False
127,2020,Delhi Capitals,Sameer Nair,8,17,0,0,True
127,2020,Delhi Capitals,Kabir Bose,20,22,1,0,True
128,2020,Punjab Kings,Shikhar Dhawan,32,22,2,1,False
128,2020,Punjab Kings,Sam Curran,4,10,0,0,False
128,2020,Punjab Kings,Jitesh Sharma,54,28,4,1,True
128,2020,Punjab Kings,Prabhsimran Singh,19,18,1,0,True
128,2020,Punjab Kings,Ajay Joshi,7,8,0,0,True
128,2020,Punjab Kings,Varun Menon,17,23,1,0,False
128,2020,Punjab Kings,Deepak Chauhan,55,26,4,2,True
128,2020,Sunrisers Hyderabad,Heinrich Klaasen,33,33,2,1,True
128,2020,Sunrisers Hyderabad,Abhishek Sharma,54,32,5,2,False
128,2020,Sunrisers Hyderabad,Travis Head,34,23,2,0,True
128,2020,Sunrisers Hyderabad,Nitish Kumar Reddy,24,17,1,0,True
128,2020,Sunrisers Hyderabad,Aman Pillai,24,6,1,0,True
128,2020,Sunrisers Hyderabad,Dev Malhotra,18,15,1,0,True
128,2020,Sunrisers Hyderabad,Anand Thakur,20,30,2,0,False
128,2020,Sunrisers Hyderabad,Karthik Verma,34,27,3,1,True
129,2020,Rajasthan Royals,Sanju Samson,22,17,2,0,True
129,2020,Rajasthan Royals,Yashasvi Jaiswal,21,17,2,0,True
129,2020,Rajasthan Royals,Jos Buttler,14,15,1,0,False
129,2020,Rajasthan Royals,Riyan Parag,38,23,3,1,True
129,2020,Rajasthan Royals,Dhruv Jurel,0,4,0,0,True
129,2020,Rajasthan Royals,Kabir Ghosh,9,14,0,0,False
129,2020,Rajasthan Royals,Yash Suresh,61,47,5,1,True
129,2020,Rajasthan Royals,Rahul Mehta,29,28,2,1,True
129,2020,Lucknow Super Giants,Nicholas Pooran,20,10,1,0,False
129,2020,Lucknow Super Giants,Ayush Badoni,23,21,2,0,True
129,2020,Lucknow Super Giants,Marcus Stoinis,21,12,1,0,True
129,2020,Lucknow Super Giants,Quinton de Kock,19,8,1,0,False
129,2020,Lucknow Super Giants,Nikhil Ghosh,3,4,0,0,True
129,2020,Lucknow Super Giants,Nikhil Reddy,14,4,1,0,True
129,2020,Lucknow Super Giants,Rohan Pillai,30,26,2,0,True
129,2020,Lucknow Super Giants,Varun Bhatt,26,25,2,0,True
130,2020,Mumbai Indians,Rohit Sharma,31,32,2,1,True
130,2020,Mumbai Indians,Suryakumar Yadav,11,6,0,0,True
130,2020,Mumbai Indians,Hardik Pandya,23,12,2,0,False
130,2020,Mumbai Indians,Ishan Kishan,42,28,3,1,True
130,2020,Mumbai Indians,Tilak Varma,14,14,1,0,True
130,2020,Mumbai Indians,Dev Rao,39,26,2,1,True
130,2020,Mumbai Indians,Karan Kapoor,35,25,2,1,False
130,2020,Mumbai Indians,Varun Nair,28,15,2,1,True
130,2020,Royal Challengers Bengaluru,Virat Kohli,93,37,7,4,False
130,2020,Royal Challengers Bengaluru,Faf du Plessis,27,23,2,0,True
130,2020,Royal Challengers Bengaluru,Glenn Maxwell,34,27,3,1,True
130,2020,Royal Challengers Bengaluru,Rajat Patidar,8,19,0,0,True
130,2020,Royal Challengers Bengaluru,Cameron Green,35,29,3,1,False
130,2020,Royal Challengers Bengaluru,Vivek Chauhan,33,28,3,1,True
130,2020,Royal Challengers Bengaluru,Sameer Iyer,22,25,2,0,True
131,2020,Punjab Kings,Shikhar Dhawan,42,38,4,2,True
131,2020,Punjab Kings,Liam Livingstone,12,8,1,0,False
131,2020,Punjab Kings,Sam Curran,26,12,1,0,True
131,2020,Punjab Kings,Jitesh Sharma,0,4,0,0,True
131,2020,Punjab Kings,Prabhsimran Singh,37,32,3,1,True
131,2020,Punjab Kings,Ajay Joshi,27,21,2,0,False
131,2020,Punjab Kings,Varun Menon,13,11,0,0,True
131,2020,Punjab Kings,Deepak Chauhan,59,43,3,1,True
131,2020,Rajasthan Royals,Sanju Samson,35,31,2,1,True
131,2020,Rajasthan Royals,Yashasvi Jaiswal,9,8,0,0,True
131,2020,Rajasthan Royals,Jos Buttler,27,25,1,0,True
131,2020,Rajasthan Royals,Riyan Parag,26,19,2,1,False
131,2020,Rajasthan Royals,Dhruv Jurel,52,30,4,1,True
131,2020,Rajasthan Royals,Kabir Ghosh,48,23,4,2,True
131,2020,Rajasthan Royals,Yash Suresh,43,29,3,1,True
131,2020,Rajasthan Royals,Rahul Mehta,6,13,0,0,True
132,2020,Delhi Capitals,Rishabh Pant,21,22,1,0,False
132,2020,Delhi Capitals,Axar Patel,25,20,2,0,False
132,2020,Delhi Capitals,Mitchell Marsh,19,16,1,0,True
132,2020,Delhi Capitals,Tristan Stubbs,18,26,1,0,True
132,2020,Delhi Capitals,Abishek Porel,47,26,3,1,False
132,2020,Delhi Capitals,Manish Trivedi,23,20,2,1,True
132,2020,Delhi Capitals,Sameer Nair,29,23,1,1,True
132,2020,Delhi Capitals,Kabir Bose,26,24,2,0,False
132,2020,Punjab Kings,Shikhar Dhawan,13,7,1,0,True
132,2020,Punjab Kings,Liam Livingstone,32,24,3,1,False
132,2020,Punjab Kings,Sam Curran,39,26,3,1,True
132,2020,Punjab Kings,Jitesh Sharma,44,38,3,1,True
132,2020,Punjab Kings,Prabhsimran Singh,27,22,2,1,False
132,2020,Punjab Kings,Ajay Joshi,17,15,1,0,False
132,2020,Punjab Kings,Varun Menon,14,17,1,0,False
132,2020,Punjab Kings,Deepak Chauhan,23,7,2,0,False
133,2020,Mumbai Indians,Rohit Sharma,34,23,3,1,True
133,2020,Mumbai Indians,Suryakumar Yadav,45,29,4,1,True
133,2020,Mumbai Indians,Hardik Pandya,0,1,0,0,True
133,2020,Mumbai Indians,Ishan Kishan,47,38,4,1,True
133,2020,Mumbai Indians,Tilak Varma,27,15,2,1,True
133,2020,Mumbai Indians,Dev Rao,17,17,1,0,False
133,2020,Mumbai Indians,Karan Kapoor,31,19,2,0,True
133,2020,Mumbai Indians,Varun Nair,23,17,1,1,True
133,2020,Kolkata Knight Riders,Shreyas Iyer,14,8,1,0,False
133,2020,Kolkata Knight Riders,Andre Russell,63,39,6,2,False
133,2020,Kolkata Knight Riders,Rinku Singh,44,30,3,1,True
133,2020,Kolkata Knight Riders,Venkatesh Iyer,29,25,2,0,True
133,2020,Kolkata Knight Riders,Anand Nair,36,32,4,1,True
133,2020,Kolkata Knight Riders,Dev Kulkarni,38,29,2,1,True
133,2020,Kolkata Knight Riders,Arjun Kapoor,30,20,2,0,True
134,2020,Royal Challengers Bengaluru,Virat Kohli,98,45,6,3,True
134,2020,Royal Challengers Bengaluru,Faf du Plessis,55,29,4,1,True
134,2020,Royal Challengers Bengaluru,Glenn Maxwell,22,25,1,0,True
134,2020,Royal Challengers Bengaluru,Rajat Patidar,18,25,1,0,True
134,2020,Royal Challengers Bengaluru,Cameron Green,42,27,4,1,True
134,2020,Royal Challengers Bengaluru,Vivek Chauhan,36,17,3,1,True
134,2020,Royal Challengers Bengaluru,Sameer Iyer,37,21,3,1,True
134,2020,Royal Challengers Bengaluru,Abhishek Suresh,26,13,2,0,True
134,2020,Rajasthan Royals,Sanju Samson,40,24,3,1,False
134,2020,Rajasthan Royals,Yashasvi Jaiswal,0,9,0,0,True
134,2020,Rajasthan Royals,Jos Buttler,40,38,4,1,True
134,2020,Rajasthan Royals,Riyan Parag,29,29,2,0,True
134,2020,Rajasthan Royals,Dhruv Jurel,32,24,3,1,True
134,2020,Rajasthan Royals,Kabir Ghosh,37,26,3,1,False
134,2020,Rajasthan Royals,Yash Suresh,45,31,4,1,True
134,2020,Rajasthan Royals,Rahul Mehta,7,7,0,0,False
135,2020,Kolkata Knight Riders,Shreyas Iyer,45,25,4,1,True
135,2020,Kolkata Knight Riders,Sunil Narine,46,28,4,1,True
135,2020,Kolkata Knight Riders,Rinku Singh,74,47,8,3,True
135,2020,Kolkata Knight Riders,Venkatesh Iyer,5,8,0,0,False
135,2020,Kolkata Knight Riders,Anand Nair,40,30,4,1,True
135,2020,Kolkata Knight Riders,Dev Kulkarni,59,38,6,2,True
135,2020,Kolkata Knight Riders,Arjun Kapoor,23,13,1,0,True
135,2020,Rajasthan Royals,Sanju Samson,14,21,1,0,True
135,2020,Rajasthan Royals,Yashasvi Jaiswal,49,27,4,2,False
135,2020,Rajasthan Royals,Jos Buttler,44,21,3,1,False
135,2020,Rajasthan Royals,Riyan Parag,9,13,0,0,False
135,2020,Rajasthan Royals,Dhruv Jurel,35,29,2,1,True
135,2020,Rajasthan Royals,Kabir Ghosh,21,22,1,0,False
135,2020,Rajasthan Royals,Yash Suresh,25,19,2,0,True
135,2020,Rajasthan Royals,Rahul Mehta,50,26,3,1,True
136,2021,Royal Challengers Bengaluru,Virat Kohli,115,47,11,3,False
136,2021,Royal Challengers Bengaluru,Faf du Plessis,13,9,0,0,True
136,2021,Royal Challengers Bengaluru,Glenn Maxwell,23,11,1,0,True
136,2021,Royal Challengers Bengaluru,Rajat Patidar,33,21,3,1,True
136,2021,Royal Challengers Bengaluru,Cameron Green,36,21,3,1,False
136,2021,Royal Challengers Bengaluru,Vivek Chauhan,14,19,1,0,False
136,2021,Royal Challengers Bengaluru,Sameer Iyer,35,19,2,1,True
136,2021,Royal Challengers Bengaluru,Abhishek Suresh,32,29,3,1,True
136,2021,Delhi Capitals,Rishabh Pant,6,22,0,0,True
136,2021,Delhi Capitals,Axar Patel,37,17,2,1,True
136,2021,Delhi Capitals,Mitchell Marsh,0,3,0,0,True
136,2021,Delhi Capitals,Tristan Stubbs,12,23,1,0,True
136,2021,Delhi Capitals,Abishek Porel,33,21,2,1,True
136,2021,Delhi Capitals,Manish Trivedi,43,38,2,1,True
136,2021,Delhi Capitals,Sameer Nair,16,17,1,0,True
136,2021,Delhi Capitals,Kabir Bose,31,20,3,1,True
137,2021,Chennai Super Kings,MS Dhoni,10,20,0,0,True
137,2021,Chennai Super Kings,Ravindra Jadeja,56,45,5,1,False
137,2021,Chennai Super Kings,Ruturaj Gaikwad,59,34,4,2,True
137,2021,Chennai Super Kings,Shivam Dube,5,2,0,0,False
137,2021,Chennai Super Kings,Moeen Ali,52,44,4,1,True
137,2021,Chennai Super Kings,Kabir Pillai,21,22,1,0,True
137,2021,Chennai Super Kings,Varun Saxena,27,15,2,0,False
137,2021,Chennai Super Kings,Pranav Bhatt,66,38,4,2,True
137,2021,Sunrisers Hyderabad,Heinrich Klaasen,49,41,4,2,True
137,2021,Sunrisers Hyderabad,Abhishek Sharma,44,25,3,1,True
137,2021,Sunrisers Hyderabad,Travis Head,19,18,1,0,True
137,2021,Sunrisers Hyderabad,Nitish Kumar Reddy,22,11,1,0,False
137,2021,Sunrisers Hyderabad,Aman Pillai,27,15,1,0,True
137,2021,Sunrisers Hyderabad,Dev Malhotra,45,40,4,1,True
137,2021,Sunrisers Hyderabad,Anand Thakur,14,4,1,0,True
137,2021,Sunrisers Hyderabad,Karthik Verma,35,20,3,1,False
138,2021,Chennai Super Kings,MS Dhoni,48,35,3,2,True
138,2021,Chennai Super Kings,Ravindra Jadeja,48,37,3,1,False
138,2021,Chennai Super Kings,Ruturaj Gaikwad,51,27,5,1,True
138,2021,Chennai Super Kings,Shivam Dube,18,17,1,0,True
138,2021,Chennai Super Kings,Moeen Ali,4,8,0,0,True
138,2021,Chennai Super Kings,Kabir Pillai,22,14,1,1,False
138,2021,Chennai Super Kings,Varun Saxena,44,27,4,1,True
138,2021,Chennai Super Kings,Pranav Bhatt,46,26,5,2,True
138,2021,Kolkata Knight Riders,Shreyas Iyer,6,17,0,0,True
138,2021,Kolkata Knight Riders,Andre Russell,32,22,2,0,True
138,2021,Kolkata Knight Riders,Rinku Singh,31,23,3,1,True
138,2021,Kolkata Knight Riders,Venkatesh Iyer,15,22,1,0,False
138,2021,Kolkata Knight Riders,Anand Nair,26,20,2,1,True
138,2021,Kolkata Knight Riders,Dev Kulkarni,8,6,0,0,True
138,2021,Kolkata Knight Riders,Arjun Kapoor,28,27,2,1,False
139,2021,Royal Challengers Bengaluru,Virat Kohli,105,39,9,5,False
139,2021,Royal Challengers Bengaluru,Faf du Plessis,51,25,4,1,True
139,2021,Royal Challengers Bengaluru,Glenn Maxwell,26,23,2,1,True
139,2021,Royal Challengers Bengaluru,Rajat Patidar,33,24,3,1,True
139,2021,Royal Challengers Bengaluru,Cameron Green,39,23,4,1,True
139,2021,Royal Challengers Bengaluru,Vivek Chauhan,27,20,2,1,False
139,2021,Royal Challengers Bengaluru,Sameer Iyer,65,46,6,2,False
139,2021,Royal Challengers Bengaluru,Abhishek Suresh,20,24,2,0,True
139,2021,Kolkata Knight Riders,Shreyas Iyer,35,22,3,1,True
139,2021,Kolkata Knight Riders,Andre Russell,7,16,0,0,True
139,2021,Kolkata Knight Riders,Sunil Narine,13,9,1,0,False
139,2021,Kolkata Knight Riders,Rinku Singh,20,17,1,0,True
139,2021,Kolkata Knight Riders,Venkatesh Iyer,46,22,3,2,True
139,2021,Kolkata Knight Riders,Anand Nair,48,48,5,2,False
139,2021,Kolkata Knight Riders,Dev Kulkarni,51,31,4,1,True
139,2021,Kolkata Knight Riders,Arjun Kapoor,25,28,1,0,True
140,2021,Kolkata Knight Riders,Shreyas Iyer,36,23,2,0,True
140,2021,Kolkata Knight Riders,Andre Russell,34,18,2,1,True
140,2021,Kolkata Knight Riders,Sunil Narine,19,31,1,0,True
140,2021,Kolkata Knight Riders,Rinku Singh,31,25,3,1,True
140,2021,Kolkata Knight Riders,Venkatesh Iyer,6,3,0,0,True
140,2021,Kolkata Knight Riders,Anand Nair,14,11,1,0,True
140,2021,Kolkata Knight Riders,Dev Kulkarni,10,4,0,0,True
140,2021,Kolkata Knight Riders,Arjun Kapoor,39,30,3,1,True
140,2021,Lucknow Super Giants,Nicholas Pooran,48,34,4,1,True
140,2021,Lucknow Super Giants,Ayush Badoni,53,30,5,1,True
140,2021,Lucknow Super Giants,Marcus Stoinis,22,10,1,0,False
140,2021,Lucknow Super Giants,Quinton de Kock,46,23,4,1,True
140,2021,Lucknow Super Giants,Nikhil Ghosh,8,13,0,0,True
140,2021,Lucknow Super Giants,Nikhil Reddy,19,4,2,0,True
140,2021,Lucknow Super Giants,Rohan Pillai,38,28,3,1,True
140,2021,Lucknow Super Giants,Varun Bhatt,41,35,4,1,True
141,2021,Mumbai Indians,Rohit Sharma,16,18,1,0,False
141,2021,Mumbai Indians,Suryakumar Yadav,31,29,3,0,True
141,2021,Mumbai Indians,Hardik Pandya,49,27,4,1,False
141,2021,Mumbai Indians,Ishan Kishan,42,32,3,1,True
141,2021,Mumbai Indians,Tilak Varma,1,10,0,0,False
141,2021,Mumbai Indians,Dev Rao,16,12,1,0,True
141,2021,Mumbai Indians,Karan Kapoor,44,25,3,1,True
141,2021,Mumbai Indians,Varun Nair,33,22,2,1,False
141,2021,Royal Challengers Bengaluru,Virat Kohli,79,32,8,3,True
141,2021,Royal Challengers Bengaluru,Faf du Plessis,45,24,4,1,True
141,2021,Royal Challengers Bengaluru,Glenn Maxwell,52,35,3,2,True
141,2021,Royal Challengers Bengaluru,Rajat Patidar,36,24,4,0,True
141,2021,Royal Challengers Bengaluru,Cameron Green,42,27,3,1,True
141,2021,Royal Challengers Bengaluru,Sameer Iyer,23,20,1,1,False
141,2021,Royal Challengers Bengaluru,Abhishek Suresh,29,14,1,0,False
142,2021,Kolkata Knight Riders,Shreyas Iyer,13,23,1,0,True
142,2021,Kolkata Knight Riders,Andre Russell,10,19,0,0,True
142,2021,Kolkata Knight Riders,Sunil Narine,61,36,4,2,False
142,2021,Kolkata Knight Riders,Rinku Singh,14,18,1,0,True
142,2021,Kolkata Knight Riders,Venkatesh Iyer,23,13,2,0,True
142,2021,Kolkata Knight Riders,Anand Nair,19,17,1,0,True
142,2021,Kolkata Knight Riders,Dev Kulkarni,25,23,1,0,True
142,2021,Kolkata Knight Riders,Arjun Kapoor,37,28,2,1,True
142,2021,Gujarat Titans,Shubman Gill,18,21,1,0,True
142,2021,Gujarat Titans,Sai Sudharsan,42,39,4,2,True
142,2021,Gujarat Titans,David Miller,41,32,3,1,True
142,2021,Gujarat Titans,Rahul Tewatia,10,6,0,0,True
142,2021,Gujarat Titans,Harsh Rao,73,37,6,2,True
142,2021,Gujarat Titans,Karan Chatterjee,34,26,2,1,True
142,2021,Gujarat Titans,Sameer Malhotra,22,26,1,0,True
142,2021,Gujarat Titans,Sameer Dubey,18,15,1,0,False
143,2021,Kolkata Knight Riders,Shreyas Iyer,55,41,4,1,True
143,2021,Kolkata Knight Riders,Andre Russell,41,23,3,2,False
143,2021,Kolkata Knight Riders,Sunil Narine,15,4,1,0,False
143,2021,Kolkata Knight Riders,Rinku Singh,17,5,1,0,True
143,2021,Kolkata Knight Riders,Venkatesh Iyer,40,18,4,1,False
143,2021,Kolkata Knight Riders,Dev Kulkarni,40,26,4,1,True
143,2021,Kolkata Knight Riders,Arjun Kapoor,46,40,4,1,True
143,2021,Delhi Capitals,Rishabh Pant,34,31,3,1,False
143,2021,Delhi Capitals,Axar Patel,29,18,2,1,True
143,2021,Delhi Capitals,Mitchell Marsh,0,7,0,0,True
143,2021,Delhi Capitals,Tristan Stubbs,16,26,1,0,False
143,2021,Delhi Capitals,Abishek Porel,26,25,2,0,True
143,2021,Delhi Capitals,Manish Trivedi,30,21,2,1,False
143,2021,Delhi Capitals,Sameer Nair,16,11,1,0,True
143,2021,Delhi Capitals,Kabir Bose,13,16,1,0,True
144,2021,Delhi Capitals,Rishabh Pant,30,18,2,0,True
144,2021,Delhi Capitals,Axar Patel,16,8,1,0,True
144,2021,Delhi Capitals,Mitchell Marsh,18,15,1,0,False
144,2021,Delhi Capitals,Tristan Stubbs,47,36,3,1,False
144,2021,Delhi Capitals,Abishek Porel,19,31,1,0,True
144,2021,Delhi Capitals,Manish Trivedi,38,32,3,1,False
144,2021,Delhi Capitals,Sameer Nair,35,28,2,1,True
144,2021,Delhi Capitals,Kabir Bose,38,24,4,1,True
144,2021,Punjab Kings,Shikhar Dhawan,29,18,3,0,True
144,2021,Punjab Kings,Liam Livingstone,41,19,2,1,True
144,2021,Punjab Kings,Sam Curran,27,23,2,1,True
144,2021,Punjab Kings,Jitesh Sharma,33,22,2,1,True
144,2021,Punjab Kings,Prabhsimran Singh,37,31,3,1,True
144,2021,Punjab Kings,Ajay Joshi,0,7,0,0,False
144,2021,Punjab Kings,Varun Menon,27,29,1,0,True
144,2021,Punjab Kings,Deepak Chauhan,7,6,0,0,False
145,2021,Punjab Kings,Shikhar Dhawan,39,21,3,1,True
145,2021,Punjab Kings,Liam Livingstone,57,32,6,1,True
145,2021,Punjab Kings,Sam Curran,21,18,1,0,False
145,2021,Punjab Kings,Jitesh Sharma,52,31,4,2,False
145,2021,Punjab Kings,Prabhsimran Singh,13,15,0,0,True
145,2021,Punjab Kings,Ajay Joshi,16,14,1,0,False
145,2021,Punjab Kings,Varun Menon,26,18,1,1,False
145,2021,Punjab Kings,Deepak Chauhan,14,7,1,0,True
145,2021,Rajasthan Royals,Sanju Samson,17,18,1,0,True
145,2021,Rajasthan Royals,Yashasvi Jaiswal,6,13,0,0,False
145,2021,Rajasthan Royals,Jos Buttler,20,14,2,0,False
145,2021,Rajasthan Royals,Riyan Parag,35,30,3,1,False
145,2021,Rajasthan Royals,Dhruv Jurel,39,33,3,1,True
145,2021,Rajasthan Royals,Kabir Ghosh,33,24,3,0,False
145,2021,Rajasthan Royals,Yash Suresh,38,29,3,1,False
145,2021,Rajasthan Royals,Rahul Mehta,40,28,4,1,False
146,2021,Mumbai Indians,Rohit Sharma,43,26,3,1,True
146,2021,Mumbai Indians,Suryakumar Yadav,42,34,2,1,True
146,2021,Mumbai Indians,Hardik Pandya,18,15,1,0,False
146,2021,Mumbai Indians,Ishan Kishan,29,21,2,1,True
146,2021,Mumbai Indians,Tilak Varma,29,21,2,1,False
146,2021,Mumbai Indians,Dev Rao,55,28,5,1,True
146,2021,Mumbai Indians,Karan Kapoor,2,12,0,0,False
146,2021,Mumbai Indians,Varun Nair,9,7,0,0,True
146,2021,Punjab Kings,Shikhar Dhawan,16,23,1,0,False
146,2021,Punjab Kings,Liam Livingstone,49,29,4,2,True
146,2021,Punjab Kings,Sam Curran,42,17,3,2,False
146,2021,Punjab Kings,Jitesh Sharma,32,18,2,0,False
146,2021,Punjab Kings,Prabhsimran Singh,23,5,1,1,False
146,2021,Punjab Kings,Ajay Joshi,14,9,1,0,True
146,2021,Punjab Kings,Varun Menon,18,24,1,0,True
146,2021,Punjab Kings,Deepak Chauhan,38,29,2,1,True
147,2021,Mumbai Indians,Rohit Sharma,23,22,1,0,True
147,2021,Mumbai Indians,Suryakumar Yadav,32,36,2,0,True
147,2021,Mumbai Indians,Hardik Pandya,20,7,1,0,True
147,2021,Mumbai Indians,Ishan Kishan,6,3,0,0,True
147,2021,Mumbai Indians,Tilak Varma,41,26,3,1,False
147,2021,Mumbai Indians,Dev Rao,66,35,6,2,True
147,2021,Mumbai Indians,Karan Kapoor,25,21,2,1,True
147,2021,Mumbai Indians,Varun Nair,31,16,3,1,True
147,2021,Rajasthan Royals,Sanju Samson,57,38,4,1,True
147,2021,Rajasthan Royals,Yashasvi Jaiswal,4,2,0,0,True
147,2021,Rajasthan Royals,Jos Buttler,30,21,2,1,True
147,2021,Rajasthan Royals,Riyan Parag,30,18,3,1,True
147,2021,Rajasthan Royals,Dhruv Jurel,31,19,2,1,True
147,2021,Rajasthan Royals,Kabir Ghosh,28,29,2,0,True
147,2021,Rajasthan Royals,Yash Suresh,35,31,3,1,True
147,2021,Rajasthan Royals,Rahul Mehta,13,7,1,0,True
148,2021,Chennai Super Kings,MS Dhoni,54,32,3,1,True
148,2021,Chennai Super Kings,Ravindra Jadeja,24,21,2,0,False
148,2021,Chennai Super Kings,Ruturaj Gaikwad,35,20,3,1,True
148,2021,Chennai Super Kings,Shivam Dube,22,25,2,0,True
148,2021,Chennai Super Kings,Moeen Ali,20,11,2,0,True
148,2021,Chennai Super Kings,Kabir Pillai,42,30,4,1,False
148,2021,Chennai Super Kings,Varun Saxena,29,19,2,1,True
148,2021,Chennai Super Kings,Pranav Bhatt,37,21,3,1,True
148,2021,Rajasthan Royals,Sanju Samson,30,29,1,1,False
148,2021,Rajasthan Royals,Yashasvi Jaiswal,33,30,3,1,True
148,2021,Rajasthan Royals,Jos Buttler,65,41,4,1,False
148,2021,Rajasthan Royals,Riyan Parag,13,11,1,0,False
148,2021,Rajasthan Royals,Dhruv Jurel,36,25,3,1,True
148,2021,Rajasthan Royals,Kabir Ghosh,33,22,3,1,True
148,2021,Rajasthan Royals,Yash Suresh,28,28,3,0,True
148,2021,Rajasthan Royals,Rahul Mehta,38,29,2,1,True
149,2021,Royal Challengers Bengaluru,Virat Kohli,145,54,10,7,True
149,2021,Royal Challengers Bengaluru,Faf du Plessis,14,12,0,0,True
149,2021,Royal Challengers Bengaluru,Glenn Maxwell,32,16,2,1,True
149,2021,Royal Challengers Bengaluru,Rajat Patidar,35,25,3,1,True
149,2021,Royal Challengers Bengaluru,Cameron Green,67,38,6,2,False
149,2021,Royal Challengers Bengaluru,Vivek Chauhan,22,28,1,1,False
149,2021,Royal Challengers Bengaluru,Sameer Iyer,44,25,4,2,True
149,2021,Royal Challengers Bengaluru,Abhishek Suresh,41,25,4,1,True
149,2021,Gujarat Titans,Shubman Gill,18,28,1,0,True
149,2021,Gujarat Titans,Sai Sudharsan,15,27,1,0,False
149,2021,Gujarat Titans,David Miller,45,29,4,1,True
149,2021,Gujarat Titans,Rahul Tewatia,48,38,3,2,True
149,2021,Gujarat Titans,Harsh Rao,26,20,2,0,True
149,2021,Gujarat Titans,Karan Chatterjee,30,12,3,1,False
149,2021,Gujarat Titans,Sameer Malhotra,25,23,2,0,True
149,2021,Gujarat Titans,Sameer Dubey,16,19,1,0,True
150,2021,Chennai Super Kings,MS Dhoni,9,1,0,0,True
150,2021,Chennai Super Kings,Ravindra Jadeja,10,12,0,0,True
150,2021,Chennai Super Kings,Ruturaj Gaikwad,19,21,1,0,True
150,2021,Chennai Super Kings,Shivam Dube,17,24,1,0,False
150,2021,Chennai Super Kings,Moeen Ali,22,14,1,0,True
150,2021,Chennai Super Kings,Kabir Pillai,18,8,1,0,False
150,2021,Chennai Super Kings,Varun Saxena,61,23,5,2,True
150,2021,Royal Challengers Bengaluru,Virat Kohli,146,56,13,6,False
150,2021,Royal Challengers Bengaluru,Faf du Plessis,48,40,4,1,True
150,2021,Royal Challengers Bengaluru,Glenn Maxwell,45,24,3,2,True
150,2021,Royal Challengers Bengaluru,Rajat Patidar,28,20,3,1,True
150,2021,Royal Challengers Bengaluru,Cameron Green,66,41,5,2,True
150,2021,Royal Challengers Bengaluru,Vivek Chauhan,47,32,4,1,False
150,2021,Royal Challengers Bengaluru,Sameer Iyer,33,29,2,1,True
150,2021,Royal Challengers Bengaluru,Abhishek Suresh,16,6,1,0,False
151,2021,Sunrisers Hyderabad,Heinrich Klaasen,30,19,2,1,True
151,2021,Sunrisers Hyderabad,Abhishek Sharma,23,16,2,0,True
151,2021,Sunrisers Hyderabad,Travis Head,38,20,3,0,True
151,2021,Sunrisers Hyderabad,Nitish Kumar Reddy,27,12,2,1,True
151,2021,Sunrisers Hyderabad,Aman Pillai,58,31,3,2,True
151,2021,Sunrisers Hyderabad,Dev Malhotra,63,33,6,3,True
151,2021,Sunrisers Hyderabad,Anand Thakur,35,20,2,1,True
151,2021,Sunrisers Hyderabad,Karthik Verma,32,24,3,1,True
151,2021,Lucknow Super Giants,Nicholas Pooran,15,16,0,0,False
151,2021,Lucknow Super Giants,Ayush Badoni,46,36,4,1,True
151,2021,Lucknow Super Giants,Marcus Stoinis,34,17,3,0,True
151,2021,Lucknow Super Giants,Quinton de Kock,38,23,2,1,False
151,2021,Lucknow Super Giants,Nikhil Ghosh,47,34,4,2,True
151,2021,Lucknow Super Giants,Nikhil Reddy,6,13,0,0,True
151,2021,Lucknow Super Giants,Rohan Pillai,13,23,0,0,True
151,2021,Lucknow Super Giants,Varun Bhatt,16,26,1,0,True
152,2021,Delhi Capitals,Rishabh Pant,28,24,2,1,True
152,2021,Delhi Capitals,Axar Patel,14,11,0,0,False
152,2021,Delhi Capitals,Mitchell Marsh,57,28,5,2,True
152,2021,Delhi Capitals,Tristan Stubbs,10,8,0,0,True
152,2021,Delhi Capitals,Abishek Porel,9,9,0,0,False
152,2021,Delhi Capitals,Manish Trivedi,46,24,3,1,True
152,2021,Delhi Capitals,Sameer Nair,21,20,1,1,False
152,2021,Delhi Capitals,Kabir Bose,26,20,2,0,False
152,2021,Rajasthan Royals,Sanju Samson,55,34,3,1,True
152,2021,Rajasthan Royals,Jos Buttler,49,39,3,2,True
152,2021,Rajasthan Royals,Riyan Parag,12,12,0,0,False
152,2021,Rajasthan Royals,Dhruv Jurel,52,35,5,2,False
152,2021,Rajasthan Royals,Kabir Ghosh,75,41,7,2,True
152,2021,Rajasthan Royals,Yash Suresh,15,11,0,0,False
153,2021,Kolkata Knight Riders,Shreyas Iyer,30,19,3,1,True
153,2021,Kolkata Knight Riders,Andre Russell,34,21,3,1,True
153,2021,Kolkata Knight Riders,Sunil Narine,13,14,1,0,False
153,2021,Kolkata Knight Riders,Rinku Singh,14,17,0,0,False
153,2021,Kolkata Knight Riders,Venkatesh Iyer,13,4,1,0,True
153,2021,Kolkata Knight Riders,Anand Nair,34,24,3,1,True
153,2021,Kolkata Knight Riders,Dev Kulkarni,42,29,4,1,False
153,2021,Kolkata Knight Riders,Arjun Kapoor,20,11,1,0,True
153,2021,Punjab Kings,Shikhar Dhawan,20,19,2,0,False
153,2021,Punjab Kings,Liam Livingstone,25,28,2,1,True
153,2021,Punjab Kings,Sam Curran,46,22,3,1,True
153,2021,Punjab Kings,Jitesh Sharma,25,17,2,0,True
153,2021,Punjab Kings,Prabhsimran Singh,18,17,1,0,True
153,2021,Punjab Kings,Ajay Joshi,39,23,4,1,True
153,2021,Punjab Kings,Varun Menon,12,16,1,0,False
153,2021,Punjab Kings,Deepak Chauhan,47,26,3,1,True
154,2021,Mumbai Indians,Rohit Sharma,34,36,2,1,True
154,2021,Mumbai Indians,Suryakumar Yadav,17,8,1,0,False
154,2021,Mumbai Indians,Hardik Pandya,19,7,1,0,False
154,2021,Mumbai Indians,Ishan Kishan,27,25,2,0,False
154,2021,Mumbai Indians,Dev Rao,7,18,0,0,False
154,2021,Mumbai Indians,Karan Kapoor,37,18,3,1,True
154,2021,Mumbai Indians,Varun Nair,25,20,1,1,False
154,2021,Chennai Super Kings,MS Dhoni,22,19,1,0,True
154,2021,Chennai Super Kings,Ravindra Jadeja,11,5,0,0,True
154,2021,Chennai Super Kings,Ruturaj Gaikwad,57,42,4,2,True
154,2021,Chennai Super Kings,Shivam Dube,31,20,3,0,False
154,2021,Chennai Super Kings,Moeen Ali,33,20,2,1,True
154,2021,Chennai Super Kings,Kabir Pillai,19,11,1,0,True
154,2021,Chennai Super Kings,Varun Saxena,32,21,3,1,True
154,2021,Chennai Super Kings,Pranav Bhatt,27,21,2,0,True
155,2021,Chennai Super Kings,MS Dhoni,32,28,3,0,True
155,2021,Chennai Super Kings,Ravindra Jadeja,16,15,1,0,True
155,2021,Chennai Super Kings,Ruturaj Gaikwad,19,27,1,0,True
155,2021,Chennai Super Kings,Shivam Dube,6,6,0,0,True
155,2021,Chennai Super Kings,Moeen Ali,43,28,4,1,True
155,2021,Chennai Super Kings,Kabir Pillai,68,48,7,2,False
155,2021,Chennai Super Kings,Varun Saxena,35,17,3,1,True
155,2021,Delhi Capitals,Rishabh Pant,31,22,2,1,True
155,2021,Delhi Capitals,Axar Patel,24,17,2,0,True
155,2021,Delhi Capitals,Mitchell Marsh,30,19,1,1,True
155,2021,Delhi Capitals,Tristan Stubbs,7,11,0,0,True
155,2021,Delhi Capitals,Abishek Porel,39,34,4,1,True
155,2021,Delhi Capitals,Manish Trivedi,22,13,1,1,True
155,2021,Delhi Capitals,Sameer Nair,29,24,2,0,True
155,2021,Delhi Capitals,Kabir Bose,25,19,2,0,True
156,2021,Delhi Capitals,Rishabh Pant,48,33,5,2,True
156,2021,Delhi Capitals,Axar Patel,20,15,1,0,True
156,2021,Delhi Capitals,Mitchell Marsh,0,1,0,0,False
156,2021,Delhi Capitals,Tristan Stubbs,25,18,2,0,True
156,2021,Delhi Capitals,Abishek Porel,30,11,2,1,True
156,2021,Delhi Capitals,Manish Trivedi,12,20,1,0,True
156,2021,Delhi Capitals,Sameer Nair,26,27,1,0,False
156,2021,Delhi Capitals,Kabir Bose,43,27,2,1,True
156,2021,Sunrisers Hyderabad,Heinrich Klaasen,35,23,3,1,False
156,2021,Sunrisers Hyderabad,Abhishek Sharma,21,20,1,0,True
156,2021,Sunrisers Hyderabad,Travis Head,9,9,0,0,False
156,2021,Sunrisers Hyderabad,Nitish Kumar Reddy,21,10,2,0,True
156,2021,Sunrisers Hyderabad,Aman Pillai,18,10,1,0,False
156,2021,Sunrisers Hyderabad,Dev Malhotra,25,16,1,1,True
156,2021,Sunrisers Hyderabad,Anand Thakur,12,20,1,0,True
156,2021,Sunrisers Hyderabad,Karthik Verma,11,8,0,0,False
157,2021,Mumbai Indians,Rohit Sharma,31,16,2,1,True
157,2021,Mumbai Indians,Suryakumar Yadav,35,23,3,1,True
157,2021,Mumbai Indians,Hardik Pandya,18,14,1,0,False
157,2021,Mumbai Indians,Ishan Kishan,40,38,3,1,True
157,2021,Mumbai Indians,Tilak Varma,12,10,0,0,True
157,2021,Mumbai Indians,Dev Rao,35,29,3,0,True
157,2021,Mumbai Indians,Karan Kapoor,26,19,1,1,True
157,2021,Mumbai Indians,Varun Nair,9,12,0,0,True
157,2021,Gujarat Titans,Shubman Gill,44,25,4,1,True
157,2021,Gujarat Titans,Sai Sudharsan,19,20,1,0,True
157,2021,Gujarat Titans,David Miller,39,22,3,1,False
157,2021,Gujarat Titans,Rahul Tewatia,17,23,1,0,False
157,2021,Gujarat Titans,Harsh Rao,11,9,0,0,False
157,2021,Gujarat Titans,Karan Chatterjee,21,7,1,0,True
157,2021,Gujarat Titans,Sameer Malhotra,46,27,4,1,True
157,2021,Gujarat Titans,Sameer Dubey,13,16,1,0,False
158,2021,Sunrisers Hyderabad,Heinrich Klaasen,26,11,2,0,True
158,2021,Sunrisers Hyderabad,Abhishek Sharma,38,22,3,1,False
158,2021,Sunrisers Hyderabad,Travis Head,17,19,1,0,False
158,2021,Sunrisers Hyderabad,Nitish Kumar Reddy,17,20,1,0,False
158,2021,Sunrisers Hyderabad,Aman Pillai,31,20,1,0,True
158,2021,Sunrisers Hyderabad,Dev Malhotra,28,31,2,0,True
158,2021,Sunrisers Hyderabad,Anand Thakur,17,28,1,0,True
158,2021,Sunrisers Hyderabad,Karthik Verma,0,2,0,0,True
158,2021,Gujarat Titans,Shubman Gill,40,24,4,1,True
158,2021,Gujarat Titans,Sai Sudharsan,43,25,2,1,True
158,2021,Gujarat Titans,David Miller,45,30,3,1,False
158,2021,Gujarat Titans,Rahul Tewatia,26,16,2,0,False
158,2021,Gujarat Titans,Harsh Rao,47,28,4,1,True
158,2021,Gujarat Titans,Karan Chatterjee,31,21,2,1,True
158,2021,Gujarat Titans,Sameer Malhotra,10,8,0,0,True
158,2021,Gujarat Titans,Sameer Dubey,33,25,3,0,True
159,2021,Rajasthan Royals,Sanju Samson,16,9,1,0,True
159,2021,Rajasthan Royals,Yashasvi Jaiswal,14,13,1,0,False
159,2021,Rajasthan Royals,Jos Buttler,37,26,4,1,False
159,2021,Rajasthan Royals,Riyan Parag,43,28,4,2,True
159,2021,Rajasthan Royals,Dhruv Jurel,29,13,1,1,True
159,2021,Rajasthan Royals,Kabir Ghosh,57,37,6,1,False
159,2021,Rajasthan Royals,Yash Suresh,34,19,2,0,True
159,2021,Rajasthan Royals,Rahul Mehta,19,15,1,0,False
159,2021,Lucknow Super Giants,Nicholas Pooran,27,25,2,1,False
159,2021,Lucknow Super Giants,Ayush Badoni,54,41,5,2,True
159,2021,Lucknow Super Giants,Marcus Stoinis,9,8,0,0,True
159,2021,Lucknow Super Giants,Quinton de Kock,20,18,1,0,True
159,2021,Lucknow Super Giants,Nikhil Ghosh,18,18,1,0,True
159,2021,Lucknow Super Giants,Nikhil Reddy,39,29,3,1,False
159,2021,Lucknow Super Giants,Rohan Pillai,33,17,2,1,False
159,2021,Lucknow Super Giants,Varun Bhatt,7,1,0,0,True
160,2021,Mumbai Indians,Rohit Sharma,64,41,4,1,True
160,2021,Mumbai Indians,Suryakumar Yadav,20,12,1,0,True
160,2021,Mumbai Indians,Hardik Pandya,12,14,1,0,True
160,2021,Mumbai Indians,Ishan Kishan,20,12,1,0,False
160,2021,Mumbai Indians,Tilak Varma,38,28,2,1,True
160,2021,Mumbai Indians,Dev Rao,15,13,1,0,False
160,2021,Mumbai Indians,Karan Kapoor,48,26,3,2,True
160,2021,Mumbai Indians,Varun Nair,51,43,4,2,True
160,2021,Sunrisers Hyderabad,Heinrich Klaasen,30,22,2,0,False
160,2021,Sunrisers Hyderabad,Abhishek Sharma,19,11,1,0,True
160,2021,Sunrisers Hyderabad,Travis Head,16,28,1,0,False
160,2021,Sunrisers Hyderabad,Nitish Kumar Reddy,19,15,1,0,True
160,2021,Sunrisers Hyderabad,Aman Pillai,6,6,0,0,True
160,2021,Sunrisers Hyderabad,Dev Malhotra,30,18,2,1,True
160,2021,Sunrisers Hyderabad,Anand Thakur,29,19,2,0,True
160,2021,Sunrisers Hyderabad,Karthik Verma,18,17,1,0,True
161,2021,Rajasthan Royals,Sanju Samson,33,30,2,0,True
161,2021,Rajasthan Royals,Yashasvi Jaiswal,38,23,3,1,True
161,2021,Rajasthan Royals,Jos Buttler,42,28,4,1,False
161,2021,Rajasthan Royals,Riyan Parag,20,17,1,0,True
161,2021,Rajasthan Royals,Dhruv Jurel,30,22,1,0,False
161,2021,Rajasthan Royals,Kabir Ghosh,21,10,2,0,False
161,2021,Rajasthan Royals,Yash Suresh,45,31,4,1,True
161,2021,Rajasthan Royals,Rahul Mehta,37,22,3,1,True
161,2021,Gujarat Titans,Shubman Gill,25,16,1,1,True
161,2021,Gujarat Titans,Sai Sudharsan,17,13,1,0,True
161,2021,Gujarat Titans,David Miller,63,32,6,2,True
161,2021,Gujarat Titans,Harsh Rao,41,31,3,1,True
161,2021,Gujarat Titans,Karan Chatterjee,58,37,5,1,True
161,2021,Gujarat Titans,Sameer Malhotra,19,7,1,0,True
161,2021,Gujarat Titans,Sameer Dubey,44,30,3,2,True
162,2021,Punjab Kings,Shikhar Dhawan,33,24,2,0,True
162,2021,Punjab Kings,Liam Livingstone,21,14,1,0,True
162,2021,Punjab Kings,Sam Curran,53,27,4,1,True
162,2021,Punjab Kings,Jitesh Sharma,26,28,2,0,True
162,2021,Punjab Kings,Prabhsimran Singh,12,11,1,0,True
162,2021,Punjab Kings,Ajay Joshi,33,17,2,1,True
162,2021,Punjab Kings,Varun Menon,13,21,1,0,True
162,2021,Punjab Kings,Deepak Chauhan,38,28,2,1,True
162,2021,Sunrisers Hyderabad,Heinrich Klaasen,42,34,3,1,True
162,2021,Sunrisers Hyderabad,Abhishek Sharma,48,28,4,1,True
162,2021,Sunrisers Hyderabad,Travis Head,36,29,2,1,False
162,2021,Sunrisers Hyderabad,Nitish Kumar Reddy,26,21,2,0,True
162,2021,Sunrisers Hyderabad,Aman Pillai,33,23,2,1,True
162,2021,Sunrisers Hyderabad,Dev Malhotra,59,47,3,1,True
162,2021,Sunrisers Hyderabad,Anand Thakur,47,30,4,2,True
162,2021,Sunrisers Hyderabad,Karthik Verma,29,17,3,1,True
163,2021,Kolkata Knight Riders,Shreyas Iyer,24,14,1,0,True
163,2021,Kolkata Knight Riders,Andre Russell,47,29,3,2,True
163,2021,Kolkata Knight Riders,Sunil Narine,44,28,3,1,True
163,2021,Kolkata Knight Riders,Rinku Singh,34,32,3,0,True
163,2021,Kolkata Knight Riders,Venkatesh Iyer,6,16,0,0,False
163,2021,Kolkata Knight Riders,Anand Nair,6,9,0,0,True
163,2021,Kolkata Knight Riders,Dev Kulkarni,50,24,3,1,True
163,2021,Kolkata Knight Riders,Arjun Kapoor,69,42,5,2,False
163,2021,Sunrisers Hyderabad,Heinrich Klaasen,22,16,1,0,False
163,2021,Sunrisers Hyderabad,Abhishek Sharma,44,30,3,1,True
163,2021,Sunrisers Hyderabad,Travis Head,0,2,0,0,True
163,2021,Sunrisers Hyderabad,Nitish Kumar Reddy,31,36,1,1,False
163,2021,Sunrisers Hyderabad,Aman Pillai,15,17,1,0,True
163,2021,Sunrisers Hyderabad,Dev Malhotra,38,30,4,1,True
163,2021,Sunrisers Hyderabad,Anand Thakur,49,30,4,2,True
163,2021,Sunrisers Hyderabad,Karthik Verma,0,3,0,0,True
164,2021,Mumbai Indians,Rohit Sharma,28,29,2,0,False
164,2021,Mumbai Indians,Suryakumar Yadav,47,38,2,1,True
164,2021,Mumbai Indians,Hardik Pandya,52,26,3,2,True
164,2021,Mumbai Indians,Ishan Kishan,76,48,6,2,True
164,2021,Mumbai Indians,Tilak Varma,14,14,1,0,True
164,2021,Mumbai Indians,Dev Rao,44,31,3,1,True
164,2021,Mumbai Indians,Karan Kapoor,37,42,3,1,False
164,2021,Mumbai Indians,Varun Nair,39,29,2,1,True
164,2021,Kolkata Knight Riders,Shreyas Iyer,9,11,0,0,False
164,2021,Kolkata Knight Riders,Andre Russell,27,14,2,1,False
164,2021,Kolkata Knight Riders,Sunil Narine,30,16,2,1,False
164,2021,Kolkata Knight Riders,Rinku Singh,33,25,2,1,True
164,2021,Kolkata Knight Riders,Venkatesh Iyer,33,28,3,1,False
164,2021,Kolkata Knight Riders,Anand Nair,30,14,3,0,True
164,2021,Kolkata Knight Riders,Dev Kulkarni,41,22,3,1,True
164,2021,Kolkata Knight Riders,Arjun Kapoor,54,27,4,1,True
165,2021,Kolkata Knight Riders,Shreyas Iyer,11,11,1,0,True
165,2021,Kolkata Knight Riders,Andre Russell,10,10,0,0,True
165,2021,Kolkata Knight Riders,Sunil Narine,20,16,1,0,True
165,2021,Kolkata Knight Riders,Rinku Singh,21,17,2,1,True
165,2021,Kolkata Knight Riders,Venkatesh Iyer,13,14,1,0,True
165,2021,Kolkata Knight Riders,Anand Nair,64,50,5,1,False
165,2021,Kolkata Knight Riders,Dev Kulkarni,62,40,4,2,True
165,2021,Kolkata Knight Riders,Arjun Kapoor,25,13,1,1,False
165,2021,Rajasthan Royals,Sanju Samson,34,21,2,1,False
165,2021,Rajasthan Royals,Yashasvi Jaiswal,22,21,2,0,True
165,2021,Rajasthan Royals,Jos Buttler,24,18,2,1,False
165,2021,Rajasthan Royals,Riyan Parag,55,39,4,2,True
165,2021,Rajasthan Royals,Dhruv Jurel,7,15,0,0,True
165,2021,Rajasthan Royals,Kabir Ghosh,31,23,2,1,True
165,2021,Rajasthan Royals,Yash Suresh,53,31,4,1,False
165,2021,Rajasthan Royals,Rahul Mehta,52,33,4,1,True
166,2021,Gujarat Titans,Shubman Gill,30,24,3,1,True
166,2021,Gujarat Titans,Sai Sudharsan,40,40,2,1,True
166,2021,Gujarat Titans,David Miller,37,30,2,1,True
166,2021,Gujarat Titans,Rahul Tewatia,37,25,3,0,True
166,2021,Gujarat Titans,Harsh Rao,39,37,3,1,True
166,2021,Gujarat Titans,Karan Chatterjee,68,37,5,2,True
166,2021,Gujarat Titans,Sameer Malhotra,23,33,1,0,False
166,2021,Gujarat Titans,Sameer Dubey,10,10,1,0,True
166,2021,Lucknow Super Giants,Nicholas Pooran,38,32,4,1,True
166,2021,Lucknow Super Giants,Ayush Badoni,55,34,6,2,False
166,2021,Lucknow Super Giants,Marcus Stoinis,48,29,4,1,True
166,2021,Lucknow Super Giants,Quinton de Kock,28,20,2,0,True
166,2021,Lucknow Super Giants,Nikhil Ghosh,10,10,0,0,True
166,2021,Lucknow Super Giants,Nikhil Reddy,27,24,2,0,True
166,2021,Lucknow Super Giants,Rohan Pillai,29,22,2,1,False
166,2021,Lucknow Super Giants,Varun Bhatt,37,15,3,1,False
167,2021,Delhi Capitals,Rishabh Pant,33,26,2,0,True
167,2021,Delhi Capitals,Axar Patel,12,8,0,0,True
167,2021,Delhi Capitals,Mitchell Marsh,31,17,2,1,True
167,2021,Delhi Capitals,Tristan Stubbs,41,27,3,1,True
167,2021,Delhi Capitals,Abishek Porel,44,38,2,1,True
167,2021,Delhi Capitals,Manish Trivedi,84,56,7,3,True
167,2021,Delhi Capitals,Sameer Nair,41,24,4,1,True
167,2021,Delhi Capitals,Kabir Bose,17,6,1,0,False
167,2021,Lucknow Super Giants,Nicholas Pooran,31,23,3,1,False
167,2021,Lucknow Super Giants,Ayush Badoni,31,22,2,1,False
167,2021,Lucknow Super Giants,Marcus Stoinis,40,23,3,1,True
167,2021,Lucknow Super Giants,Quinton de Kock,20,13,1,0,True
167,2021,Lucknow Super Giants,Nikhil Ghosh,25,15,2,0,True
167,2021,Lucknow Super Giants,Nikhil Reddy,24,10,1,0,True
167,2021,Lucknow Super Giants,Rohan Pillai,36,36,3,1,False
167,2021,Lucknow Super Giants,Varun Bhatt,15,8,1,0,False
168,2021,Mumbai Indians,Rohit Sharma,10,11,1,0,True
168,2021,Mumbai Indians,Suryakumar Yadav,28,15,2,1,False
168,2021,Mumbai Indians,Hardik Pandya,37,25,3,1,False
168,2021,Mumbai Indians,Ishan Kishan,27,13,2,1,True
168,2021,Mumbai Indians,Tilak Varma,29,23,3,1,True
168,2021,Mumbai Indians,Karan Kapoor,37,28,3,1,True
168,2021,Mumbai Indians,Varun Nair,3,12,0,0,True
168,2021,Lucknow Super Giants,Nicholas Pooran,38,27,3,1,True
168,2021,Lucknow Super Giants,Ayush Badoni,37,30,4,1,True
168,2021,Lucknow Super Giants,Marcus Stoinis,14,13,1,0,True
168,2021,Lucknow Super Giants,Quinton de Kock,1,3,0,0,True
168,2021,Lucknow Super Giants,Nikhil Ghosh,22,16,2,0,True
168,2021,Lucknow Super Giants,Nikhil Reddy,51,33,3,2,True
168,2021,Lucknow Super Giants,Rohan Pillai,7,17,0,0,True
168,2021,Lucknow Super Giants,Varun Bhatt,31,22,2,1,False
169,2021,Delhi Capitals,Rishabh Pant,20,16,1,0,True
169,2021,Delhi Capitals,Axar Patel,23,31,2,1,False
169,2021,Delhi Capitals,Mitchell Marsh,24,27,2,0,False
169,2021,Delhi Capitals,Tristan Stubbs,49,31,3,2,True
169,2021,Delhi Capitals,Abishek Porel,24,18,1,0,True
169,2021,Delhi Capitals,Manish Trivedi,22,20,2,1,True
169,2021,Delhi Capitals,Sameer Nair,25,25,1,1,True
169,2021,Delhi Capitals,Kabir Bose,36,18,3,1,False
169,2021,Gujarat Titans,Shubman Gill,27,29,2,0,True
169,2021,Gujarat Titans,Sai Sudharsan,33,25,3,1,True
169,2021,Gujarat Titans,David Miller,80,51,5,3,False
169,2021,Gujarat Titans,Rahul Tewatia,41,20,3,1,False
169,2021,Gujarat Titans,Harsh Rao,32,31,3,1,False
169,2021,Gujarat Titans,Karan Chatterjee,15,15,1,0,True
169,2021,Gujarat Titans,Sameer Malhotra,82,52,5,3,True
169,2021,Gujarat Titans,Sameer Dubey,39,23,2,1,True
170,2021,Royal Challengers Bengaluru,Virat Kohli,101,34,9,4,True
170,2021,Royal Challengers Bengaluru,Faf du Plessis,33,27,3,1,False
170,2021,Royal Challengers Bengaluru,Glenn Maxwell,18,11,1,0,True
170,2021,Royal Challengers Bengaluru,Rajat Patidar,23,11,2,0,True
170,2021,Royal Challengers Bengaluru,Cameron Green,6,22,0,0,False
170,2021,Royal Challengers Bengaluru,Vivek Chauhan,6,4,0,0,True
170,2021,Royal Challengers Bengaluru,Sameer Iyer,60,39,5,1,False
170,2021,Royal Challengers Bengaluru,Abhishek Suresh,22,22,1,0,True
170,2021,Lucknow Super Giants,Nicholas Pooran,15,14,1,0,True
170,2021,Lucknow Super Giants,Ayush Badoni,42,25,3,1,True
170,2021,Lucknow Super Giants,Marcus Stoinis,32,15,3,1,False
170,2021,Lucknow Super Giants,Quinton de Kock,16,18,1,0,True
170,2021,Lucknow Super Giants,Nikhil Ghosh,45,29,4,1,True
170,2021,Lucknow Super Giants,Nikhil Reddy,59,42,6,2,True
170,2021,Lucknow Super Giants,Rohan Pillai,19,13,1,0,True
170,2021,Lucknow Super Giants,Varun Bhatt,23,14,2,1,True
171,2021,Punjab Kings,Shikhar Dhawan,25,15,1,0,True
171,2021,Punjab Kings,Liam Livingstone,24,29,1,1,False
171,2021,Punjab Kings,Sam Curran,41,24,4,1,False
171,2021,Punjab Kings,Jitesh Sharma,36,26,2,0,True
171,2021,Punjab Kings,Prabhsimran Singh,25,31,1,1,True
171,2021,Punjab Kings,Ajay Joshi,25,24,1,0,True
171,2021,Punjab Kings,Varun Menon,25,20,2,0,True
171,2021,Punjab Kings,Deepak Chauhan,50,31,5,1,True
171,2021,Gujarat Titans,Shubman Gill,18,15,1,0,True
171,2021,Gujarat Titans,Sai Sudharsan,24,22,1,0,True
171,2021,Gujarat Titans,David Miller,35,22,3,1,True
171,2021,Gujarat Titans,Rahul Tewatia,14,23,1,0,True
171,2021,Gujarat Titans,Harsh Rao,27,24,1,1,False
171,2021,Gujarat Titans,Karan Chatterjee,24,17,1,1,True
171,2021,Gujarat Titans,Sameer Malhotra,43,22,4,1,True
171,2021,Gujarat Titans,Sameer Dubey,44,23,3,1,False
172,2021,Royal Challengers Bengaluru,Virat Kohli,108,49,8,3,True
172,2021,Royal Challengers Bengaluru,Faf du Plessis,18,21,1,0,False
172,2021,Royal Challengers Bengaluru,Glenn Maxwell,25,17,2,1,True
172,2021,Royal Challengers Bengaluru,Rajat Patidar,50,26,3,1,True
172,2021,Royal Challengers Bengaluru,Cameron Green,18,18,1,0,True
172,2021,Royal Challengers Bengaluru,Vivek Chauhan,40,28,3,1,True
172,2021,Royal Challengers Bengaluru,Sameer Iyer,13,5,1,0,True
172,2021,Royal Challengers Bengaluru,Abhishek Suresh,21,8,1,0,True
172,2021,Rajasthan Royals,Sanju Samson,32,28,2,0,True
172,2021,Rajasthan Royals,Yashasvi Jaiswal,42,29,4,1,True
172,2021,Rajasthan Royals,Jos Buttler,60,37,4,2,False
172,2021,Rajasthan Royals,Riyan Parag,13,16,1,0,True
172,2021,Rajasthan Royals,Dhruv Jurel,19,19,1,0,True
172,2021,Rajasthan Royals,Kabir Ghosh,7,7,0,0,True
172,2021,Rajasthan Royals,Yash Suresh,12,20,0,0,False
172,2021,Rajasthan Royals,Rahul Mehta,31,28,2,1,True
173,2021,Royal Challengers Bengaluru,Virat Kohli,109,38,10,4,True
173,2021,Royal Challengers Bengaluru,Faf du Plessis,35,28,2,1,False
173,2021,Royal Challengers Bengaluru,Glenn Maxwell,62,29,6,1,False
173,2021,Royal Challengers Bengaluru,Rajat Patidar,39,41,2,1,False
173,2021,Royal Challengers Bengaluru,Cameron Green,0,3,0,0,True
173,2021,Royal Challengers Bengaluru,Vivek Chauhan,44,28,4,2,True
173,2021,Royal Challengers Bengaluru,Sameer Iyer,33,28,3,1,True
173,2021,Royal Challengers Bengaluru,Abhishek Suresh,35,25,3,1,True
173,2021,Punjab Kings,Shikhar Dhawan,25,12,2,1,False
173,2021,Punjab Kings,Liam Livingstone,35,32,3,1,False
173,2021,Punjab Kings,Sam Curran,47,21,4,2,False
173,2021,Punjab Kings,Jitesh Sharma,52,40,3,1,True
173,2021,Punjab Kings,Prabhsimran Singh,48,37,3,2,True
173,2021,Punjab Kings,Ajay Joshi,14,18,1,0,True
173,2021,Punjab Kings,Varun Menon,51,25,4,2,True
173,2021,Punjab Kings,Deepak Chauhan,37,26,3,1,False
174,2021,Chennai Super Kings,MS Dhoni,13,13,0,0,True
174,2021,Chennai Super Kings,Ravindra Jadeja,36,26,3,1,False
174,2021,Chennai Super Kings,Ruturaj Gaikwad,31,22,1,0,True
174,2021,Chennai Super Kings,Shivam Dube,9,11,1,0,True
174,2021,Chennai Super Kings,Moeen Ali,33,28,2,1,True
174,2021,Chennai Super Kings,Kabir Pillai,8,4,0,0,True
174,2021,Chennai Super Kings,Varun Saxena,33,24,2,1,True
174,2021,Chennai Super Kings,Pranav Bhatt,27,19,2,0,False
174,2021,Gujarat Titans,Shubman Gill,10,3,1,0,False
174,2021,Gujarat Titans,Sai Sudharsan,50,34,5,2,False
174,2021,Gujarat Titans,David Miller,36,22,3,1,False
174,2021,Gujarat Titans,Rahul Tewatia,22,17,1,0,True
174,2021,Gujarat Titans,Harsh Rao,44,32,3,1,True
174,2021,Gujarat Titans,Karan Chatterjee,53,40,4,1,True
174,2021,Gujarat Titans,Sameer Malhotra,22,21,1,0,True
174,2021,Gujarat Titans,Sameer Dubey,48,37,4,1,True
175,2021,Chennai Super Kings,MS Dhoni,34,29,2,1,True
175,2021,Chennai Super Kings,Ravindra Jadeja,42,32,4,1,False
175,2021,Chennai Super Kings,Ruturaj Gaikwad,20,10,1,0,False
175,2021,Chennai Super Kings,Shivam Dube,45,28,2,1,True
175,2021,Chennai Super Kings,Moeen Ali,8,11,0,0,True
175,2021,Chennai Super Kings,Kabir Pillai,7,15,0,0,True
175,2021,Chennai Super Kings,Varun Saxena,33,21,2,1,True
175,2021,Chennai Super Kings,Pranav Bhatt,39,23,2,1,True
175,2021,Punjab Kings,Shikhar Dhawan,37,25,2,1,True
175,2021,Punjab Kings,Liam Livingstone,14,6,1,0,True
175,2021,Punjab Kings,Sam Curran,0,2,0,0,True
175,2021,Punjab Kings,Jitesh Sharma,30,26,2,0,False
175,2021,Punjab Kings,Prabhsimran Singh,36,23,2,1,False
175,2021,Punjab Kings,Ajay Joshi,32,20,3,0,True
175,2021,Punjab Kings,Varun Menon,30,29,1,1,True
175,2021,Punjab Kings,Deepak Chauhan,29,19,2,1,True
176,2021,Chennai Super Kings,MS Dhoni,18,17,1,0,True
176,2021,Chennai Super Kings,Ravindra Jadeja,13,12,1,0,False
176,2021,Chennai Super Kings,Ruturaj Gaikwad,14,17,1,0,True
176,2021,Chennai Super Kings,Shivam Dube,23,16,2,0,False
176,2021,Chennai Super Kings,Moeen Ali,18,23,1,0,True
176,2021,Chennai Super Kings,Kabir Pillai,48,35,5,1,True
176,2021,Chennai Super Kings,Varun Saxena,34,20,2,1,True
176,2021,Chennai Super Kings,Pranav Bhatt,15,3,1,0,False
176,2021,Lucknow Super Giants,Nicholas Pooran,10,18,0,0,False
176,2021,Lucknow Super Giants,Ayush Badoni,23,25,2,1,False
176,2021,Lucknow Super Giants,Marcus Stoinis,32,26,2,0,False
176,2021,Lucknow Super Giants,Quinton de Kock,19,20,1,0,True
176,2021,Lucknow Super Giants,Nikhil Ghosh,16,14,1,0,True
176,2021,Lucknow Super Giants,Nikhil Reddy,24,16,2,1,True
176,2021,Lucknow Super Giants,Rohan Pillai,21,14,1,0,False
176,2021,Lucknow Super Giants,Varun Bhatt,46,24,3,1,False
177,2021,Royal Challengers Bengaluru,Virat Kohli,132,49,14,3,False
177,2021,Royal Challengers Bengaluru,Faf du Plessis,27,17,2,0,False
177,2021,Royal Challengers Bengaluru,Glenn Maxwell,49,15,5,2,False
177,2021,Royal Challengers Bengaluru,Rajat Patidar,31,21,3,1,True
177,2021,Royal Challengers Bengaluru,Cameron Green,25,22,2,1,True
177,2021,Royal Challengers Bengaluru,Vivek Chauhan,26,18,1,1,True
177,2021,Royal Challengers Bengaluru,Sameer Iyer,19,17,1,0,True
177,2021,Royal Challengers Bengaluru,Abhishek Suresh,5,13,0,0,True
177,2021,Sunrisers Hyderabad,Heinrich Klaasen,25,24,2,0,True
177,2021,Sunrisers Hyderabad,Abhishek Sharma,18,7,1,0,False
177,2021,Sunrisers Hyderabad,Travis Head,40,31,4,1,True
177,2021,Sunrisers Hyderabad,Nitish Kumar Reddy,8,12,0,0,True
177,2021,Sunrisers Hyderabad,Aman Pillai,19,13,1,0,True
177,2021,Sunrisers Hyderabad,Dev Malhotra,11,17,0,0,True
177,2021,Sunrisers Hyderabad,Anand Thakur,59,45,4,2,True
177,2021,Sunrisers Hyderabad,Karthik Verma,35,18,3,1,False
178,2021,Punjab Kings,Shikhar Dhawan,59,31,4,2,True
178,2021,Punjab Kings,Liam Livingstone,33,22,3,1,True
178,2021,Punjab Kings,Sam Curran,37,18,2,1,True
178,2021,Punjab Kings,Jitesh Sharma,42,31,3,1,False
178,2021,Punjab Kings,Prabhsimran Singh,43,25,4,1,True
178,2021,Punjab Kings,Ajay Joshi,29,16,3,1,True
178,2021,Punjab Kings,Varun Menon,7,6,0,0,False
178,2021,Punjab Kings,Deepak Chauhan,20,21,1,0,True
178,2021,Lucknow Super Giants,Nicholas Pooran,9,11,0,0,True
178,2021,Lucknow Super Giants,Ayush Badoni,43,24,4,1,False
178,2021,Lucknow Super Giants,Marcus Stoinis,30,17,2,1,False
178,2021,Lucknow Super Giants,Quinton de Kock,29,25,1,1,True
178,2021,Lucknow Super Giants,Nikhil Ghosh,4,13,0,0,True
178,2021,Lucknow Super Giants,Nikhil Reddy,30,26,3,1,True
178,2021,Lucknow Super Giants,Varun Bhatt,18,13,1,0,True
179,2021,Rajasthan Royals,Sanju Samson,5,7,0,0,False
179,2021,Rajasthan Royals,Yashasvi Jaiswal,40,31,4,1,True
179,2021,Rajasthan Royals,Jos Buttler,44,39,3,1,True
179,2021,Rajasthan Royals,Riyan Parag,52,30,3,1,True
179,2021,Rajasthan Royals,Dhruv Jurel,21,18,2,0,False
179,2021,Rajasthan Royals,Kabir Ghosh,60,34,5,1,True
179,2021,Rajasthan Royals,Yash Suresh,71,47,7,2,True
179,2021,Rajasthan Royals,Rahul Mehta,62,36,5,3,False
179,2021,Sunrisers Hyderabad,Heinrich Klaasen,14,6,1,0,True
179,2021,Sunrisers Hyderabad,Abhishek Sharma,16,24,1,0,True
179,2021,Sunrisers Hyderabad,Travis Head,42,28,3,1,False
179,2021,Sunrisers Hyderabad,Nitish Kumar Reddy,16,23,1,0,True
179,2021,Sunrisers Hyderabad,Aman Pillai,22,23,1,0,True
179,2021,Sunrisers Hyderabad,Dev Malhotra,39,18,2,1,False
179,2021,Sunrisers Hyderabad,Anand Thakur,10,12,1,0,True
179,2021,Sunrisers Hyderabad,Karthik Verma,32,24,2,1,True
180,2021,Mumbai Indians,Rohit Sharma,24,18,2,0,False
180,2021,Mumbai Indians,Suryakumar Yadav,21,26,1,0,False
180,2021,Mumbai Indians,Hardik Pandya,7,11,0,0,True
180,2021,Mumbai Indians,Ishan Kishan,54,29,3,2,True
180,2021,Mumbai Indians,Tilak Varma,41,24,3,1,True
180,2021,Mumbai Indians,Dev Rao,7,13,0,0,True
180,2021,Mumbai Indians,Karan Kapoor,15,13,1,0,True
180,2021,Mumbai Indians,Varun Nair,29,18,2,1,False
180,2021,Delhi Capitals,Rishabh Pant,14,14,1,0,True
180,2021,Delhi Capitals,Axar Patel,27,20,2,1,False
180,2021,Delhi Capitals,Mitchell Marsh,26,18,2,0,True
180,2021,Delhi Capitals,Tristan Stubbs,18,21,1,0,False
180,2021,Delhi Capitals,Abishek Porel,39,37,4,1,True
180,2021,Delhi Capitals,Manish Trivedi,40,19,4,1,True
180,2021,Delhi Capitals,Sameer Nair,35,26,3,1,False
180,2021,Delhi Capitals,Kabir Bose,41,25,3,1,True
181,2022,Royal Challengers Bengaluru,Virat Kohli,97,36,7,3,False
181,2022,Royal Challengers Bengaluru,Faf du Plessis,45,23,4,1,False
181,2022,Royal Challengers Bengaluru,Glenn Maxwell,35,16,3,1,True
181,2022,Royal Challengers Bengaluru,Rajat Patidar,31,24,2,1,False
181,2022,Royal Challengers Bengaluru,Cameron Green,34,16,3,1,True
181,2022,Royal Challengers Bengaluru,Vivek Chauhan,15,14,1,0,False
181,2022,Royal Challengers Bengaluru,Sameer Iyer,27,21,1,1,True
181,2022,Royal Challengers Bengaluru,Abhishek Suresh,53,52,4,1,True
181,2022,Lucknow Super Giants,Nicholas Pooran,34,24,3,1,False
181,2022,Lucknow Super Giants,Ayush Badoni,33,20,3,1,True
181,2022,Lucknow Super Giants,Marcus Stoinis,46,31,3,1,True
181,2022,Lucknow Super Giants,Quinton de Kock,18,20,1,0,False
181,2022,Lucknow Super Giants,Nikhil Ghosh,9,12,0,0,True
181,2022,Lucknow Super Giants,Nikhil Reddy,28,24,2,0,False
181,2022,Lucknow Super Giants,Rohan Pillai,44,23,3,1,True
181,2022,Lucknow Super Giants,Varun Bhatt,19,7,1,0,True
182,2022,Chennai Super Kings,MS Dhoni,23,18,1,0,True
182,2022,Chennai Super Kings,Ravindra Jadeja,28,23,2,0,False
182,2022,Chennai Super Kings,Ruturaj Gaikwad,26,24,2,0,False
182,2022,Chennai Super Kings,Shivam Dube,58,41,4,2,True
182,2022,Chennai Super Kings,Moeen Ali,35,29,2,1,False
182,2022,Chennai Super Kings,Kabir Pillai,56,40,4,2,False
182,2022,Chennai Super Kings,Varun Saxena,2,3,0,0,True
182,2022,Chennai Super Kings,Pranav Bhatt,29,14,2,0,True
182,2022,Rajasthan Royals,Sanju Samson,45,27,3,2,True
182,2022,Rajasthan Royals,Yashasvi Jaiswal,5,9,0,0,True
182,2022,Rajasthan Royals,Jos Buttler,34,19,3,0,True
182,2022,Rajasthan Royals,Riyan Parag,18,16,1,0,True
182,2022,Rajasthan Royals,Dhruv Jurel,61,32,6,2,True
182,2022,Rajasthan Royals,Kabir Ghosh,23,19,1,1,True
182,2022,Rajasthan Royals,Yash Suresh,27,16,1,1,True
182,2022,Rajasthan Royals,Rahul Mehta,16,18,1,0,False
183,2022,Punjab Kings,Shikhar Dhawan,26,12,2,1,True
183,2022,Punjab Kings,Liam Livingstone,24,20,1,0,False
183,2022,Punjab Kings,Sam Curran,37,20,2,1,True
183,2022,Punjab Kings,Jitesh Sharma,52,34,5,1,True
183,2022,Punjab Kings,Prabhsimran Singh,44,33,4,1,False
183,2022,Punjab Kings,Ajay Joshi,9,11,0,0,True
183,2022,Punjab Kings,Varun Menon,36,19,4,1,True
183,2022,Punjab Kings,Deepak Chauhan,19,31,1,0,False
183,2022,Lucknow Super Giants,Nicholas Pooran,27,14,1,1,False
183,2022,Lucknow Super Giants,Ayush Badoni,20,14,1,0,True
183,2022,Lucknow Super Giants,Quinton de Kock,52,31,4,2,True
183,2022,Lucknow Super Giants,Nikhil Reddy,24,29,2,1,True
183,2022,Lucknow Super Giants,Rohan Pillai,8,7,0,0,True
183,2022,Lucknow Super Giants,Varun Bhatt,40,26,2,1,False
184,2022,Rajasthan Royals,Sanju Samson,20,28,2,0,True
184,2022,Rajasthan Royals,Yashasvi Jaiswal,38,25,3,1,True
184,2022,Rajasthan Royals,Jos Buttler,45,28,2,1,False
184,2022,Rajasthan Royals,Riyan Parag,51,21,3,1,True
184,2022,Rajasthan Royals,Dhruv Jurel,32,27,2,1,False
184,2022,Rajasthan Royals,Kabir Ghosh,22,19,2,0,True
184,2022,Rajasthan Royals,Yash Suresh,35,27,2,1,True
184,2022,Rajasthan Royals,Rahul Mehta,31,25,3,1,True
184,2022,Lucknow Super Giants,Nicholas Pooran,42,27,3,1,True
184,2022,Lucknow Super Giants,Ayush Badoni,19,15,1,0,True
184,2022,Lucknow Super Giants,Marcus Stoinis,24,25,2,1,True
184,2022,Lucknow Super Giants,Quinton de Kock,45,31,4,1,True
184,2022,Lucknow Super Giants,Nikhil Ghosh,20,11,1,0,True
184,2022,Lucknow Super Giants,Nikhil Reddy,32,18,2,0,True
184,2022,Lucknow Super Giants,Rohan Pillai,34,20,2,1,True
184,2022,Lucknow Super Giants,Varun Bhatt,37,18,2,0,True
185,2022,Kolkata Knight Riders,Shreyas Iyer,2,6,0,0,False
185,2022,Kolkata Knight Riders,Andre Russell,50,32,3,1,False
185,2022,Kolkata Knight Riders,Sunil Narine,30,19,2,1,False
185,2022,Kolkata Knight Riders,Rinku Singh,45,39,4,1,True
185,2022,Kolkata Knight Riders,Venkatesh Iyer,34,27,2,1,True
185,2022,Kolkata Knight Riders,Anand Nair,18,15,2,0,True
185,2022,Kolkata Knight Riders,Dev Kulkarni,49,31,4,1,True
185,2022,Kolkata Knight Riders,Arjun Kapoor,32,22,3,0,True
185,2022,Delhi Capitals,Rishabh Pant,31,21,2,1,True
185,2022,Delhi Capitals,Axar Patel,49,39,4,2,True
185,2022,Delhi Capitals,Mitchell Marsh,24,12,1,0,True
185,2022,Delhi Capitals,Tristan Stubbs,23,30,2,0,True
185,2022,Delhi Capitals,Abishek Porel,71,45,7,2,False
185,2022,Delhi Capitals,Manish Trivedi,23,18,1,1,False
185,2022,Delhi Capitals,Sameer Nair,10,10,0,0,True
185,2022,Delhi Capitals,Kabir Bose,44,41,3,2,True
186,2022,Kolkata Knight Riders,Shreyas Iyer,29,32,2,1,False
186,2022,Kolkata Knight Riders,Andre Russell,10,18,0,0,False
186,2022,Kolkata Knight Riders,Sunil Narine,6,4,0,0,False
186,2022,Kolkata Knight Riders,Rinku Singh,6,5,0,0,True
186,2022,Kolkata Knight Riders,Venkatesh Iyer,9,8,0,0,False
186,2022,Kolkata Knight Riders,Anand Nair,31,22,3,1,True
186,2022,Kolkata Knight Riders,Dev Kulkarni,53,34,4,2,True
186,2022,Kolkata Knight Riders,Arjun Kapoor,13,16,1,0,False
186,2022,Lucknow Super Giants,Nicholas Pooran,36,24,3,1,False
186,2022,Lucknow Super Giants,Ayush Badoni,19,18,1,0,True
186,2022,Lucknow Super Giants,Marcus Stoinis,31,13,2,1,True
186,2022,Lucknow Super Giants,Quinton de Kock,45,44,4,1,True
186,2022,Lucknow Super Giants,Nikhil Reddy,34,28,3,1,True
186,2022,Lucknow Super Giants,Rohan Pillai,11,14,0,0,True
186,2022,Lucknow Super Giants,Varun Bhatt,0,8,0,0,False
187,2022,Mumbai Indians,Rohit Sharma,36,31,3,1,True
187,2022,Mumbai Indians,Suryakumar Yadav,50,32,3,1,True
187,2022,Mumbai Indians,Hardik Pandya,24,14,1,1,True
187,2022,Mumbai Indians,Ishan Kishan,30,20,2,0,True
187,2022,Mumbai Indians,Tilak Varma,35,30,2,1,True
187,2022,Mumbai Indians,Dev Rao,2,7,0,0,True
187,2022,Mumbai Indians,Karan Kapoor,13,9,1,0,False
187,2022,Mumbai Indians,Varun Nair,19,24,1,0,True
187,2022,Rajasthan Royals,Sanju Samson,45,26,3,1,True
187,2022,Rajasthan Royals,Yashasvi Jaiswal,38,28,2,1,True
187,2022,Rajasthan Royals,Jos Buttler,27,18,2,0,True
187,2022,Rajasthan Royals,Riyan Parag,21,15,2,0,True
187,2022,Rajasthan Royals,Dhruv Jurel,42,28,3,1,True
187,2022,Rajasthan Royals,Kabir Ghosh,30,18,2,1,True
187,2022,Rajasthan Royals,Yash Suresh,50,34,4,1,True
187,2022,Rajasthan Royals,Rahul Mehta,40,28,4,1,False
188,2022,Delhi Capitals,Rishabh Pant,51,38,5,1,True
188,2022,Delhi Capitals,Mitchell Marsh,37,30,3,0,True
188,2022,Delhi Capitals,Tristan Stubbs,10,19,0,0,False
188,2022,Delhi Capitals,Abishek Porel,34,17,3,1,False
188,2022,Delhi Capitals,Manish Trivedi,20,22,2,0,False
188,2022,Delhi Capitals,Sameer Nair,58,26,4,1,False
188,2022,Delhi Capitals,Kabir Bose,50,34,4,1,True
188,2022,Lucknow Super Giants,Nicholas Pooran,44,37,3,1,True
188,2022,Lucknow Super Giants,Ayush Badoni,52,29,5,1,False
188,2022,Lucknow Super Giants,Marcus Stoinis,17,17,1,0,True
188,2022,Lucknow Super Giants,Quinton de Kock,4,10,0,0,True
188,2022,Lucknow Super Giants,Nikhil Ghosh,14,16,1,0,False
188,2022,Lucknow Super Giants,Nikhil Reddy,32,21,2,1,True
188,2022,Lucknow Super Giants,Rohan Pillai,25,28,2,0,False
188,2022,Lucknow Super Giants,Varun Bhatt,58,35,5,2,True
189,2022,Delhi Capitals,Rishabh Pant,27,12,1,0,False
189,2022,Delhi Capitals,Axar Patel,53,33,5,1,True
189,2022,Delhi Capitals,Mitchell Marsh,15,14,1,0,True
189,2022,Delhi Capitals,Tristan Stubbs,28,25,2,1,True
189,2022,Delhi Capitals,Abishek Porel,12,24,1,0,False
189,2022,Delhi Capitals,Manish Trivedi,21,18,1,0,True
189,2022,Delhi Capitals,Sameer Nair,33,20,3,1,True
189,2022,Delhi Capitals,Kabir Bose,45,30,4,1,False
189,2022,Punjab Kings,Shikhar Dhawan,6,12,0,0,True
189,2022,Punjab Kings,Liam Livingstone,32,20,2,0,True
189,2022,Punjab Kings,Sam Curran,24,14,1,0,True
189,2022,Punjab Kings,Jitesh Sharma,40,30,2,1,True
189,2022,Punjab Kings,Prabhsimran Singh,30,16,2,1,False
189,2022,Punjab Kings,Ajay Joshi,7,21,0,0,True
189,2022,Punjab Kings,Varun Menon,22,25,2,0,True
189,2022,Punjab Kings,Deepak Chauhan,63,30,5,1,False
190,2022,Chennai Super Kings,Ravindra Jadeja,31,25,3,1,True
190,2022,Chennai Super Kings,Ruturaj Gaikwad,18,20,1,0,True
190,2022,Chennai Super Kings,Shivam Dube,29,13,2,0,False
190,2022,Chennai Super Kings,Moeen Ali,31,22,3,1,True
190,2022,Chennai Super Kings,Kabir Pillai,33,30,3,1,True
190,2022,Chennai Super Kings,Varun Saxena,19,9,1,0,False
190,2022,Chennai Super Kings,Pranav Bhatt,15,13,0,0,False
190,2022,Kolkata Knight Riders,Shreyas Iyer,59,39,6,2,False
190,2022,Kolkata Knight Riders,Andre Russell,5,2,0,0,True
190,2022,Kolkata Knight Riders,Sunil Narine,16,10,1,0,False
190,2022,Kolkata Knight Riders,Rinku Singh,29,27,2,1,True
190,2022,Kolkata Knight Riders,Venkatesh Iyer,34,16,3,1,False
190,2022,Kolkata Knight Riders,Anand Nair,37,32,4,1,True
190,2022,Kolkata Knight Riders,Dev Kulkarni,32,19,2,0,False
190,2022,Kolkata Knight Riders,Arjun Kapoor,20,13,2,0,False
191,2022,Mumbai Indians,Rohit Sharma,57,38,5,1,True
191,2022,Mumbai Indians,Suryakumar Yadav,28,21,2,1,False
191,2022,Mumbai Indians,Hardik Pandya,50,30,3,2,False
191,2022,Mumbai Indians,Ishan Kishan,38,23,2,1,True
191,2022,Mumbai Indians,Tilak Varma,17,14,1,0,False
191,2022,Mumbai Indians,Dev Rao,25,21,2,0,True
191,2022,Mumbai Indians,Karan Kapoor,23,18,1,0,True
191,2022,Mumbai Indians,Varun Nair,11,23,1,0,True
191,2022,Delhi Capitals,Rishabh Pant,14,16,1,0,False
191,2022,Delhi Capitals,Axar Patel,13,7,1,0,True
191,2022,Delhi Capitals,Mitchell Marsh,26,17,2,1,True
191,2022,Delhi Capitals,Tristan Stubbs,25,36,2,1,True
191,2022,Delhi Capitals,Abishek Porel,9,4,0,0,True
191,2022,Delhi Capitals,Manish Trivedi,27,20,2,0,True
191,2022,Delhi Capitals,Sameer Nair,33,16,2,1,False
191,2022,Delhi Capitals,Kabir Bose,43,21,3,1,True
192,2022,Royal Challengers Bengaluru,Virat Kohli,123,51,13,4,True
192,2022,Royal Challengers Bengaluru,Faf du Plessis,62,23,5,2,True
192,2022,Royal Challengers Bengaluru,Glenn Maxwell,12,8,0,0,True
192,2022,Royal Challengers Bengaluru,Rajat Patidar,12,3,0,0,True
192,2022,Royal Challengers Bengaluru,Cameron Green,4,10,0,0,True
192,2022,Royal Challengers Bengaluru,Vivek Chauhan,51,23,3,2,True
192,2022,Royal Challengers Bengaluru,Sameer Iyer,0,7,0,0,True
192,2022,Royal Challengers Bengaluru,Abhishek Suresh,7,16,0,0,True
192,2022,Gujarat Titans,Shubman Gill,22,14,2,0,True
192,2022,Gujarat Titans,Sai Sudharsan,37,28,3,1,True
192,2022,Gujarat Titans,David Miller,37,32,3,1,True
192,2022,Gujarat Titans,Rahul Tewatia,42,25,3,1,True
192,2022,Gujarat Titans,Harsh Rao,37,33,2,1,True
192,2022,Gujarat Titans,Karan Chatterjee,34,22,3,1,False
192,2022,Gujarat Titans,Sameer Malhotra,31,20,2,0,True
192,2022,Gujarat Titans,Sameer Dubey,17,13,1,0,True
193,2022,Chennai Super Kings,MS Dhoni,44,26,4,1,False
193,2022,Chennai Super Kings,Ravindra Jadeja,0,7,0,0,True
193,2022,Chennai Super Kings,Ruturaj Gaikwad,24,20,2,0,True
193,2022,Chennai Super Kings,Shivam Dube,41,23,3,1,True
193,2022,Chennai Super Kings,Kabir Pillai,49,24,3,1,True
193,2022,Chennai Super Kings,Varun Saxena,13,5,1,0,True
193,2022,Chennai Super Kings,Pranav Bhatt,32,16,2,0,True
193,2022,Punjab Kings,Shikhar Dhawan,52,29,3,1,True
193,2022,Punjab Kings,Liam Livingstone,41,22,2,1,True
193,2022,Punjab Kings,Sam Curran,61,24,4,2,False
193,2022,Punjab Kings,Jitesh Sharma,29,20,2,0,False
193,2022,Punjab Kings,Prabhsimran Singh,46,40,3,1,True
193,2022,Punjab Kings,Ajay Joshi,8,10,0,0,True
193,2022,Punjab Kings,Varun Menon,19,15,1,0,True
193,2022,Punjab Kings,Deepak Chauhan,10,15,0,0,True
194,2022,Chennai Super Kings,MS Dhoni,35,19,3,1,True
194,2022,Chennai Super Kings,Ravindra Jadeja,21,23,2,0,False
194,2022,Chennai Super Kings,Ruturaj Gaikwad,10,15,0,0,True
194,2022,Chennai Super Kings,Moeen Ali,18,20,1,0,True
194,2022,Chennai Super Kings,Kabir Pillai,47,32,4,1,False
194,2022,Chennai Super Kings,Varun Saxena,14,5,0,0,True
194,2022,Chennai Super Kings,Pranav Bhatt,0,12,0,0,False
194,2022,Royal Challengers Bengaluru,Virat Kohli,120,42,8,3,False
194,2022,Royal Challengers Bengaluru,Faf du Plessis,26,18,1,0,True
194,2022,Royal Challengers Bengaluru,Glenn Maxwell,22,9,1,0,True
194,2022,Royal Challengers Bengaluru,Rajat Patidar,56,32,5,2,True
194,2022,Royal Challengers Bengaluru,Cameron Green,20,28,1,0,False
194,2022,Royal Challengers Bengaluru,Vivek Chauhan,52,36,3,1,True
194,2022,Royal Challengers Bengaluru,Sameer Iyer,38,28,3,1,True
194,2022,Royal Challengers Bengaluru,Abhishek Suresh,43,26,3,1,True
195,2022,Delhi Capitals,Rishabh Pant,52,36,3,1,True
195,2022,Delhi Capitals,Axar Patel,0,1,0,0,True
195,2022,Delhi Capitals,Mitchell Marsh,41,29,3,1,True
195,2022,Delhi Capitals,Tristan Stubbs,44,28,4,1,True
195,2022,Delhi Capitals,Abishek Porel,30,22,2,1,True
195,2022,Delhi Capitals,Manish Trivedi,73,50,7,2,True
195,2022,Delhi Capitals,Sameer Nair,39,24,3,1,True
195,2022,Delhi Capitals,Kabir Bose,56,38,5,1,False
195,2022,Sunrisers Hyderabad,Heinrich Klaasen,41,18,4,1,True
195,2022,Sunrisers Hyderabad,Abhishek Sharma,13,15,1,0,False
195,2022,Sunrisers Hyderabad,Travis Head,23,20,2,1,False
195,2022,Sunrisers Hyderabad,Nitish Kumar Reddy,20,20,1,0,True
195,2022,Sunrisers Hyderabad,Aman Pillai,27,22,2,0,False
195,2022,Sunrisers Hyderabad,Dev Malhotra,4,2,0,0,True
195,2022,Sunrisers Hyderabad,Anand Thakur,38,26,2,1,True
195,2022,Sunrisers Hyderabad,Karthik Verma,11,9,1,0,False
196,2022,Rajasthan Royals,Sanju Samson,49,28,4,2,False
196,2022,Rajasthan Royals,Yashasvi Jaiswal,41,21,4,1,True
196,2022,Rajasthan Royals,Jos Buttler,7,13,0,0,False
196,2022,Rajasthan Royals,Riyan Parag,0,6,0,0,True
196,2022,Rajasthan Royals,Dhruv Jurel,53,37,4,1,True
196,2022,Rajasthan Royals,Kabir Ghosh,13,7,0,0,True
196,2022,Rajasthan Royals,Yash Suresh,12,27,1,0,True
196,2022,Rajasthan Royals,Rahul Mehta,40,28,3,1,False
196,2022,Sunrisers Hyderabad,Heinrich Klaasen,28,31,3,0,True
196,2022,Sunrisers Hyderabad,Abhishek Sharma,67,47,7,2,True
196,2022,Sunrisers Hyderabad,Travis Head,20,13,2,0,True
196,2022,Sunrisers Hyderabad,Nitish Kumar Reddy,21,17,1,0,True
196,2022,Sunrisers Hyderabad,Aman Pillai,37,21,3,1,True
196,2022,Sunrisers Hyderabad,Dev Malhotra,32,29,3,0,False
196,2022,Sunrisers Hyderabad,Anand Thakur,14,10,1,0,True
196,2022,Sunrisers Hyderabad,Karthik Verma,27,29,2,1,True
197,2022,Kolkata Knight Riders,Shreyas Iyer,22,23,2,0,True
197,2022,Kolkata Knight Riders,Andre Russell,23,20,1,0,True
197,2022,Kolkata Knight Riders,Sunil Narine,45,34,4,1,True
197,2022,Kolkata Knight Riders,Rinku Singh,18,19,1,0,True
197,2022,Kolkata Knight Riders,Venkatesh Iyer,31,22,1,1,True
197,2022,Kolkata Knight Riders,Anand Nair,42,31,4,1,True
197,2022,Kolkata Knight Riders,Dev Kulkarni,5,14,0,0,True
197,2022,Kolkata Knight Riders,Arjun Kapoor,0,1,0,0,False
197,2022,Sunrisers Hyderabad,Heinrich Klaasen,41,35,3,1,True
197,2022,Sunrisers Hyderabad,Abhishek Sharma,17,14,1,0,False
197,2022,Sunrisers Hyderabad,Travis Head,48,28,3,1,True
197,2022,Sunrisers Hyderabad,Aman Pillai,11,15,0,0,True
197,2022,Sunrisers Hyderabad,Dev Malhotra,28,21,2,1,False
197,2022,Sunrisers Hyderabad,Anand Thakur,17,18,1,0,True
197,2022,Sunrisers Hyderabad,Karthik Verma,36,25,2,1,True
198,2022,Punjab Kings,Shikhar Dhawan,39,33,3,1,True
198,2022,Punjab Kings,Liam Livingstone,23,12,1,0,True
198,2022,Punjab Kings,Sam Curran,26,20,2,0,True
198,2022,Punjab Kings,Jitesh Sharma,0,7,0,0,True
198,2022,Punjab Kings,Prabhsimran Singh,24,14,2,1,True
198,2022,Punjab Kings,Ajay Joshi,23,21,1,1,True
198,2022,Punjab Kings,Varun Menon,6,6,0,0,True
198,2022,Punjab Kings,Deepak Chauhan,28,23,1,0,True
198,2022,Rajasthan Royals,Sanju Samson,21,17,2,1,True
198,2022,Rajasthan Royals,Yashasvi Jaiswal,52,28,4,2,True
198,2022,Rajasthan Royals,Jos Buttler,41,31,2,1,False
198,2022,Rajasthan Royals,Riyan Parag,64,27,4,2,False
198,2022,Rajasthan Royals,Dhruv Jurel,13,23,0,0,True
198,2022,Rajasthan Royals,Kabir Ghosh,11,12,0,0,True
198,2022,Rajasthan Royals,Yash Suresh,53,32,4,1,True
198,2022,Rajasthan Royals,Rahul Mehta,13,12,1,0,False
199,2022,Kolkata Knight Riders,Shreyas Iyer,22,16,1,0,True
199,2022,Kolkata Knight Riders,Andre Russell,1,3,0,0,True
199,2022,Kolkata Knight Riders,Sunil Narine,20,14,1,0,True
199,2022,Kolkata Knight Riders,Rinku Singh,41,29,3,1,False
199,2022,Kolkata Knight Riders,Venkatesh Iyer,13,13,0,0,True
199,2022,Kolkata Knight Riders,Anand Nair,28,21,2,0,True
199,2022,Kolkata Knight Riders,Dev Kulkarni,39,23,3,1,True
199,2022,Kolkata Knight Riders,Arjun Kapoor,60,43,6,2,True
199,2022,Punjab Kings,Shikhar Dhawan,25,18,2,1,True
199,2022,Punjab Kings,Liam Livingstone,18,17,1,0,False
199,2022,Punjab Kings,Sam Curran,18,10,1,0,False
199,2022,Punjab Kings,Jitesh Sharma,19,17,1,0,True
199,2022,Punjab Kings,Prabhsimran Singh,33,18,3,0,True
199,2022,Punjab Kings,Ajay Joshi,28,14,2,1,True
199,2022,Punjab Kings,Varun Menon,15,22,1,0,False
199,2022,Punjab Kings,Deepak Chauhan,12,11,1,0,False
200,2022,Mumbai Indians,Rohit Sharma,26,27,2,1,True
200,2022,Mumbai Indians,Suryakumar Yadav,39,30,2,1,True
200,2022,Mumbai Indians,Hardik Pandya,20,14,2,0,True
200,2022,Mumbai Indians,Ishan Kishan,33,30,2,1,True
200,2022,Mumbai Indians,Tilak Varma,21,26,2,0,True
200,2022,Mumbai Indians,Dev Rao,30,20,3,1,True
200,2022,Mumbai Indians,Karan Kapoor,32,19,2,0,True
200,2022,Mumbai Indians,Varun Nair,14,16,1,0,True
200,2022,Chennai Super Kings,Ravindra Jadeja,28,16,3,1,True
200,2022,Chennai Super Kings,Ruturaj Gaikwad,58,27,6,2,False
200,2022,Chennai Super Kings,Shivam Dube,24,20,2,0,False
200,2022,Chennai Super Kings,Moeen Ali,14,20,1,0,True
200,2022,Chennai Super Kings,Kabir Pillai,17,20,1,0,True
200,2022,Chennai Super Kings,Varun Saxena,17,16,1,0,True
200,2022,Chennai Super Kings,Pranav Bhatt,34,27,3,1,True
201,2022,Delhi Capitals,Rishabh Pant,23,15,2,0,True
201,2022,Delhi Capitals,Axar Patel,24,29,2,0,True
201,2022,Delhi Capitals,Mitchell Marsh,40,25,3,1,True
201,2022,Delhi Capitals,Tristan Stubbs,57,34,4,1,False
201,2022,Delhi Capitals,Abishek Porel,46,29,4,1,False
201,2022,Delhi Capitals,Manish Trivedi,24,23,2,0,True
201,2022,Delhi Capitals,Sameer Nair,2,9,0,0,True
201,2022,Delhi Capitals,Kabir Bose,50,38,5,1,True
201,2022,Rajasthan Royals,Sanju Samson,9,6,0,0,True
201,2022,Rajasthan Royals,Yashasvi Jaiswal,15,16,0,0,True
201,2022,Rajasthan Royals,Jos Buttler,44,23,4,1,False
201,2022,Rajasthan Royals,Dhruv Jurel,28,18,2,1,True
201,2022,Rajasthan Royals,Kabir Ghosh,42,20,4,1,False
201,2022,Rajasthan Royals,Yash Suresh,13,16,0,0,True
201,2022,Rajasthan Royals,Rahul Mehta,50,34,3,1,True
202,2022,Mumbai Indians,Rohit Sharma,3,14,0,0,True
202,2022,Mumbai Indians,Suryakumar Yadav,32,10,2,1,True
202,2022,Mumbai Indians,Hardik Pandya,28,23,2,0,True
202,2022,Mumbai Indians,Ishan Kishan,15,11,1,0,True
202,2022,Mumbai Indians,Tilak Varma,43,27,4,2,True
202,2022,Mumbai Indians,Dev Rao,26,28,2,0,True
202,2022,Mumbai Indians,Varun Nair,22,14,1,0,True
202,2022,Royal Challengers Bengaluru,Virat Kohli,131,44,11,6,True
202,2022,Royal Challengers Bengaluru,Faf du Plessis,5,14,0,0,False
202,2022,Royal Challengers Bengaluru,Glenn Maxwell,5,5,0,0,False
202,2022,Royal Challengers Bengaluru,Rajat Patidar,29,34,2,1,False
202,2022,Royal Challengers Bengaluru,Cameron Green,19,14,1,0,False
202,2022,Royal Challengers Bengaluru,Vivek Chauhan,23,14,2,0,True
202,2022,Royal Challengers Bengaluru,Sameer Iyer,31,24,2,1,True
202,2022,Royal Challengers Bengaluru,Abhishek Suresh,19,13,1,0,True
203,2022,Royal Challengers Bengaluru,Virat Kohli,51,26,5,1,False
203,2022,Royal Challengers Bengaluru,Faf du Plessis,50,28,5,1,False
203,2022,Royal Challengers Bengaluru,Glenn Maxwell,30,14,2,1,False
203,2022,Royal Challengers Bengaluru,Rajat Patidar,38,28,2,1,False
203,2022,Royal Challengers Bengaluru,Cameron Green,10,7,0,0,True
203,2022,Royal Challengers Bengaluru,Vivek Chauhan,46,28,3,1,True
203,2022,Royal Challengers Bengaluru,Sameer Iyer,25,22,2,0,True
203,2022,Royal Challengers Bengaluru,Abhishek Suresh,25,18,2,0,True
203,2022,Rajasthan Royals,Sanju Samson,24,24,2,1,True
203,2022,Rajasthan Royals,Yashasvi Jaiswal,9,18,0,0,True
203,2022,Rajasthan Royals,Jos Buttler,56,33,4,2,True
203,2022,Rajasthan Royals,Riyan Parag,17,7,1,0,True
203,2022,Rajasthan Royals,Dhruv Jurel,0,10,0,0,True
203,2022,Rajasthan Royals,Kabir Ghosh,57,36,3,1,True
203,2022,Rajasthan Royals,Yash Suresh,62,32,4,2,False
203,2022,Rajasthan Royals,Rahul Mehta,53,27,4,1,False
204,2022,Chennai Super Kings,MS Dhoni,50,33,4,1,True
204,2022,Chennai Super Kings,Ravindra Jadeja,7,7,0,0,True
204,2022,Chennai Super Kings,Ruturaj Gaikwad,41,23,3,1,True
204,2022,Chennai Super Kings,Shivam Dube,34,18,2,1,True
204,2022,Chennai Super Kings,Kabir Pillai,12,13,1,0,True
204,2022,Chennai Super Kings,Varun Saxena,34,22,3,0,False
204,2022,Chennai Super Kings,Pranav Bhatt,20,19,1,0,True
204,2022,Gujarat Titans,Shubman Gill,47,49,4,1,True
204,2022,Gujarat Titans,Sai Sudharsan,37,16,3,1,True
204,2022,Gujarat Titans,David Miller,15,16,1,0,False
204,2022,Gujarat Titans,Rahul Tewatia,28,20,2,1,True
204,2022,Gujarat Titans,Harsh Rao,40,28,2,1,True
204,2022,Gujarat Titans,Karan Chatterjee,46,28,4,1,True
204,2022,Gujarat Titans,Sameer Malhotra,30,25,2,0,False
204,2022,Gujarat Titans,Sameer Dubey,29,26,2,0,True
205,2022,Punjab Kings,Shikhar Dhawan,21,14,2,0,True
205,2022,Punjab Kings,Liam Livingstone,38,17,4,1,True
205,2022,Punjab Kings,Sam Curran,28,26,2,0,False
205,2022,Punjab Kings,Jitesh Sharma,60,38,4,1,True
205,2022,Punjab Kings,Prabhsimran Singh,55,36,4,1,True
205,2022,Punjab Kings,Ajay Joshi,4,10,0,0,False
205,2022,Punjab Kings,Varun Menon,14,15,1,0,True
205,2022,Punjab Kings,Deepak Chauhan,50,34,5,2,True
205,2022,Gujarat Titans,Shubman Gill,49,27,3,1,True
205,2022,Gujarat Titans,Sai Sudharsan,24,30,1,0,False
205,2022,Gujarat Titans,David Miller,47,25,4,1,False
205,2022,Gujarat Titans,Rahul Tewatia,8,17,0,0,True
205,2022,Gujarat Titans,Harsh Rao,50,33,3,1,False
205,2022,Gujarat Titans,Karan Chatterjee,40,38,4,1,True
205,2022,Gujarat Titans,Sameer Malhotra,42,28,3,1,True
205,2022,Gujarat Titans,Sameer Dubey,15,20,1,0,False
206,2022,Rajasthan Royals,Sanju Samson,41,29,3,1,True
206,2022,Rajasthan Royals,Yashasvi Jaiswal,2,12,0,0,False
206,2022,Rajasthan Royals,Riyan Parag,12,6,1,0,True
206,2022,Rajasthan Royals,Dhruv Jurel,9,13,0,0,True
206,2022,Rajasthan Royals,Kabir Ghosh,48,28,5,2,True
206,2022,Rajasthan Royals,Yash Suresh,22,18,2,0,True
206,2022,Rajasthan Royals,Rahul Mehta,37,17,3,1,True
206,2022,Gujarat Titans,Shubman Gill,34,22,3,1,True
206,2022,Gujarat Titans,Sai Sudharsan,27,18,1,1,True
206,2022,Gujarat Titans,David Miller,43,32,4,1,True
206,2022,Gujarat Titans,Rahul Tewatia,16,14,1,0,True
206,2022,Gujarat Titans,Harsh Rao,48,32,4,2,True
206,2022,Gujarat Titans,Karan Chatterjee,42,25,3,1,True
206,2022,Gujarat Titans,Sameer Malhotra,10,9,0,0,True
206,2022,Gujarat Titans,Sameer Dubey,17,16,1,0,False
207,2022,Kolkata Knight Riders,Shreyas Iyer,22,21,2,0,True
207,2022,Kolkata Knight Riders,Andre Russell,56,37,6,1,False
207,2022,Kolkata Knight Riders,Sunil Narine,10,7,1,0,False
207,2022,Kolkata Knight Riders,Rinku Singh,46,36,4,1,True
207,2022,Kolkata Knight Riders,Venkatesh Iyer,22,14,1,0,True
207,2022,Kolkata Knight Riders,Anand Nair,54,38,4,1,True
207,2022,Kolkata Knight Riders,Dev Kulkarni,0,25,0,0,False
207,2022,Kolkata Knight Riders,Arjun Kapoor,25,15,1,1,False
207,2022,Gujarat Titans,Shubman Gill,44,31,4,1,True
207,2022,Gujarat Titans,Sai Sudharsan,49,34,4,1,False
207,2022,Gujarat Titans,David Miller,32,16,3,1,True
207,2022,Gujarat Titans,Rahul Tewatia,28,21,2,0,False
207,2022,Gujarat Titans,Harsh Rao,17,5,1,0,True
207,2022,Gujarat Titans,Karan Chatterjee,0,3,0,0,False
207,2022,Gujarat Titans,Sameer Malhotra,14,20,1,0,True
207,2022,Gujarat Titans,Sameer Dubey,28,24,2,1,True
208,2022,Mumbai Indians,Rohit Sharma,46,34,4,2,True
208,2022,Mumbai Indians,Suryakumar Yadav,55,35,5,2,False
208,2022,Mumbai Indians,Hardik Pandya,39,36,2,1,True
208,2022,Mumbai Indians,Ishan Kishan,31,20,3,1,False
208,2022,Mumbai Indians,Tilak Varma,32,22,2,1,True
208,2022,Mumbai Indians,Dev Rao,0,3,0,0,False
208,2022,Mumbai Indians,Karan Kapoor,29,27,2,0,True
208,2022,Mumbai Indians,Varun Nair,24,9,2,0,True
208,2022,Gujarat Titans,Shubman Gill,6,11,0,0,True
208,2022,Gujarat Titans,Sai Sudharsan,19,25,2,0,True
208,2022,Gujarat Titans,David Miller,12,8,0,0,False
208,2022,Gujarat Titans,Rahul Tewatia,32,20,2,1,False
208,2022,Gujarat Titans,Harsh Rao,22,14,1,1,False
208,2022,Gujarat Titans,Sameer Malhotra,17,19,1,0,True
208,2022,Gujarat Titans,Sameer Dubey,52,27,5,2,True
209,2022,Mumbai Indians,Rohit Sharma,28,18,2,1,False
209,2022,Mumbai Indians,Suryakumar Yadav,51,34,3,2,True
209,2022,Mumbai Indians,Hardik Pandya,39,23,2,1,False
209,2022,Mumbai Indians,Ishan Kishan,3,4,0,0,True
209,2022,Mumbai Indians,Tilak Varma,3,21,0,0,True
209,2022,Mumbai Indians,Dev Rao,27,22,2,0,True
209,2022,Mumbai Indians,Karan Kapoor,54,28,4,1,True
209,2022,Mumbai Indians,Varun Nair,53,38,3,1,True
209,2022,Lucknow Super Giants,Nicholas Pooran,25,23,2,1,True
209,2022,Lucknow Super Giants,Ayush Badoni,16,15,1,0,True
209,2022,Lucknow Super Giants,Marcus Stoinis,34,21,3,1,False
209,2022,Lucknow Super Giants,Quinton de Kock,40,24,4,1,True
209,2022,Lucknow Super Giants,Nikhil Ghosh,55,38,5,1,False
209,2022,Lucknow Super Giants,Nikhil Reddy,63,38,4,1,True
209,2022,Lucknow Super Giants,Rohan Pillai,19,12,1,0,True
209,2022,Lucknow Super Giants,Varun Bhatt,35,16,2,1,True
210,2022,Gujarat Titans,Shubman Gill,24,24,2,0,True
210,2022,Gujarat Titans,Sai Sudharsan,5,3,0,0,True
210,2022,Gujarat Titans,David Miller,10,8,0,0,True
210,2022,Gujarat Titans,Rahul Tewatia,30,24,2,0,True
210,2022,Gujarat Titans,Harsh Rao,17,21,1,0,False
210,2022,Gujarat Titans,Karan Chatterjee,34,32,3,1,False
210,2022,Gujarat Titans,Sameer Malhotra,55,39,5,2,True
210,2022,Gujarat Titans,Sameer Dubey,44,26,3,1,True
210,2022,Lucknow Super Giants,Nicholas Pooran,43,41,4,1,True
210,2022,Lucknow Super Giants,Ayush Badoni,22,21,2,0,False
210,2022,Lucknow Super Giants,Marcus Stoinis,28,25,2,1,True
210,2022,Lucknow Super Giants,Quinton de Kock,29,21,3,0,False
210,2022,Lucknow Super Giants,Nikhil Ghosh,3,10,0,0,True
210,2022,Lucknow Super Giants,Nikhil Reddy,45,28,4,1,False
210,2022,Lucknow Super Giants,Rohan Pillai,14,10,1,0,False
210,2022,Lucknow Super Giants,Varun Bhatt,8,2,0,0,False
211,2022,Chennai Super Kings,MS Dhoni,29,34,2,0,True
211,2022,Chennai Super Kings,Ravindra Jadeja,32,23,2,1,True
211,2022,Chennai Super Kings,Ruturaj Gaikwad,59,30,4,1,True
211,2022,Chennai Super Kings,Shivam Dube,4,3,0,0,True
211,2022,Chennai Super Kings,Moeen Ali,27,16,3,1,True
211,2022,Chennai Super Kings,Kabir Pillai,37,30,2,1,False
211,2022,Chennai Super Kings,Varun Saxena,54,29,5,1,False
211,2022,Chennai Super Kings,Pranav Bhatt,34,30,2,1,False
211,2022,Sunrisers Hyderabad,Heinrich Klaasen,43,33,4,1,True
211,2022,Sunrisers Hyderabad,Abhishek Sharma,55,38,4,2,True
211,2022,Sunrisers Hyderabad,Travis Head,53,27,3,1,True
211,2022,Sunrisers Hyderabad,Nitish Kumar Reddy,24,19,1,0,True
211,2022,Sunrisers Hyderabad,Aman Pillai,11,10,0,0,True
211,2022,Sunrisers Hyderabad,Dev Malhotra,22,19,1,0,False
211,2022,Sunrisers Hyderabad,Anand Thakur,34,17,3,0,True
211,2022,Sunrisers Hyderabad,Karthik Verma,30,20,3,1,True
212,2022,Mumbai Indians,Rohit Sharma,57,36,6,2,True
212,2022,Mumbai Indians,Suryakumar Yadav,47,36,3,1,True
212,2022,Mumbai Indians,Hardik Pandya,31,18,2,0,True
212,2022,Mumbai Indians,Ishan Kishan,46,42,3,1,True
212,2022,Mumbai Indians,Tilak Varma,31,27,2,1,True
212,2022,Mumbai Indians,Dev Rao,30,23,2,1,True
212,2022,Mumbai Indians,Karan Kapoor,47,32,3,2,False
212,2022,Mumbai Indians,Varun Nair,32,18,3,0,True
212,2022,Kolkata Knight Riders,Shreyas Iyer,31,19,2,1,False
212,2022,Kolkata Knight Riders,Andre Russell,46,22,3,2,True
212,2022,Kolkata Knight Riders,Sunil Narine,4,6,0,0,True
212,2022,Kolkata Knight Riders,Rinku Singh,56,47,5,1,True
212,2022,Kolkata Knight Riders,Venkatesh Iyer,33,25,3,1,True
212,2022,Kolkata Knight Riders,Anand Nair,11,23,0,0,True
212,2022,Kolkata Knight Riders,Dev Kulkarni,42,23,4,1,True
212,2022,Kolkata Knight Riders,Arjun Kapoor,48,31,4,1,False
213,2022,Punjab Kings,Shikhar Dhawan,37,26,2,1,True
213,2022,Punjab Kings,Liam Livingstone,56,36,4,1,False
213,2022,Punjab Kings,Sam Curran,13,14,0,0,True
213,2022,Punjab Kings,Jitesh Sharma,31,19,2,1,True
213,2022,Punjab Kings,Prabhsimran Singh,66,37,5,3,False
213,2022,Punjab Kings,Ajay Joshi,15,25,1,0,True
213,2022,Punjab Kings,Varun Menon,47,26,4,1,True
213,2022,Punjab Kings,Deepak Chauhan,37,18,3,1,True
213,2022,Sunrisers Hyderabad,Heinrich Klaasen,19,25,1,0,True
213,2022,Sunrisers Hyderabad,Abhishek Sharma,39,39,2,1,True
213,2022,Sunrisers Hyderabad,Travis Head,40,24,4,1,True
213,2022,Sunrisers Hyderabad,Nitish Kumar Reddy,35,30,3,0,True
213,2022,Sunrisers Hyderabad,Aman Pillai,17,16,1,0,True
213,2022,Sunrisers Hyderabad,Dev Malhotra,34,22,3,1,True
213,2022,Sunrisers Hyderabad,Anand Thakur,41,22,2,1,True
213,2022,Sunrisers Hyderabad,Karthik Verma,34,21,2,1,True
214,2022,Mumbai Indians,Rohit Sharma,42,38,2,1,True
214,2022,Mumbai Indians,Suryakumar Yadav,16,13,1,0,False
214,2022,Mumbai Indians,Hardik Pandya,52,22,5,2,True
214,2022,Mumbai Indians,Ishan Kishan,24,25,2,0,True
214,2022,Mumbai Indians,Tilak Varma,26,21,2,0,True
214,2022,Mumbai Indians,Dev Rao,11,16,1,0,True
214,2022,Mumbai Indians,Karan Kapoor,61,33,4,2,True
214,2022,Mumbai Indians,Varun Nair,23,26,2,0,False
214,2022,Sunrisers Hyderabad,Heinrich Klaasen,15,18,1,0,True
214,2022,Sunrisers Hyderabad,Abhishek Sharma,25,17,2,1,True
214,2022,Sunrisers Hyderabad,Travis Head,29,24,2,1,True
214,2022,Sunrisers Hyderabad,Nitish Kumar Reddy,25,22,1,0,False
214,2022,Sunrisers Hyderabad,Aman Pillai,11,8,0,0,False
214,2022,Sunrisers Hyderabad,Dev Malhotra,53,41,5,1,True
214,2022,Sunrisers Hyderabad,Anand Thakur,44,20,2,2,True
214,2022,Sunrisers Hyderabad,Karthik Verma,19,25,1,0,True
215,2022,Chennai Super Kings,MS Dhoni,43,24,4,2,True
215,2022,Chennai Super Kings,Ravindra Jadeja,10,13,1,0,True
215,2022,Chennai Super Kings,Ruturaj Gaikwad,35,16,3,1,True
215,2022,Chennai Super Kings,Shivam Dube,5,10,0,0,True
215,2022,Chennai Super Kings,Moeen Ali,27,15,1,1,False
215,2022,Chennai Super Kings,Kabir Pillai,21,9,1,0,True
215,2022,Chennai Super Kings,Varun Saxena,12,17,1,0,False
215,2022,Chennai Super Kings,Pranav Bhatt,26,17,2,0,False
215,2022,Lucknow Super Giants,Nicholas Pooran,31,23,2,0,True
215,2022,Lucknow Super Giants,Ayush Badoni,17,17,1,0,False
215,2022,Lucknow Super Giants,Marcus Stoinis,59,33,4,2,True
215,2022,Lucknow Super Giants,Quinton de Kock,54,42,4,1,False
215,2022,Lucknow Super Giants,Nikhil Ghosh,7,5,0,0,True
215,2022,Lucknow Super Giants,Nikhil Reddy,40,25,3,1,True
215,2022,Lucknow Super Giants,Varun Bhatt,37,27,3,1,True
216,2022,Delhi Capitals,Rishabh Pant,31,32,2,0,False
216,2022,Delhi Capitals,Axar Patel,40,27,3,1,True
216,2022,Delhi Capitals,Mitchell Marsh,24,1,2,1,False
216,2022,Delhi Capitals,Tristan Stubbs,0,5,0,0,True
216,2022,Delhi Capitals,Abishek Porel,26,18,2,1,True
216,2022,Delhi Capitals,Manish Trivedi,23,17,1,0,True
216,2022,Delhi Capitals,Sameer Nair,22,24,2,0,True
216,2022,Delhi Capitals,Kabir Bose,12,12,1,0,True
216,2022,Gujarat Titans,Shubman Gill,44,25,3,1,False
216,2022,Gujarat Titans,Sai Sudharsan,17,8,1,0,True
216,2022,Gujarat Titans,David Miller,27,30,2,1,True
216,2022,Gujarat Titans,Rahul Tewatia,12,12,0,0,True
216,2022,Gujarat Titans,Harsh Rao,67,36,5,2,True
216,2022,Gujarat Titans,Karan Chatterjee,23,21,1,0,True
216,2022,Gujarat Titans,Sameer Malhotra,18,10,1,0,True
217,2022,Chennai Super Kings,MS Dhoni,22,24,2,0,False
217,2022,Chennai Super Kings,Ravindra Jadeja,52,24,4,1,True
217,2022,Chennai Super Kings,Ruturaj Gaikwad,59,31,6,2,False
217,2022,Chennai Super Kings,Shivam Dube,29,21,3,0,False
217,2022,Chennai Super Kings,Moeen Ali,37,21,3,1,True
217,2022,Chennai Super Kings,Kabir Pillai,40,38,3,1,False
217,2022,Chennai Super Kings,Varun Saxena,58,37,6,2,False
217,2022,Chennai Super Kings,Pranav Bhatt,43,33,3,1,False
217,2022,Delhi Capitals,Rishabh Pant,34,21,3,1,True
217,2022,Delhi Capitals,Axar Patel,18,15,1,0,True
217,2022,Delhi Capitals,Mitchell Marsh,9,14,0,0,True
217,2022,Delhi Capitals,Tristan Stubbs,26,17,2,1,True
217,2022,Delhi Capitals,Abishek Porel,28,26,2,0,False
217,2022,Delhi Capitals,Manish Trivedi,71,33,4,2,True
217,2022,Delhi Capitals,Sameer Nair,42,30,3,1,True
217,2022,Delhi Capitals,Kabir Bose,19,12,2,0,True
218,2022,Royal Challengers Bengaluru,Virat Kohli,126,43,11,5,True
218,2022,Royal Challengers Bengaluru,Faf du Plessis,40,38,4,1,True
218,2022,Royal Challengers Bengaluru,Rajat Patidar,35,15,2,1,False
218,2022,Royal Challengers Bengaluru,Cameron Green,41,27,3,1,True
218,2022,Royal Challengers Bengaluru,Vivek Chauhan,40,30,2,1,True
218,2022,Royal Challengers Bengaluru,Sameer Iyer,37,30,2,0,False
218,2022,Royal Challengers Bengaluru,Abhishek Suresh,55,39,4,1,True
218,2022,Sunrisers Hyderabad,Heinrich Klaasen,12,13,1,0,True
218,2022,Sunrisers Hyderabad,Abhishek Sharma,17,9,1,0,False
218,2022,Sunrisers Hyderabad,Travis Head,4,11,0,0,True
218,2022,Sunrisers Hyderabad,Nitish Kumar Reddy,36,27,3,0,True
218,2022,Sunrisers Hyderabad,Aman Pillai,17,16,1,0,True
218,2022,Sunrisers Hyderabad,Dev Malhotra,23,18,2,0,True
218,2022,Sunrisers Hyderabad,Anand Thakur,31,18,2,0,True
218,2022,Sunrisers Hyderabad,Karthik Verma,3,27,0,0,True
219,2022,Kolkata Knight Riders,Shreyas Iyer,19,12,1,0,True
219,2022,Kolkata Knight Riders,Andre Russell,27,20,2,0,False
219,2022,Kolkata Knight Riders,Sunil Narine,35,18,3,1,True
219,2022,Kolkata Knight Riders,Rinku Singh,19,23,1,0,True
219,2022,Kolkata Knight Riders,Venkatesh Iyer,10,4,0,0,False
219,2022,Kolkata Knight Riders,Anand Nair,11,14,1,0,True
219,2022,Kolkata Knight Riders,Dev Kulkarni,33,18,2,0,True
219,2022,Kolkata Knight Riders,Arjun Kapoor,60,38,6,1,True
219,2022,Rajasthan Royals,Sanju Samson,17,28,1,0,True
219,2022,Rajasthan Royals,Yashasvi Jaiswal,3,8,0,0,True
219,2022,Rajasthan Royals,Jos Buttler,28,16,2,1,False
219,2022,Rajasthan Royals,Riyan Parag,24,16,2,0,True
219,2022,Rajasthan Royals,Dhruv Jurel,7,12,0,0,False
219,2022,Rajasthan Royals,Kabir Ghosh,4,22,0,0,False
219,2022,Rajasthan Royals,Yash Suresh,35,33,2,1,True
219,2022,Rajasthan Royals,Rahul Mehta,21,25,1,0,True
220,2022,Royal Challengers Bengaluru,Virat Kohli,141,51,9,4,False
220,2022,Royal Challengers Bengaluru,Faf du Plessis,28,14,2,1,True
220,2022,Royal Challengers Bengaluru,Glenn Maxwell,28,31,2,1,False
220,2022,Royal Challengers Bengaluru,Rajat Patidar,52,33,4,1,True
220,2022,Royal Challengers Bengaluru,Cameron Green,21,21,2,0,True
220,2022,Royal Challengers Bengaluru,Vivek Chauhan,29,16,2,0,True
220,2022,Royal Challengers Bengaluru,Sameer Iyer,7,12,0,0,False
220,2022,Royal Challengers Bengaluru,Abhishek Suresh,33,37,2,1,True
220,2022,Delhi Capitals,Rishabh Pant,12,10,1,0,True
220,2022,Delhi Capitals,Axar Patel,17,18,1,0,True
220,2022,Delhi Capitals,Mitchell Marsh,21,12,1,0,True
220,2022,Delhi Capitals,Tristan Stubbs,5,20,0,0,True
220,2022,Delhi Capitals,Abishek Porel,26,21,2,0,True
220,2022,Delhi Capitals,Manish Trivedi,4,9,0,0,False
220,2022,Delhi Capitals,Sameer Nair,47,33,3,1,False
220,2022,Delhi Capitals,Kabir Bose,54,40,5,1,True
221,2022,Sunrisers Hyderabad,Heinrich Klaasen,28,20,2,1,False
221,2022,Sunrisers Hyderabad,Abhishek Sharma,15,13,1,0,True
221,2022,Sunrisers Hyderabad,Travis Head,41,35,3,1,True
221,2022,Sunrisers Hyderabad,Nitish Kumar Reddy,19,24,1,0,True
221,2022,Sunrisers Hyderabad,Aman Pillai,9,11,0,0,False
221,2022,Sunrisers Hyderabad,Dev Malhotra,28,33,1,0,True
221,2022,Sunrisers Hyderabad,Anand Thakur,26,17,2,0,True
221,2022,Sunrisers Hyderabad,Karthik Verma,7,25,0,0,True
221,2022,Gujarat Titans,Shubman Gill,29,19,1,1,True
221,2022,Gujarat Titans,Sai Sudharsan,22,18,2,1,True
221,2022,Gujarat Titans,David Miller,19,29,1,0,True
221,2022,Gujarat Titans,Rahul Tewatia,1,3,0,0,True
221,2022,Gujarat Titans,Harsh Rao,28,22,3,1,False
221,2022,Gujarat Titans,Karan Chatterjee,43,17,3,1,True
221,2022,Gujarat Titans,Sameer Malhotra,11,10,0,0,False
221,2022,Gujarat Titans,Sameer Dubey,39,31,3,1,True
222,2022,Sunrisers Hyderabad,Heinrich Klaasen,17,12,1,0,True
222,2022,Sunrisers Hyderabad,Abhishek Sharma,33,22,2,1,True
222,2022,Sunrisers Hyderabad,Travis Head,31,23,2,1,True
222,2022,Sunrisers Hyderabad,Nitish Kumar Reddy,15,15,1,0,True
222,2022,Sunrisers Hyderabad,Aman Pillai,27,19,2,1,False
222,2022,Sunrisers Hyderabad,Dev Malhotra,52,26,4,1,False
222,2022,Sunrisers Hyderabad,Anand Thakur,40,26,3,1,True
222,2022,Sunrisers Hyderabad,Karthik Verma,35,15,3,1,True
222,2022,Lucknow Super Giants,Nicholas Pooran,9,15,0,0,True
222,2022,Lucknow Super Giants,Ayush Badoni,55,33,4,2,True
222,2022,Lucknow Super Giants,Marcus Stoinis,37,19,2,1,True
222,2022,Lucknow Super Giants,Quinton de Kock,16,18,1,0,False
222,2022,Lucknow Super Giants,Nikhil Ghosh,37,26,2,1,True
222,2022,Lucknow Super Giants,Nikhil Reddy,27,18,2,0,False
222,2022,Lucknow Super Giants,Rohan Pillai,44,19,3,1,False
222,2022,Lucknow Super Giants,Varun Bhatt,49,38,5,1,False
223,2022,Royal Challengers Bengaluru,Virat Kohli,93,31,9,2,False
223,2022,Royal Challengers Bengaluru,Faf du Plessis,63,35,4,3,True
223,2022,Royal Challengers Bengaluru,Glenn Maxwell,0,8,0,0,False
223,2022,Royal Challengers Bengaluru,Rajat Patidar,20,19,1,0,True
223,2022,Royal Challengers Bengaluru,Cameron Green,40,24,4,1,True
223,2022,Royal Challengers Bengaluru,Vivek Chauhan,12,10,0,0,False
223,2022,Royal Challengers Bengaluru,Sameer Iyer,24,23,2,1,True
223,2022,Royal Challengers Bengaluru,Abhishek Suresh,31,31,3,0,False
223,2022,Kolkata Knight Riders,Shreyas Iyer,39,29,3,1,False
223,2022,Kolkata Knight Riders,Andre Russell,44,29,3,2,True
223,2022,Kolkata Knight Riders,Sunil Narine,36,26,2,1,True
223,2022,Kolkata Knight Riders,Rinku Singh,51,36,4,1,True
223,2022,Kolkata Knight Riders,Venkatesh Iyer,24,13,1,1,True
223,2022,Kolkata Knight Riders,Anand Nair,45,33,2,1,True
223,2022,Kolkata Knight Riders,Dev Kulkarni,0,14,0,0,True
223,2022,Kolkata Knight Riders,Arjun Kapoor,40,34,3,1,False
224,2022,Royal Challengers Bengaluru,Virat Kohli,120,43,11,4,False
224,2022,Royal Challengers Bengaluru,Faf du Plessis,37,37,3,1,True
224,2022,Royal Challengers Bengaluru,Glenn Maxwell,20,26,1,0,True
224,2022,Royal Challengers Bengaluru,Rajat Patidar,0,4,0,0,True
224,2022,Royal Challengers Bengaluru,Cameron Green,51,34,5,2,True
224,2022,Royal Challengers Bengaluru,Vivek Chauhan,39,34,4,1,True
224,2022,Royal Challengers Bengaluru,Sameer Iyer,12,6,0,0,True
224,2022,Royal Challengers Bengaluru,Abhishek Suresh,15,24,1,0,False
224,2022,Punjab Kings,Shikhar Dhawan,33,34,3,1,True
224,2022,Punjab Kings,Liam Livingstone,46,31,5,1,False
224,2022,Punjab Kings,Sam Curran,22,20,2,0,False
224,2022,Punjab Kings,Jitesh Sharma,33,40,2,0,True
224,2022,Punjab Kings,Prabhsimran Singh,44,31,3,1,True
224,2022,Punjab Kings,Ajay Joshi,33,32,3,1,True
224,2022,Punjab Kings,Varun Menon,7,9,0,0,True
224,2022,Punjab Kings,Deepak Chauhan,28,24,3,1,False
225,2022,Mumbai Indians,Rohit Sharma,25,15,2,0,True
225,2022,Mumbai Indians,Suryakumar Yadav,30,29,1,1,False
225,2022,Mumbai Indians,Hardik Pandya,3,8,0,0,True
225,2022,Mumbai Indians,Ishan Kishan,36,33,2,1,True
225,2022,Mumbai Indians,Tilak Varma,22,17,1,1,True
225,2022,Mumbai Indians,Karan Kapoor,58,41,5,2,True
225,2022,Mumbai Indians,Varun Nair,16,12,1,0,True
225,2022,Punjab Kings,Shikhar Dhawan,34,26,3,0,True
225,2022,Punjab Kings,Liam Livingstone,28,20,2,0,True
225,2022,Punjab Kings,Sam Curran,35,27,2,0,False
225,2022,Punjab Kings,Jitesh Sharma,38,25,3,1,False
225,2022,Punjab Kings,Prabhsimran Singh,17,18,1,0,True
225,2022,Punjab Kings,Ajay Joshi,32,33,2,1,True
225,2022,Punjab Kings,Varun Menon,34,23,2,1,True
225,2022,Punjab Kings,Deepak Chauhan,35,19,2,1,True
226,2023,Delhi Capitals,Rishabh Pant,17,30,1,0,True
226,2023,Delhi Capitals,Mitchell Marsh,35,26,3,1,False
226,2023,Delhi Capitals,Tristan Stubbs,30,22,3,1,True
226,2023,Delhi Capitals,Abishek Porel,11,12,1,0,True
226,2023,Delhi Capitals,Manish Trivedi,61,45,3,2,True
226,2023,Delhi Capitals,Sameer Nair,11,13,0,0,True
226,2023,Delhi Capitals,Kabir Bose,8,8,0,0,False
226,2023,Lucknow Super Giants,Nicholas Pooran,45,23,3,1,True
226,2023,Lucknow Super Giants,Ayush Badoni,75,34,6,2,True
226,2023,Lucknow Super Giants,Quinton de Kock,16,22,1,0,True
226,2023,Lucknow Super Giants,Nikhil Reddy,28,26,2,1,True
226,2023,Lucknow Super Giants,Rohan Pillai,30,11,2,1,False
226,2023,Lucknow Super Giants,Varun Bhatt,18,18,1,0,True
227,2023,Punjab Kings,Shikhar Dhawan,43,17,3,1,True
227,2023,Punjab Kings,Sam Curran,10,10,0,0,True
227,2023,Punjab Kings,Jitesh Sharma,38,39,3,1,False
227,2023,Punjab Kings,Prabhsimran Singh,83,50,8,2,False
227,2023,Punjab Kings,Ajay Joshi,12,13,1,0,False
227,2023,Punjab Kings,Varun Menon,6,10,0,0,True
227,2023,Punjab Kings,Deepak Chauhan,38,28,3,1,True
227,2023,Sunrisers Hyderabad,Heinrich Klaasen,59,44,6,2,True
227,2023,Sunrisers Hyderabad,Abhishek Sharma,31,19,3,1,False
227,2023,Sunrisers Hyderabad,Travis Head,40,26,3,1,False
227,2023,Sunrisers Hyderabad,Nitish Kumar Reddy,42,36,3,2,True
227,2023,Sunrisers Hyderabad,Aman Pillai,20,24,1,0,True
227,2023,Sunrisers Hyderabad,Dev Malhotra,35,23,3,1,True
227,2023,Sunrisers Hyderabad,Anand Thakur,10,21,1,0,True
227,2023,Sunrisers Hyderabad,Karthik Verma,27,22,2,1,True
228,2023,Mumbai Indians,Rohit Sharma,7,12,0,0,False
228,2023,Mumbai Indians,Suryakumar Yadav,44,38,3,1,True
228,2023,Mumbai Indians,Hardik Pandya,17,21,1,0,True
228,2023,Mumbai Indians,Ishan Kishan,18,22,1,0,False
228,2023,Mumbai Indians,Tilak Varma,40,22,2,1,True
228,2023,Mumbai Indians,Dev Rao,16,12,1,0,True
228,2023,Mumbai Indians,Karan Kapoor,18,20,1,0,True
228,2023,Mumbai Indians,Varun Nair,23,6,2,1,True
228,2023,Punjab Kings,Shikhar Dhawan,21,16,2,0,True
228,2023,Punjab Kings,Liam Livingstone,15,29,1,0,True
228,2023,Punjab Kings,Sam Curran,17,12,1,0,True
228,2023,Punjab Kings,Jitesh Sharma,41,32,3,1,True
228,2023,Punjab Kings,Prabhsimran Singh,40,28,2,1,True
228,2023,Punjab Kings,Ajay Joshi,26,22,2,0,True
228,2023,Punjab Kings,Varun Menon,30,26,2,1,True
228,2023,Punjab Kings,Deepak Chauhan,32,23,2,1,False
229,2023,Chennai Super Kings,MS Dhoni,45,22,4,1,True
229,2023,Chennai Super Kings,Ravindra Jadeja,22,21,1,0,True
229,2023,Chennai Super Kings,Ruturaj Gaikwad,53,34,3,1,True
229,2023,Chennai Super Kings,Shivam Dube,37,29,4,1,True
229,2023,Chennai Super Kings,Moeen Ali,26,15,2,0,True
229,2023,Chennai Super Kings,Kabir Pillai,23,23,1,0,False
229,2023,Chennai Super Kings,Varun Saxena,62,39,6,2,True
229,2023,Chennai Super Kings,Pranav Bhatt,34,29,3,1,False
229,2023,Delhi Capitals,Rishabh Pant,46,33,4,1,False
229,2023,Delhi Capitals,Axar Patel,9,4,0,0,False
229,2023,Delhi Capitals,Mitchell Marsh,17,19,1,0,False
229,2023,Delhi Capitals,Tristan Stubbs,36,20,2,1,True
229,2023,Delhi Capitals,Abishek Porel,37,21,2,1,True
229,2023,Delhi Capitals,Manish Trivedi,43,19,3,2,False
229,2023,Delhi Capitals,Sameer Nair,57,30,5,2,True
229,2023,Delhi Capitals,Kabir Bose,27,20,1,0,False
230,2023,Royal Challengers Bengaluru,Virat Kohli,126,37,11,4,False
230,2023,Royal Challengers Bengaluru,Faf du Plessis,0,17,0,0,True
230,2023,Royal Challengers Bengaluru,Glenn Maxwell,50,26,4,2,True
230,2023,Royal Challengers Bengaluru,Rajat Patidar,30,20,3,1,True
230,2023,Royal Challengers Bengaluru,Cameron Green,9,4,0,0,False
230,2023,Royal Challengers Bengaluru,Vivek Chauhan,14,8,1,0,True
230,2023,Royal Challengers Bengaluru,Sameer Iyer,42,18,3,2,False
230,2023,Royal Challengers Bengaluru,Abhishek Suresh,20,17,1,0,True
230,2023,Delhi Capitals,Rishabh Pant,26,17,2,1,True
230,2023,Delhi Capitals,Axar Patel,24,24,2,0,True
230,2023,Delhi Capitals,Mitchell Marsh,24,36,1,0,True
230,2023,Delhi Capitals,Tristan Stubbs,21,24,1,0,True
230,2023,Delhi Capitals,Abishek Porel,30,27,2,1,True
230,2023,Delhi Capitals,Manish Trivedi,33,15,3,1,True
230,2023,Delhi Capitals,Sameer Nair,40,25,2,1,True
230,2023,Delhi Capitals,Kabir Bose,40,27,4,1,True
231,2023,Gujarat Titans,Shubman Gill,30,26,3,0,True
231,2023,Gujarat Titans,Sai Sudharsan,22,23,2,0,False
231,2023,Gujarat Titans,David Miller,43,29,3,1,True
231,2023,Gujarat Titans,Rahul Tewatia,33,23,2,1,True
231,2023,Gujarat Titans,Harsh Rao,49,33,3,1,True
231,2023,Gujarat Titans,Karan Chatterjee,73,42,5,3,True
231,2023,Gujarat Titans,Sameer Malhotra,37,21,3,1,True
231,2023,Gujarat Titans,Sameer Dubey,68,39,5,2,True
231,2023,Lucknow Super Giants,Nicholas Pooran,10,10,0,0,True
231,2023,Lucknow Super Giants,Ayush Badoni,32,31,2,1,True
231,2023,Lucknow Super Giants,Marcus Stoinis,55,20,4,1,True
231,2023,Lucknow Super Giants,Quinton de Kock,43,27,3,1,False
231,2023,Lucknow Super Giants,Nikhil Ghosh,69,36,7,1,False
231,2023,Lucknow Super Giants,Nikhil Reddy,27,10,2,1,True
231,2023,Lucknow Super Giants,Rohan Pillai,5,17,0,0,False
231,2023,Lucknow Super Giants,Varun Bhatt,13,11,1,0,True
232,2023,Punjab Kings,Shikhar Dhawan,41,27,4,1,False
232,2023,Punjab Kings,Liam Livingstone,49,27,4,2,True
232,2023,Punjab Kings,Sam Curran,32,24,2,1,True
232,2023,Punjab Kings,Jitesh Sharma,5,4,0,0,True
232,2023,Punjab Kings,Prabhsimran Singh,26,17,1,0,True
232,2023,Punjab Kings,Ajay Joshi,26,20,2,0,True
232,2023,Punjab Kings,Deepak Chauhan,13,13,1,0,False
232,2023,Gujarat Titans,Shubman Gill,42,24,2,1,True
232,2023,Gujarat Titans,Sai Sudharsan,49,31,3,1,True
232,2023,Gujarat Titans,David Miller,34,25,3,1,True
232,2023,Gujarat Titans,Rahul Tewatia,8,1,0,0,True
232,2023,Gujarat Titans,Harsh Rao,26,12,2,1,True
232,2023,Gujarat Titans,Karan Chatterjee,30,28,2,1,False
232,2023,Gujarat Titans,Sameer Malhotra,32,37,2,1,True
232,2023,Gujarat Titans,Sameer Dubey,47,29,4,1,True
233,2023,Royal Challengers Bengaluru,Virat Kohli,137,60,12,3,False
233,2023,Royal Challengers Bengaluru,Faf du Plessis,33,24,3,1,True
233,2023,Royal Challengers Bengaluru,Glenn Maxwell,47,24,3,1,False
233,2023,Royal Challengers Bengaluru,Rajat Patidar,20,27,1,0,True
233,2023,Royal Challengers Bengaluru,Cameron Green,59,38,5,1,True
233,2023,Royal Challengers Bengaluru,Vivek Chauhan,69,44,4,2,True
233,2023,Royal Challengers Bengaluru,Sameer Iyer,7,16,0,0,True
233,2023,Royal Challengers Bengaluru,Abhishek Suresh,36,33,4,1,True
233,2023,Kolkata Knight Riders,Shreyas Iyer,8,17,0,0,True
233,2023,Kolkata Knight Riders,Andre Russell,28,23,2,0,True
233,2023,Kolkata Knight Riders,Sunil Narine,0,11,0,0,False
233,2023,Kolkata Knight Riders,Rinku Singh,41,22,4,1,True
233,2023,Kolkata Knight Riders,Venkatesh Iyer,28,22,3,1,True
233,2023,Kolkata Knight Riders,Anand Nair,1,9,0,0,False
233,2023,Kolkata Knight Riders,Dev Kulkarni,55,32,3,2,True
233,2023,Kolkata Knight Riders,Arjun Kapoor,30,28,3,1,True
234,2023,Mumbai Indians,Rohit Sharma,27,18,2,1,False
234,2023,Mumbai Indians,Suryakumar Yadav,17,18,1,0,False
234,2023,Mumbai Indians,Hardik Pandya,18,19,1,0,True
234,2023,Mumbai Indians,Ishan Kishan,27,15,2,0,True
234,2023,Mumbai Indians,Tilak Varma,27,24,2,1,True
234,2023,Mumbai Indians,Dev Rao,23,22,2,0,True
234,2023,Mumbai Indians,Karan Kapoor,12,24,1,0,True
234,2023,Mumbai Indians,Varun Nair,14,15,0,0,True
234,2023,Chennai Super Kings,MS Dhoni,53,40,5,1,True
234,2023,Chennai Super Kings,Ravindra Jadeja,46,31,5,1,True
234,2023,Chennai Super Kings,Ruturaj Gaikwad,27,32,2,1,False
234,2023,Chennai Super Kings,Kabir Pillai,20,22,1,0,True
234,2023,Chennai Super Kings,Varun Saxena,42,26,4,1,True
234,2023,Chennai Super Kings,Pranav Bhatt,41,31,3,1,True
235,2023,Kolkata Knight Riders,Shreyas Iyer,30,17,2,0,True
235,2023,Kolkata Knight Riders,Andre Russell,42,21,3,1,True
235,2023,Kolkata Knight Riders,Sunil Narine,18,19,1,0,True
235,2023,Kolkata Knight Riders,Rinku Singh,17,12,1,0,True
235,2023,Kolkata Knight Riders,Venkatesh Iyer,10,5,0,0,True
235,2023,Kolkata Knight Riders,Anand Nair,29,16,3,0,False
235,2023,Kolkata Knight Riders,Dev Kulkarni,12,12,0,0,True
235,2023,Kolkata Knight Riders,Arjun Kapoor,27,33,1,0,True
235,2023,Delhi Capitals,Rishabh Pant,28,23,2,0,True
235,2023,Delhi Capitals,Axar Patel,26,21,2,0,True
235,2023,Delhi Capitals,Mitchell Marsh,8,5,0,0,True
235,2023,Delhi Capitals,Tristan Stubbs,22,24,1,0,True
235,2023,Delhi Capitals,Abishek Porel,18,18,1,0,False
235,2023,Delhi Capitals,Manish Trivedi,21,27,1,1,True
235,2023,Delhi Capitals,Kabir Bose,6,14,0,0,True
236,2023,Mumbai Indians,Rohit Sharma,19,23,1,0,False
236,2023,Mumbai Indians,Suryakumar Yadav,23,21,1,1,True
236,2023,Mumbai Indians,Hardik Pandya,8,15,0,0,True
236,2023,Mumbai Indians,Ishan Kishan,48,31,3,2,False
236,2023,Mumbai Indians,Tilak Varma,46,25,4,1,True
236,2023,Mumbai Indians,Dev Rao,6,9,0,0,False
236,2023,Mumbai Indians,Karan Kapoor,7,15,0,0,True
236,2023,Mumbai Indians,Varun Nair,34,24,3,1,False
236,2023,Lucknow Super Giants,Nicholas Pooran,38,27,3,1,True
236,2023,Lucknow Super Giants,Ayush Badoni,54,36,4,1,True
236,2023,Lucknow Super Giants,Marcus Stoinis,12,16,0,0,True
236,2023,Lucknow Super Giants,Quinton de Kock,25,27,1,1,True
236,2023,Lucknow Super Giants,Nikhil Ghosh,31,24,2,1,True
236,2023,Lucknow Super Giants,Nikhil Reddy,36,43,2,1,True
236,2023,Lucknow Super Giants,Rohan Pillai,28,10,2,1,True
236,2023,Lucknow Super Giants,Varun Bhatt,10,14,0,0,True
237,2023,Mumbai Indians,Rohit Sharma,16,17,1,0,True
237,2023,Mumbai Indians,Suryakumar Yadav,16,12,1,0,True
237,2023,Mumbai Indians,Hardik Pandya,24,20,1,0,True
237,2023,Mumbai Indians,Ishan Kishan,23,12,1,0,False
237,2023,Mumbai Indians,Tilak Varma,13,12,1,0,True
237,2023,Mumbai Indians,Dev Rao,20,17,2,0,True
237,2023,Mumbai Indians,Karan Kapoor,28,29,1,1,True
237,2023,Mumbai Indians,Varun Nair,16,17,1,0,True
237,2023,Royal Challengers Bengaluru,Virat Kohli,121,50,9,5,False
237,2023,Royal Challengers Bengaluru,Faf du Plessis,46,33,3,1,False
237,2023,Royal Challengers Bengaluru,Glenn Maxwell,3,7,0,0,True
237,2023,Royal Challengers Bengaluru,Rajat Patidar,64,35,4,2,False
237,2023,Royal Challengers Bengaluru,Cameron Green,25,13,2,0,True
237,2023,Royal Challengers Bengaluru,Vivek Chauhan,8,11,0,0,False
237,2023,Royal Challengers Bengaluru,Sameer Iyer,39,25,4,1,True
237,2023,Royal Challengers Bengaluru,Abhishek Suresh,50,35,3,2,True
238,2023,Royal Challengers Bengaluru,Virat Kohli,109,45,10,4,False
238,2023,Royal Challengers Bengaluru,Faf du Plessis,26,28,1,0,True
238,2023,Royal Challengers Bengaluru,Glenn Maxwell,24,16,1,0,True
238,2023,Royal Challengers Bengaluru,Rajat Patidar,24,21,2,1,False
238,2023,Royal Challengers Bengaluru,Cameron Green,18,11,1,0,True
238,2023,Royal Challengers Bengaluru,Vivek Chauhan,23,15,2,0,True
238,2023,Royal Challengers Bengaluru,Sameer Iyer,25,12,1,0,True
238,2023,Royal Challengers Bengaluru,Abhishek Suresh,57,35,3,1,True
238,2023,Gujarat Titans,Shubman Gill,26,26,2,1,True
238,2023,Gujarat Titans,Sai Sudharsan,18,6,1,0,True
238,2023,Gujarat Titans,David Miller,41,27,3,1,True
238,2023,Gujarat Titans,Rahul Tewatia,26,11,1,1,True
238,2023,Gujarat Titans,Harsh Rao,25,19,1,1,True
238,2023,Gujarat Titans,Karan Chatterjee,35,23,3,1,False
238,2023,Gujarat Titans,Sameer Malhotra,28,23,3,1,True
238,2023,Gujarat Titans,Sameer Dubey,31,27,3,1,True
239,2023,Chennai Super Kings,MS Dhoni,15,14,1,0,True
239,2023,Chennai Super Kings,Ravindra Jadeja,34,16,3,1,True
239,2023,Chennai Super Kings,Ruturaj Gaikwad,34,35,2,1,False
239,2023,Chennai Super Kings,Shivam Dube,23,20,1,0,True
239,2023,Chennai Super Kings,Moeen Ali,33,23,2,1,True
239,2023,Chennai Super Kings,Kabir Pillai,27,17,2,0,True
239,2023,Chennai Super Kings,Varun Saxena,36,18,3,1,True
239,2023,Chennai Super Kings,Pranav Bhatt,0,1,0,0,True
239,2023,Sunrisers Hyderabad,Heinrich Klaasen,20,19,2,0,True
239,2023,Sunrisers Hyderabad,Abhishek Sharma,30,19,3,0,False
239,2023,Sunrisers Hyderabad,Travis Head,39,25,3,1,True
239,2023,Sunrisers Hyderabad,Nitish Kumar Reddy,34,22,2,1,True
239,2023,Sunrisers Hyderabad,Aman Pillai,31,17,2,1,True
239,2023,Sunrisers Hyderabad,Dev Malhotra,62,44,5,1,True
239,2023,Sunrisers Hyderabad,Anand Thakur,20,12,2,0,True
239,2023,Sunrisers Hyderabad,Karthik Verma,40,32,3,1,True
240,2023,Mumbai Indians,Rohit Sharma,43,27,2,1,True
240,2023,Mumbai Indians,Suryakumar Yadav,18,23,1,0,True
240,2023,Mumbai Indians,Hardik Pandya,23,15,2,0,True
240,2023,Mumbai Indians,Ishan Kishan,31,21,2,1,False
240,2023,Mumbai Indians,Tilak Varma,68,35,4,2,False
240,2023,Mumbai Indians,Dev Rao,39,22,2,1,False
240,2023,Mumbai Indians,Karan Kapoor,19,17,1,0,True
240,2023,Mumbai Indians,Varun Nair,0,3,0,0,True
240,2023,Sunrisers Hyderabad,Heinrich Klaasen,15,20,1,0,True
240,2023,Sunrisers Hyderabad,Abhishek Sharma,31,24,3,1,True
240,2023,Sunrisers Hyderabad,Travis Head,28,26,1,1,True
240,2023,Sunrisers Hyderabad,Nitish Kumar Reddy,28,27,2,1,True
240,2023,Sunrisers Hyderabad,Aman Pillai,38,25,4,0,False
240,2023,Sunrisers Hyderabad,Dev Malhotra,37,24,3,1,True
240,2023,Sunrisers Hyderabad,Anand Thakur,36,27,2,1,False
240,2023,Sunrisers Hyderabad,Karthik Verma,42,32,2,1,True
241,2023,Chennai Super Kings,MS Dhoni,31,25,2,1,True
241,2023,Chennai Super Kings,Ravindra Jadeja,22,20,1,0,False
241,2023,Chennai Super Kings,Ruturaj Gaikwad,37,22,3,1,True
241,2023,Chennai Super Kings,Shivam Dube,35,20,2,1,True
241,2023,Chennai Super Kings,Moeen Ali,17,23,1,0,True
241,2023,Chennai Super Kings,Kabir Pillai,8,24,0,0,True
241,2023,Chennai Super Kings,Varun Saxena,44,28,3,1,True
241,2023,Lucknow Super Giants,Nicholas Pooran,31,37,2,0,True
241,2023,Lucknow Super Giants,Ayush Badoni,37,20,3,1,True
241,2023,Lucknow Super Giants,Marcus Stoinis,24,7,2,0,True
241,2023,Lucknow Super Giants,Quinton de Kock,35,25,3,1,False
241,2023,Lucknow Super Giants,Nikhil Ghosh,30,13,2,1,True
241,2023,Lucknow Super Giants,Nikhil Reddy,39,36,3,1,True
241,2023,Lucknow Super Giants,Rohan Pillai,9,7,0,0,True
241,2023,Lucknow Super Giants,Varun Bhatt,23,10,1,0,True
242,2023,Chennai Super Kings,MS Dhoni,10,14,0,0,True
242,2023,Chennai Super Kings,Ravindra Jadeja,36,22,3,1,False
242,2023,Chennai Super Kings,Ruturaj Gaikwad,0,3,0,0,True
242,2023,Chennai Super Kings,Shivam Dube,21,26,1,0,True
242,2023,Chennai Super Kings,Moeen Ali,27,21,2,0,True
242,2023,Chennai Super Kings,Kabir Pillai,24,18,2,0,False
242,2023,Chennai Super Kings,Varun Saxena,57,31,4,2,False
242,2023,Kolkata Knight Riders,Shreyas Iyer,42,32,3,1,True
242,2023,Kolkata Knight Riders,Andre Russell,13,17,0,0,True
242,2023,Kolkata Knight Riders,Sunil Narine,18,17,1,0,True
242,2023,Kolkata Knight Riders,Rinku Singh,11,14,0,0,True
242,2023,Kolkata Knight Riders,Venkatesh Iyer,56,36,4,2,True
242,2023,Kolkata Knight Riders,Anand Nair,42,22,4,1,False
242,2023,Kolkata Knight Riders,Dev Kulkarni,39,27,3,1,False
242,2023,Kolkata Knight Riders,Arjun Kapoor,49,30,4,1,True
243,2023,Mumbai Indians,Rohit Sharma,1,11,0,0,True
243,2023,Mumbai Indians,Suryakumar Yadav,13,17,0,0,False
243,2023,Mumbai Indians,Hardik Pandya,13,24,0,0,True
243,2023,Mumbai Indians,Ishan Kishan,41,30,2,1,True
243,2023,Mumbai Indians,Tilak Varma,42,31,3,1,False
243,2023,Mumbai Indians,Dev Rao,5,4,0,0,True
243,2023,Mumbai Indians,Karan Kapoor,45,30,3,1,True
243,2023,Mumbai Indians,Varun Nair,27,21,2,1,False
243,2023,Kolkata Knight Riders,Shreyas Iyer,45,23,4,1,False
243,2023,Kolkata Knight Riders,Sunil Narine,27,20,1,0,True
243,2023,Kolkata Knight Riders,Rinku Singh,32,24,2,0,True
243,2023,Kolkata Knight Riders,Venkatesh Iyer,31,15,2,0,True
243,2023,Kolkata Knight Riders,Anand Nair,14,11,0,0,True
243,2023,Kolkata Knight Riders,Dev Kulkarni,59,39,4,2,True
243,2023,Kolkata Knight Riders,Arjun Kapoor,26,21,2,1,False
244,2023,Kolkata Knight Riders,Shreyas Iyer,47,24,5,1,True
244,2023,Kolkata Knight Riders,Andre Russell,26,25,2,1,True
244,2023,Kolkata Knight Riders,Sunil Narine,24,28,2,1,True
244,2023,Kolkata Knight Riders,Rinku Singh,14,10,1,0,True
244,2023,Kolkata Knight Riders,Venkatesh Iyer,0,2,0,0,True
244,2023,Kolkata Knight Riders,Anand Nair,39,21,3,1,True
244,2023,Kolkata Knight Riders,Dev Kulkarni,26,24,2,0,True
244,2023,Kolkata Knight Riders,Arjun Kapoor,8,11,0,0,False
244,2023,Sunrisers Hyderabad,Heinrich Klaasen,24,18,2,1,True
244,2023,Sunrisers Hyderabad,Abhishek Sharma,0,12,0,0,False
244,2023,Sunrisers Hyderabad,Travis Head,30,19,3,0,True
244,2023,Sunrisers Hyderabad,Nitish Kumar Reddy,30,24,3,1,True
244,2023,Sunrisers Hyderabad,Aman Pillai,1,14,0,0,True
244,2023,Sunrisers Hyderabad,Dev Malhotra,41,23,2,1,False
244,2023,Sunrisers Hyderabad,Anand Thakur,19,24,1,0,True
244,2023,Sunrisers Hyderabad,Karthik Verma,39,28,3,1,True
245,2023,Chennai Super Kings,MS Dhoni,33,33,2,1,True
245,2023,Chennai Super Kings,Ravindra Jadeja,30,29,2,0,False
245,2023,Chennai Super Kings,Shivam Dube,32,19,3,1,True
245,2023,Chennai Super Kings,Moeen Ali,20,18,1,0,False
245,2023,Chennai Super Kings,Kabir Pillai,30,24,3,1,True
245,2023,Chennai Super Kings,Varun Saxena,33,31,2,0,True
245,2023,Chennai Super Kings,Pranav Bhatt,23,37,1,0,True
245,2023,Royal Challengers Bengaluru,Virat Kohli,88,32,7,3,True
245,2023,Royal Challengers Bengaluru,Faf du Plessis,22,16,2,1,True
245,2023,Royal Challengers Bengaluru,Glenn Maxwell,32,22,2,1,True
245,2023,Royal Challengers Bengaluru,Rajat Patidar,28,34,2,1,True
245,2023,Royal Challengers Bengaluru,Cameron Green,12,9,1,0,False
245,2023,Royal Challengers Bengaluru,Vivek Chauhan,71,50,5,2,True
245,2023,Royal Challengers Bengaluru,Sameer Iyer,17,21,1,0,True
245,2023,Royal Challengers Bengaluru,Abhishek Suresh,28,32,2,0,False
246,2023,Mumbai Indians,Rohit Sharma,49,27,5,2,False
246,2023,Mumbai Indians,Suryakumar Yadav,33,30,3,0,True
246,2023,Mumbai Indians,Hardik Pandya,15,19,1,0,True
246,2023,Mumbai Indians,Ishan Kishan,31,28,3,1,False
246,2023,Mumbai Indians,Tilak Varma,32,33,2,1,True
246,2023,Mumbai Indians,Dev Rao,15,20,1,0,True
246,2023,Mumbai Indians,Karan Kapoor,42,35,4,1,True
246,2023,Mumbai Indians,Varun Nair,14,19,1,0,False
246,2023,Rajasthan Royals,Sanju Samson,16,22,1,0,True
246,2023,Rajasthan Royals,Yashasvi Jaiswal,19,29,2,0,True
246,2023,Rajasthan Royals,Jos Buttler,64,40,6,3,False
246,2023,Rajasthan Royals,Dhruv Jurel,18,24,1,0,True
246,2023,Rajasthan Royals,Kabir Ghosh,12,23,1,0,True
246,2023,Rajasthan Royals,Yash Suresh,40,41,4,1,True
246,2023,Rajasthan Royals,Rahul Mehta,47,28,5,1,True
247,2023,Rajasthan Royals,Sanju Samson,31,23,3,0,True
247,2023,Rajasthan Royals,Yashasvi Jaiswal,15,6,1,0,True
247,2023,Rajasthan Royals,Jos Buttler,42,34,3,1,True
247,2023,Rajasthan Royals,Riyan Parag,40,24,2,1,True
247,2023,Rajasthan Royals,Dhruv Jurel,18,1,1,0,True
247,2023,Rajasthan Royals,Kabir Ghosh,0,5,0,0,False
247,2023,Rajasthan Royals,Yash Suresh,43,35,3,1,True
247,2023,Rajasthan Royals,Rahul Mehta,10,15,0,0,True
247,2023,Sunrisers Hyderabad,Heinrich Klaasen,38,29,3,1,False
247,2023,Sunrisers Hyderabad,Abhishek Sharma,15,15,1,0,True
247,2023,Sunrisers Hyderabad,Travis Head,33,26,2,0,True
247,2023,Sunrisers Hyderabad,Nitish Kumar Reddy,23,10,1,1,True
247,2023,Sunrisers Hyderabad,Aman Pillai,16,11,1,0,False
247,2023,Sunrisers Hyderabad,Dev Malhotra,52,38,5,2,False
247,2023,Sunrisers Hyderabad,Anand Thakur,7,13,0,0,True
247,2023,Sunrisers Hyderabad,Karthik Verma,35,22,3,1,True
248,2023,Delhi Capitals,Rishabh Pant,34,38,2,1,True
248,2023,Delhi Capitals,Axar Patel,4,10,0,0,True
248,2023,Delhi Capitals,Mitchell Marsh,20,14,1,0,True
248,2023,Delhi Capitals,Tristan Stubbs,11,21,0,0,True
248,2023,Delhi Capitals,Abishek Porel,27,21,1,0,True
248,2023,Delhi Capitals,Manish Trivedi,40,26,4,1,True
248,2023,Delhi Capitals,Sameer Nair,24,33,2,0,False
248,2023,Delhi Capitals,Kabir Bose,46,36,4,1,True
248,2023,Sunrisers Hyderabad,Heinrich Klaasen,21,21,1,0,False
248,2023,Sunrisers Hyderabad,Travis Head,53,36,4,2,True
248,2023,Sunrisers Hyderabad,Nitish Kumar Reddy,26,15,2,0,False
248,2023,Sunrisers Hyderabad,Aman Pillai,25,14,1,0,False
248,2023,Sunrisers Hyderabad,Dev Malhotra,34,24,2,1,False
248,2023,Sunrisers Hyderabad,Anand Thakur,7,4,0,0,False
248,2023,Sunrisers Hyderabad,Karthik Verma,26,21,1,1,False
249,2023,Mumbai Indians,Rohit Sharma,98,52,7,3,True
249,2023,Mumbai Indians,Suryakumar Yadav,43,38,3,1,True
249,2023,Mumbai Indians,Hardik Pandya,10,6,0,0,True
249,2023,Mumbai Indians,Ishan Kishan,25,27,1,0,False
249,2023,Mumbai Indians,Tilak Varma,31,20,3,1,True
249,2023,Mumbai Indians,Dev Rao,44,39,3,1,True
249,2023,Mumbai Indians,Karan Kapoor,28,15,2,1,True
249,2023,Mumbai Indians,Varun Nair,47,38,3,1,True
249,2023,Gujarat Titans,Shubman Gill,41,22,3,1,True
249,2023,Gujarat Titans,Sai Sudharsan,29,29,2,0,False
249,2023,Gujarat Titans,David Miller,18,24,1,0,True
249,2023,Gujarat Titans,Rahul Tewatia,35,11,2,1,True
249,2023,Gujarat Titans,Harsh Rao,42,24,2,1,False
249,2023,Gujarat Titans,Karan Chatterjee,27,11,2,1,True
249,2023,Gujarat Titans,Sameer Malhotra,56,38,4,2,False
249,2023,Gujarat Titans,Sameer Dubey,25,15,2,1,True
250,2023,Delhi Capitals,Rishabh Pant,0,4,0,0,False
250,2023,Delhi Capitals,Axar Patel,40,12,3,1,False
250,2023,Delhi Capitals,Mitchell Marsh,34,24,3,1,True
250,2023,Delhi Capitals,Tristan Stubbs,39,32,3,1,True
250,2023,Delhi Capitals,Abishek Porel,16,11,1,0,True
250,2023,Delhi Capitals,Manish Trivedi,2,16,0,0,False
250,2023,Delhi Capitals,Sameer Nair,14,8,1,0,True
250,2023,Delhi Capitals,Kabir Bose,29,26,3,0,False
250,2023,Rajasthan Royals,Sanju Samson,43,23,2,1,True
250,2023,Rajasthan Royals,Yashasvi Jaiswal,27,20,2,1,False
250,2023,Rajasthan Royals,Jos Buttler,39,30,2,1,True
250,2023,Rajasthan Royals,Riyan Parag,46,32,5,2,True
250,2023,Rajasthan Royals,Dhruv Jurel,33,25,3,1,False
250,2023,Rajasthan Royals,Yash Suresh,41,33,4,1,False
250,2023,Rajasthan Royals,Rahul Mehta,66,35,4,2,True
251,2023,Sunrisers Hyderabad,Heinrich Klaasen,38,34,3,1,False
251,2023,Sunrisers Hyderabad,Abhishek Sharma,32,31,2,1,False
251,2023,Sunrisers Hyderabad,Travis Head,61,38,4,1,False
251,2023,Sunrisers Hyderabad,Nitish Kumar Reddy,26,21,2,0,False
251,2023,Sunrisers Hyderabad,Aman Pillai,1,10,0,0,True
251,2023,Sunrisers Hyderabad,Dev Malhotra,10,14,0,0,True
251,2023,Sunrisers Hyderabad,Anand Thakur,12,8,1,0,True
251,2023,Sunrisers Hyderabad,Karthik Verma,41,33,3,1,False
251,2023,Lucknow Super Giants,Nicholas Pooran,6,4,0,0,True
251,2023,Lucknow Super Giants,Ayush Badoni,27,16,1,1,True
251,2023,Lucknow Super Giants,Marcus Stoinis,32,20,3,1,False
251,2023,Lucknow Super Giants,Quinton de Kock,46,34,4,1,True
251,2023,Lucknow Super Giants,Nikhil Ghosh,35,17,2,1,True
251,2023,Lucknow Super Giants,Nikhil Reddy,18,18,1,0,False
251,2023,Lucknow Super Giants,Rohan Pillai,31,13,2,1,True
251,2023,Lucknow Super Giants,Varun Bhatt,17,18,1,0,False
252,2023,Kolkata Knight Riders,Shreyas Iyer,45,31,3,2,True
252,2023,Kolkata Knight Riders,Andre Russell,36,19,3,1,False
252,2023,Kolkata Knight Riders,Sunil Narine,46,27,3,2,True
252,2023,Kolkata Knight Riders,Rinku Singh,31,24,3,0,True
252,2023,Kolkata Knight Riders,Venkatesh Iyer,33,13,3,0,True
252,2023,Kolkata Knight Riders,Anand Nair,22,23,2,0,True
252,2023,Kolkata Knight Riders,Arjun Kapoor,28,22,2,0,False
252,2023,Gujarat Titans,Shubman Gill,32,25,2,1,True
252,2023,Gujarat Titans,Sai Sudharsan,26,23,2,1,True
252,2023,Gujarat Titans,David Miller,31,16,2,1,True
252,2023,Gujarat Titans,Rahul Tewatia,13,6,0,0,False
252,2023,Gujarat Titans,Harsh Rao,21,23,1,0,True
252,2023,Gujarat Titans,Karan Chatterjee,19,19,1,0,False
252,2023,Gujarat Titans,Sameer Malhotra,56,41,6,2,True
252,2023,Gujarat Titans,Sameer Dubey,21,8,1,0,False
253,2023,Rajasthan Royals,Sanju Samson,53,26,5,2,True
253,2023,Rajasthan Royals,Yashasvi Jaiswal,37,26,3,1,True
253,2023,Rajasthan Royals,Jos Buttler,43,29,3,1,True
253,2023,Rajasthan Royals,Riyan Parag,49,31,4,1,True
253,2023,Rajasthan Royals,Dhruv Jurel,18,20,1,0,True
253,2023,Rajasthan Royals,Kabir Ghosh,41,23,2,1,True
253,2023,Rajasthan Royals,Yash Suresh,47,24,4,1,True
253,2023,Rajasthan Royals,Rahul Mehta,34,41,3,1,True
253,2023,Lucknow Super Giants,Nicholas Pooran,31,33,2,1,True
253,2023,Lucknow Super Giants,Ayush Badoni,0,2,0,0,True
253,2023,Lucknow Super Giants,Marcus Stoinis,46,31,5,2,True
253,2023,Lucknow Super Giants,Quinton de Kock,18,16,2,0,True
253,2023,Lucknow Super Giants,Nikhil Ghosh,33,16,3,1,True
253,2023,Lucknow Super Giants,Nikhil Reddy,6,1,0,0,False
253,2023,Lucknow Super Giants,Rohan Pillai,43,33,4,1,True
253,2023,Lucknow Super Giants,Varun Bhatt,27,19,2,1,True
254,2023,Chennai Super Kings,MS Dhoni,39,24,3,1,True
254,2023,Chennai Super Kings,Ravindra Jadeja,25,21,2,0,False
254,2023,Chennai Super Kings,Ruturaj Gaikwad,47,40,5,2,True
254,2023,Chennai Super Kings,Shivam Dube,15,14,1,0,True
254,2023,Chennai Super Kings,Moeen Ali,0,14,0,0,False
254,2023,Chennai Super Kings,Kabir Pillai,46,27,4,2,False
254,2023,Chennai Super Kings,Varun Saxena,44,20,2,1,True
254,2023,Chennai Super Kings,Pranav Bhatt,6,29,0,0,True
254,2023,Punjab Kings,Shikhar Dhawan,27,22,1,1,True
254,2023,Punjab Kings,Liam Livingstone,19,23,1,0,True
254,2023,Punjab Kings,Sam Curran,40,20,3,1,True
254,2023,Punjab Kings,Jitesh Sharma,25,19,2,0,True
254,2023,Punjab Kings,Prabhsimran Singh,24,18,2,0,False
254,2023,Punjab Kings,Ajay Joshi,35,35,3,1,True
254,2023,Punjab Kings,Varun Menon,37,26,4,1,True
254,2023,Punjab Kings,Deepak Chauhan,3,7,0,0,True
255,2023,Punjab Kings,Shikhar Dhawan,14,16,1,0,True
255,2023,Punjab Kings,Liam Livingstone,0,1,0,0,True
255,2023,Punjab Kings,Sam Curran,32,23,2,1,True
255,2023,Punjab Kings,Jitesh Sharma,39,28,3,1,True
255,2023,Punjab Kings,Prabhsimran Singh,32,20,3,0,True
255,2023,Punjab Kings,Ajay Joshi,49,31,4,1,True
255,2023,Punjab Kings,Varun Menon,31,17,2,1,True
255,2023,Punjab Kings,Deepak Chauhan,43,34,3,1,True
255,2023,Rajasthan Royals,Sanju Samson,33,22,2,1,False
255,2023,Rajasthan Royals,Yashasvi Jaiswal,25,19,2,1,True
255,2023,Rajasthan Royals,Jos Buttler,31,24,2,1,True
255,2023,Rajasthan Royals,Riyan Parag,45,29,3,2,True
255,2023,Rajasthan Royals,Dhruv Jurel,36,29,2,1,True
255,2023,Rajasthan Royals,Kabir Ghosh,53,45,4,2,True
255,2023,Rajasthan Royals,Yash Suresh,11,15,1,0,False
255,2023,Rajasthan Royals,Rahul Mehta,18,13,1,0,True
256,2023,Kolkata Knight Riders,Shreyas Iyer,44,32,2,1,True
256,2023,Kolkata Knight Riders,Andre Russell,65,40,4,2,False
256,2023,Kolkata Knight Riders,Sunil Narine,0,10,0,0,False
256,2023,Kolkata Knight Riders,Rinku Singh,39,22,2,1,True
256,2023,Kolkata Knight Riders,Venkatesh Iyer,47,23,4,2,True
256,2023,Kolkata Knight Riders,Anand Nair,29,14,2,1,True
256,2023,Kolkata Knight Riders,Dev Kulkarni,19,12,1,0,False
256,2023,Kolkata Knight Riders,Arjun Kapoor,24,20,1,0,True
256,2023,Punjab Kings,Shikhar Dhawan,15,9,1,0,False
256,2023,Punjab Kings,Liam Livingstone,30,32,2,1,True
256,2023,Punjab Kings,Sam Curran,38,17,3,1,True
256,2023,Punjab Kings,Jitesh Sharma,33,25,2,1,True
256,2023,Punjab Kings,Prabhsimran Singh,53,35,4,1,True
256,2023,Punjab Kings,Ajay Joshi,23,23,1,1,True
256,2023,Punjab Kings,Varun Menon,37,10,3,1,True
256,2023,Punjab Kings,Deepak Chauhan,46,33,4,1,True
257,2023,Punjab Kings,Shikhar Dhawan,80,52,8,3,True
257,2023,Punjab Kings,Liam Livingstone,47,29,3,2,False
257,2023,Punjab Kings,Sam Curran,30,27,2,1,True
257,2023,Punjab Kings,Jitesh Sharma,39,33,2,0,True
257,2023,Punjab Kings,Prabhsimran Singh,18,23,1,0,False
257,2023,Punjab Kings,Ajay Joshi,33,27,3,1,False
257,2023,Punjab Kings,Varun Menon,46,28,3,1,True
257,2023,Punjab Kings,Deepak Chauhan,31,20,3,1,True
257,2023,Lucknow Super Giants,Nicholas Pooran,28,32,2,0,False
257,2023,Lucknow Super Giants,Ayush Badoni,47,37,5,1,True
257,2023,Lucknow Super Giants,Quinton de Kock,32,26,2,1,True
257,2023,Lucknow Super Giants,Nikhil Ghosh,0,3,0,0,True
257,2023,Lucknow Super Giants,Nikhil Reddy,12,12,0,0,False
257,2023,Lucknow Super Giants,Rohan Pillai,56,38,6,1,True
257,2023,Lucknow Super Giants,Varun Bhatt,46,21,3,2,True
258,2023,Chennai Super Kings,MS Dhoni,20,19,1,0,True
258,2023,Chennai Super Kings,Ravindra Jadeja,29,22,2,0,True
258,2023,Chennai Super Kings,Ruturaj Gaikwad,6,10,0,0,False
258,2023,Chennai Super Kings,Shivam Dube,45,36,4,1,True
258,2023,Chennai Super Kings,Moeen Ali,25,16,2,1,False
258,2023,Chennai Super Kings,Kabir Pillai,60,29,6,2,False
258,2023,Chennai Super Kings,Varun Saxena,56,34,5,2,True
258,2023,Chennai Super Kings,Pranav Bhatt,17,17,1,0,True
258,2023,Gujarat Titans,Shubman Gill,30,20,3,1,True
258,2023,Gujarat Titans,Sai Sudharsan,46,30,4,1,True
258,2023,Gujarat Titans,David Miller,45,42,4,2,True
258,2023,Gujarat Titans,Rahul Tewatia,28,19,2,0,True
258,2023,Gujarat Titans,Harsh Rao,0,3,0,0,True
258,2023,Gujarat Titans,Karan Chatterjee,33,34,2,1,True
258,2023,Gujarat Titans,Sameer Malhotra,43,32,3,1,True
258,2023,Gujarat Titans,Sameer Dubey,30,17,2,1,False
259,2023,Delhi Capitals,Rishabh Pant,61,40,6,2,True
259,2023,Delhi Capitals,Axar Patel,33,27,3,0,False
259,2023,Delhi Capitals,Mitchell Marsh,22,19,2,1,True
259,2023,Delhi Capitals,Tristan Stubbs,26,24,2,0,False
259,2023,Delhi Capitals,Abishek Porel,14,18,0,0,False
259,2023,Delhi Capitals,Manish Trivedi,34,26,2,1,True
259,2023,Delhi Capitals,Sameer Nair,38,32,2,1,True
259,2023,Delhi Capitals,Kabir Bose,10,10,0,0,False
259,2023,Gujarat Titans,Shubman Gill,41,42,4,1,False
259,2023,Gujarat Titans,Sai Sudharsan,40,26,3,1,True
259,2023,Gujarat Titans,David Miller,35,16,2,1,False
259,2023,Gujarat Titans,Rahul Tewatia,23,25,1,0,True
259,2023,Gujarat Titans,Harsh Rao,4,4,0,0,False
259,2023,Gujarat Titans,Karan Chatterjee,18,24,1,0,True
259,2023,Gujarat Titans,Sameer Malhotra,51,31,5,2,False
259,2023,Gujarat Titans,Sameer Dubey,28,17,2,1,True
260,2023,Royal Challengers Bengaluru,Virat Kohli,121,43,10,5,False
260,2023,Royal Challengers Bengaluru,Faf du Plessis,14,6,1,0,True
260,2023,Royal Challengers Bengaluru,Glenn Maxwell,57,36,4,2,True
260,2023,Royal Challengers Bengaluru,Rajat Patidar,0,7,0,0,True
260,2023,Royal Challengers Bengaluru,Cameron Green,23,26,1,0,True
260,2023,Royal Challengers Bengaluru,Vivek Chauhan,38,18,4,1,False
260,2023,Royal Challengers Bengaluru,Sameer Iyer,29,28,2,1,True
260,2023,Royal Challengers Bengaluru,Abhishek Suresh,23,15,2,1,True
260,2023,Lucknow Super Giants,Nicholas Pooran,10,5,1,0,False
260,2023,Lucknow Super Giants,Ayush Badoni,35,38,2,1,True
260,2023,Lucknow Super Giants,Marcus Stoinis,27,15,1,0,True
260,2023,Lucknow Super Giants,Quinton de Kock,30,20,2,0,True
260,2023,Lucknow Super Giants,Nikhil Ghosh,10,10,0,0,True
260,2023,Lucknow Super Giants,Nikhil Reddy,51,24,4,1,True
260,2023,Lucknow Super Giants,Rohan Pillai,46,23,3,2,False
260,2023,Lucknow Super Giants,Varun Bhatt,28,14,2,1,True
261,2023,Sunrisers Hyderabad,Heinrich Klaasen,49,33,3,1,True
261,2023,Sunrisers Hyderabad,Abhishek Sharma,15,19,1,0,False
261,2023,Sunrisers Hyderabad,Travis Head,32,21,2,0,False
261,2023,Sunrisers Hyderabad,Aman Pillai,24,22,1,0,True
261,2023,Sunrisers Hyderabad,Dev Malhotra,39,21,2,1,True
261,2023,Sunrisers Hyderabad,Anand Thakur,28,18,2,1,False
261,2023,Sunrisers Hyderabad,Karthik Verma,49,29,3,1,False
261,2023,Gujarat Titans,Shubman Gill,10,3,0,0,True
261,2023,Gujarat Titans,Sai Sudharsan,3,4,0,0,False
261,2023,Gujarat Titans,David Miller,21,18,1,0,True
261,2023,Gujarat Titans,Rahul Tewatia,18,7,1,0,False
261,2023,Gujarat Titans,Harsh Rao,31,20,3,0,False
261,2023,Gujarat Titans,Karan Chatterjee,74,49,7,3,True
261,2023,Gujarat Titans,Sameer Malhotra,12,3,1,0,False
261,2023,Gujarat Titans,Sameer Dubey,24,27,2,0,False
262,2023,Rajasthan Royals,Sanju Samson,15,24,1,0,True
262,2023,Rajasthan Royals,Yashasvi Jaiswal,10,26,0,0,True
262,2023,Rajasthan Royals,Jos Buttler,39,36,2,1,False
262,2023,Rajasthan Royals,Riyan Parag,26,17,2,0,True
262,2023,Rajasthan Royals,Dhruv Jurel,23,22,2,0,False
262,2023,Rajasthan Royals,Kabir Ghosh,39,27,2,1,False
262,2023,Rajasthan Royals,Yash Suresh,40,27,3,1,True
262,2023,Rajasthan Royals,Rahul Mehta,43,29,3,1,True
262,2023,Gujarat Titans,Shubman Gill,48,36,4,1,False
262,2023,Gujarat Titans,Sai Sudharsan,59,40,5,1,True
262,2023,Gujarat Titans,David Miller,38,25,3,1,True
262,2023,Gujarat Titans,Rahul Tewatia,28,32,1,0,True
262,2023,Gujarat Titans,Harsh Rao,25,14,2,0,True
262,2023,Gujarat Titans,Karan Chatterjee,19,23,1,0,True
262,2023,Gujarat Titans,Sameer Malhotra,16,18,1,0,False
262,2023,Gujarat Titans,Sameer Dubey,21,18,1,0,False
263,2023,Kolkata Knight Riders,Shreyas Iyer,33,23,2,0,True
263,2023,Kolkata Knight Riders,Andre Russell,28,29,1,0,False
263,2023,Kolkata Knight Riders,Sunil Narine,22,8,1,0,False
263,2023,Kolkata Knight Riders,Rinku Singh,40,37,3,1,False
263,2023,Kolkata Knight Riders,Venkatesh Iyer,10,8,1,0,True
263,2023,Kolkata Knight Riders,Anand Nair,27,16,2,1,True
263,2023,Kolkata Knight Riders,Dev Kulkarni,32,36,2,1,True
263,2023,Kolkata Knight Riders,Arjun Kapoor,16,11,1,0,True
263,2023,Rajasthan Royals,Sanju Samson,42,26,3,1,True
263,2023,Rajasthan Royals,Yashasvi Jaiswal,24,25,2,0,True
263,2023,Rajasthan Royals,Jos Buttler,23,16,2,1,False
263,2023,Rajasthan Royals,Riyan Parag,27,16,2,1,True
263,2023,Rajasthan Royals,Dhruv Jurel,35,23,3,0,True
263,2023,Rajasthan Royals,Kabir Ghosh,34,36,2,1,True
263,2023,Rajasthan Royals,Yash Suresh,26,24,2,1,False
263,2023,Rajasthan Royals,Rahul Mehta,41,27,3,1,False
264,2023,Chennai Super Kings,MS Dhoni,22,13,1,0,True
264,2023,Chennai Super Kings,Ravindra Jadeja,21,14,1,0,False
264,2023,Chennai Super Kings,Ruturaj Gaikwad,51,27,3,2,False
264,2023,Chennai Super Kings,Shivam Dube,0,4,0,0,False
264,2023,Chennai Super Kings,Moeen Ali,22,13,2,0,True
264,2023,Chennai Super Kings,Kabir Pillai,13,11,0,0,True
264,2023,Chennai Super Kings,Varun Saxena,24,16,2,1,False
264,2023,Chennai Super Kings,Pranav Bhatt,26,23,2,1,False
264,2023,Rajasthan Royals,Sanju Samson,40,30,3,1,True
264,2023,Rajasthan Royals,Yashasvi Jaiswal,26,26,2,1,True
264,2023,Rajasthan Royals,Jos Buttler,46,24,3,1,True
264,2023,Rajasthan Royals,Dhruv Jurel,29,21,2,0,False
264,2023,Rajasthan Royals,Kabir Ghosh,45,31,3,1,True
264,2023,Rajasthan Royals,Yash Suresh,22,16,1,1,True
264,2023,Rajasthan Royals,Rahul Mehta,43,33,3,1,True
265,2023,Royal Challengers Bengaluru,Virat Kohli,152,50,11,7,True
265,2023,Royal Challengers Bengaluru,Faf du Plessis,51,28,5,1,True
265,2023,Royal Challengers Bengaluru,Glenn Maxwell,6,17,0,0,True
265,2023,Royal Challengers Bengaluru,Rajat Patidar,26,22,2,0,True
265,2023,Royal Challengers Bengaluru,Cameron Green,2,7,0,0,False
265,2023,Royal Challengers Bengaluru,Vivek Chauhan,56,37,5,1,False
265,2023,Royal Challengers Bengaluru,Sameer Iyer,19,22,2,0,True
265,2023,Royal Challengers Bengaluru,Abhishek Suresh,32,24,2,1,True
265,2023,Sunrisers Hyderabad,Heinrich Klaasen,8,12,0,0,False
265,2023,Sunrisers Hyderabad,Abhishek Sharma,48,36,3,1,False
265,2023,Sunrisers Hyderabad,Travis Head,7,22,0,0,True
265,2023,Sunrisers Hyderabad,Nitish Kumar Reddy,23,16,2,0,True
265,2023,Sunrisers Hyderabad,Aman Pillai,0,4,0,0,True
265,2023,Sunrisers Hyderabad,Dev Malhotra,30,19,2,0,True
265,2023,Sunrisers Hyderabad,Anand Thakur,28,17,2,1,False
265,2023,Sunrisers Hyderabad,Karthik Verma,29,24,2,1,True
266,2023,Delhi Capitals,Rishabh Pant,21,15,2,0,True
266,2023,Delhi Capitals,Axar Patel,2,5,0,0,False
266,2023,Delhi Capitals,Mitchell Marsh,32,17,2,1,True
266,2023,Delhi Capitals,Tristan Stubbs,20,15,2,0,True
266,2023,Delhi Capitals,Abishek Porel,45,27,3,1,True
266,2023,Delhi Capitals,Manish Trivedi,43,32,3,1,False
266,2023,Delhi Capitals,Sameer Nair,22,18,2,1,False
266,2023,Delhi Capitals,Kabir Bose,42,31,3,1,False
266,2023,Punjab Kings,Shikhar Dhawan,32,29,2,0,True
266,2023,Punjab Kings,Liam Livingstone,9,11,0,0,True
266,2023,Punjab Kings,Sam Curran,51,41,4,1,True
266,2023,Punjab Kings,Jitesh Sharma,58,32,4,2,True
266,2023,Punjab Kings,Prabhsimran Singh,31,22,3,1,True
266,2023,Punjab Kings,Varun Menon,53,36,4,1,True
266,2023,Punjab Kings,Deepak Chauhan,40,40,2,1,True
267,2023,Royal Challengers Bengaluru,Virat Kohli,130,56,10,3,True
267,2023,Royal Challengers Bengaluru,Faf du Plessis,45,26,4,1,True
267,2023,Royal Challengers Bengaluru,Glenn Maxwell,16,13,1,0,False
267,2023,Royal Challengers Bengaluru,Rajat Patidar,27,17,2,1,True
267,2023,Royal Challengers Bengaluru,Cameron Green,40,33,3,1,False
267,2023,Royal Challengers Bengaluru,Vivek Chauhan,43,21,3,1,False
267,2023,Royal Challengers Bengaluru,Sameer Iyer,43,31,3,1,True
267,2023,Royal Challengers Bengaluru,Abhishek Suresh,1,5,0,0,False
267,2023,Punjab Kings,Shikhar Dhawan,34,21,2,0,True
267,2023,Punjab Kings,Sam Curran,0,14,0,0,True
267,2023,Punjab Kings,Jitesh Sharma,26,13,2,1,True
267,2023,Punjab Kings,Prabhsimran Singh,33,26,2,1,True
267,2023,Punjab Kings,Ajay Joshi,70,36,4,2,True
267,2023,Punjab Kings,Varun Menon,46,28,3,1,True
267,2023,Punjab Kings,Deepak Chauhan,56,32,4,2,False
268,2023,Royal Challengers Bengaluru,Virat Kohli,89,32,9,3,False
268,2023,Royal Challengers Bengaluru,Faf du Plessis,28,25,2,0,True
268,2023,Royal Challengers Bengaluru,Glenn Maxwell,23,23,2,0,True
268,2023,Royal Challengers Bengaluru,Rajat Patidar,54,32,4,1,True
268,2023,Royal Challengers Bengaluru,Cameron Green,29,16,2,1,True
268,2023,Royal Challengers Bengaluru,Vivek Chauhan,22,17,1,0,False
268,2023,Royal Challengers Bengaluru,Sameer Iyer,37,24,2,1,True
268,2023,Royal Challengers Bengaluru,Abhishek Suresh,44,35,4,1,False
268,2023,Rajasthan Royals,Sanju Samson,9,7,0,0,False
268,2023,Rajasthan Royals,Yashasvi Jaiswal,18,17,1,0,False
268,2023,Rajasthan Royals,Jos Buttler,19,17,1,0,True
268,2023,Rajasthan Royals,Riyan Parag,3,6,0,0,True
268,2023,Rajasthan Royals,Dhruv Jurel,2,1,0,0,True
268,2023,Rajasthan Royals,Kabir Ghosh,25,22,1,1,False
268,2023,Rajasthan Royals,Yash Suresh,29,22,2,1,True
268,2023,Rajasthan Royals,Rahul Mehta,25,24,1,0,True
269,2023,Kolkata Knight Riders,Shreyas Iyer,21,14,1,1,True
269,2023,Kolkata Knight Riders,Andre Russell,22,19,1,0,True
269,2023,Kolkata Knight Riders,Sunil Narine,5,8,0,0,True
269,2023,Kolkata Knight Riders,Rinku Singh,37,31,2,1,True
269,2023,Kolkata Knight Riders,Venkatesh Iyer,45,40,4,1,True
269,2023,Kolkata Knight Riders,Anand Nair,10,12,0,0,True
269,2023,Kolkata Knight Riders,Dev Kulkarni,58,43,4,2,False
269,2023,Kolkata Knight Riders,Arjun Kapoor,25,21,1,1,True
269,2023,Lucknow Super Giants,Nicholas Pooran,22,11,1,0,True
269,2023,Lucknow Super Giants,Ayush Badoni,27,28,2,0,True
269,2023,Lucknow Super Giants,Marcus Stoinis,34,20,3,1,True
269,2023,Lucknow Super Giants,Quinton de Kock,60,43,3,2,False
269,2023,Lucknow Super Giants,Nikhil Reddy,23,17,1,0,False
269,2023,Lucknow Super Giants,Rohan Pillai,24,20,2,1,True
269,2023,Lucknow Super Giants,Varun Bhatt,18,17,1,0,True
270,2023,Mumbai Indians,Rohit Sharma,31,21,2,1,True
270,2023,Mumbai Indians,Suryakumar Yadav,19,16,1,0,False
270,2023,Mumbai Indians,Hardik Pandya,3,2,0,0,True
270,2023,Mumbai Indians,Ishan Kishan,19,10,1,0,False
270,2023,Mumbai Indians,Tilak Varma,45,15,3,1,True
270,2023,Mumbai Indians,Dev Rao,13,18,0,0,False
270,2023,Mumbai Indians,Karan Kapoor,4,11,0,0,True
270,2023,Mumbai Indians,Varun Nair,53,37,5,2,True
270,2023,Delhi Capitals,Rishabh Pant,34,42,2,1,True
270,2023,Delhi Capitals,Axar Patel,46,30,4,1,True
270,2023,Delhi Capitals,Mitchell Marsh,19,12,1,0,True
270,2023,Delhi Capitals,Tristan Stubbs,31,28,3,0,False
270,2023,Delhi Capitals,Abishek Porel,25,34,2,0,False
270,2023,Delhi Capitals,Manish Trivedi,37,31,2,1,False
270,2023,Delhi Capitals,Sameer Nair,33,31,2,1,True
270,2023,Delhi Capitals,Kabir Bose,23,15,2,0,False
271,2024,Royal Challengers Bengaluru,Virat Kohli,96,32,10,3,False
271,2024,Royal Challengers Bengaluru,Faf du Plessis,45,24,4,1,True
271,2024,Royal Challengers Bengaluru,Glenn Maxwell,30,18,2,0,False
271,2024,Royal Challengers Bengaluru,Rajat Patidar,40,30,4,1,True
271,2024,Royal Challengers Bengaluru,Cameron Green,15,32,1,0,True
271,2024,Royal Challengers Bengaluru,Vivek Chauhan,37,33,2,1,True
271,2024,Royal Challengers Bengaluru,Sameer Iyer,54,39,5,2,False
271,2024,Royal Challengers Bengaluru,Abhishek Suresh,24,25,1,0,True
271,2024,Sunrisers Hyderabad,Heinrich Klaasen,3,6,0,0,True
271,2024,Sunrisers Hyderabad,Abhishek Sharma,11,19,1,0,True
271,2024,Sunrisers Hyderabad,Travis Head,13,18,0,0,True
271,2024,Sunrisers Hyderabad,Nitish Kumar Reddy,35,29,3,1,True
271,2024,Sunrisers Hyderabad,Aman Pillai,6,12,0,0,False
271,2024,Sunrisers Hyderabad,Dev Malhotra,36,32,2,1,True
271,2024,Sunrisers Hyderabad,Anand Thakur,53,48,5,2,True
271,2024,Sunrisers Hyderabad,Karthik Verma,65,29,6,2,False
272,2024,Chennai Super Kings,MS Dhoni,1,18,0,0,True
272,2024,Chennai Super Kings,Ravindra Jadeja,34,19,2,1,True
272,2024,Chennai Super Kings,Ruturaj Gaikwad,26,23,2,1,True
272,2024,Chennai Super Kings,Shivam Dube,28,22,2,0,False
272,2024,Chennai Super Kings,Moeen Ali,34,33,2,1,True
272,2024,Chennai Super Kings,Kabir Pillai,17,32,1,0,True
272,2024,Chennai Super Kings,Varun Saxena,5,12,0,0,True
272,2024,Chennai Super Kings,Pranav Bhatt,43,23,3,1,True
272,2024,Punjab Kings,Shikhar Dhawan,58,44,5,2,True
272,2024,Punjab Kings,Liam Livingstone,49,31,4,1,False
272,2024,Punjab Kings,Sam Curran,34,23,3,1,False
272,2024,Punjab Kings,Jitesh Sharma,31,23,3,0,True
272,2024,Punjab Kings,Prabhsimran Singh,32,35,3,0,False
272,2024,Punjab Kings,Ajay Joshi,27,23,1,1,True
272,2024,Punjab Kings,Varun Menon,13,24,0,0,True
272,2024,Punjab Kings,Deepak Chauhan,35,26,3,1,False
273,2024,Chennai Super Kings,MS Dhoni,40,27,2,1,True
273,2024,Chennai Super Kings,Ravindra Jadeja,14,8,1,0,False
273,2024,Chennai Super Kings,Ruturaj Gaikwad,48,23,5,2,True
273,2024,Chennai Super Kings,Shivam Dube,14,2,1,0,True
273,2024,Chennai Super Kings,Moeen Ali,15,12,1,0,True
273,2024,Chennai Super Kings,Kabir Pillai,30,22,3,1,True
273,2024,Chennai Super Kings,Pranav Bhatt,32,25,3,1,False
273,2024,Royal Challengers Bengaluru,Virat Kohli,169,48,14,6,True
273,2024,Royal Challengers Bengaluru,Faf du Plessis,20,16,1,0,False
273,2024,Royal Challengers Bengaluru,Glenn Maxwell,45,32,3,1,True
273,2024,Royal Challengers Bengaluru,Cameron Green,22,24,1,0,True
273,2024,Royal Challengers Bengaluru,Vivek Chauhan,3,9,0,0,False
273,2024,Royal Challengers Bengaluru,Sameer Iyer,28,20,2,1,False
273,2024,Royal Challengers Bengaluru,Abhishek Suresh,44,35,3,1,False
274,2024,Rajasthan Royals,Sanju Samson,41,24,3,1,False
274,2024,Rajasthan Royals,Yashasvi Jaiswal,20,14,2,0,True
274,2024,Rajasthan Royals,Jos Buttler,50,33,3,1,True
274,2024,Rajasthan Royals,Riyan Parag,1,14,0,0,True
274,2024,Rajasthan Royals,Dhruv Jurel,60,36,5,1,True
274,2024,Rajasthan Royals,Kabir Ghosh,41,38,3,1,True
274,2024,Rajasthan Royals,Yash Suresh,32,35,3,0,False
274,2024,Rajasthan Royals,Rahul Mehta,23,30,2,0,True
274,2024,Sunrisers Hyderabad,Heinrich Klaasen,0,1,0,0,True
274,2024,Sunrisers Hyderabad,Abhishek Sharma,16,16,1,0,True
274,2024,Sunrisers Hyderabad,Travis Head,23,19,2,0,False
274,2024,Sunrisers Hyderabad,Nitish Kumar Reddy,39,33,2,1,True
274,2024,Sunrisers Hyderabad,Aman Pillai,76,41,8,1,True
274,2024,Sunrisers Hyderabad,Dev Malhotra,2,10,0,0,True
274,2024,Sunrisers Hyderabad,Anand Thakur,40,22,3,1,True
274,2024,Sunrisers Hyderabad,Karthik Verma,52,33,4,1,True
275,2024,Kolkata Knight Riders,Shreyas Iyer,56,34,5,2,False
275,2024,Kolkata Knight Riders,Andre Russell,10,17,0,0,True
275,2024,Kolkata Knight Riders,Sunil Narine,14,15,1,0,True
275,2024,Kolkata Knight Riders,Rinku Singh,37,24,2,1,True
275,2024,Kolkata Knight Riders,Venkatesh Iyer,17,8,1,0,True
275,2024,Kolkata Knight Riders,Anand Nair,46,34,3,1,True
275,2024,Kolkata Knight Riders,Dev Kulkarni,34,26,3,1,False
275,2024,Kolkata Knight Riders,Arjun Kapoor,45,30,4,1,False
275,2024,Rajasthan Royals,Sanju Samson,17,13,1,0,True
275,2024,Rajasthan Royals,Jos Buttler,50,34,4,1,True
275,2024,Rajasthan Royals,Riyan Parag,66,39,7,3,True
275,2024,Rajasthan Royals,Dhruv Jurel,24,20,2,0,True
275,2024,Rajasthan Royals,Kabir Ghosh,38,16,3,1,False
275,2024,Rajasthan Royals,Yash Suresh,13,11,1,0,True
275,2024,Rajasthan Royals,Rahul Mehta,52,30,3,2,True
276,2024,Royal Challengers Bengaluru,Virat Kohli,83,37,8,2,True
276,2024,Royal Challengers Bengaluru,Faf du Plessis,36,21,3,1,False
276,2024,Royal Challengers Bengaluru,Glenn Maxwell,18,7,1,0,True
276,2024,Royal Challengers Bengaluru,Rajat Patidar,11,4,0,0,False
276,2024,Royal Challengers Bengaluru,Cameron Green,17,12,1,0,True
276,2024,Royal Challengers Bengaluru,Vivek Chauhan,33,24,3,1,True
276,2024,Royal Challengers Bengaluru,Sameer Iyer,0,1,0,0,True
276,2024,Royal Challengers Bengaluru,Abhishek Suresh,20,29,1,0,True
276,2024,Rajasthan Royals,Sanju Samson,44,23,3,1,True
276,2024,Rajasthan Royals,Yashasvi Jaiswal,50,37,4,1,True
276,2024,Rajasthan Royals,Jos Buttler,32,29,3,0,True
276,2024,Rajasthan Royals,Riyan Parag,31,22,3,1,True
276,2024,Rajasthan Royals,Dhruv Jurel,52,38,4,2,True
276,2024,Rajasthan Royals,Kabir Ghosh,37,20,3,1,True
276,2024,Rajasthan Royals,Yash Suresh,22,10,1,1,True
277,2024,Delhi Capitals,Rishabh Pant,6,10,0,0,True
277,2024,Delhi Capitals,Axar Patel,2,1,0,0,True
277,2024,Delhi Capitals,Mitchell Marsh,35,14,2,1,False
277,2024,Delhi Capitals,Tristan Stubbs,23,11,2,0,False
277,2024,Delhi Capitals,Abishek Porel,5,5,0,0,True
277,2024,Delhi Capitals,Manish Trivedi,29,25,3,1,False
277,2024,Delhi Capitals,Sameer Nair,17,10,1,0,True
277,2024,Delhi Capitals,Kabir Bose,8,11,0,0,True
277,2024,Gujarat Titans,Shubman Gill,28,17,1,1,True
277,2024,Gujarat Titans,Sai Sudharsan,48,38,3,1,False
277,2024,Gujarat Titans,David Miller,39,37,2,1,True
277,2024,Gujarat Titans,Rahul Tewatia,28,16,2,1,False
277,2024,Gujarat Titans,Harsh Rao,44,27,3,1,False
277,2024,Gujarat Titans,Karan Chatterjee,38,17,2,1,True
277,2024,Gujarat Titans,Sameer Malhotra,51,35,4,1,True
277,2024,Gujarat Titans,Sameer Dubey,15,21,1,0,True
278,2024,Mumbai Indians,Rohit Sharma,29,29,2,1,False
278,2024,Mumbai Indians,Suryakumar Yadav,39,25,3,1,True
278,2024,Mumbai Indians,Hardik Pandya,22,20,1,0,False
278,2024,Mumbai Indians,Ishan Kishan,21,4,1,0,True
278,2024,Mumbai Indians,Tilak Varma,22,17,2,1,True
278,2024,Mumbai Indians,Dev Rao,3,7,0,0,False
278,2024,Mumbai Indians,Karan Kapoor,50,37,3,1,True
278,2024,Mumbai Indians,Varun Nair,56,36,3,2,True
278,2024,Chennai Super Kings,MS Dhoni,20,19,1,0,True
278,2024,Chennai Super Kings,Ruturaj Gaikwad,21,18,1,0,True
278,2024,Chennai Super Kings,Shivam Dube,40,25,2,1,True
278,2024,Chennai Super Kings,Moeen Ali,29,22,2,1,True
278,2024,Chennai Super Kings,Kabir Pillai,28,22,2,1,True
278,2024,Chennai Super Kings,Varun Saxena,40,32,2,1,True
278,2024,Chennai Super Kings,Pranav Bhatt,24,12,2,0,True
279,2024,Chennai Super Kings,MS Dhoni,31,19,3,1,False
279,2024,Chennai Super Kings,Ravindra Jadeja,15,11,1,0,False
279,2024,Chennai Super Kings,Ruturaj Gaikwad,45,33,4,1,True
279,2024,Chennai Super Kings,Shivam Dube,29,23,2,1,True
279,2024,Chennai Super Kings,Kabir Pillai,34,27,3,1,False
279,2024,Chennai Super Kings,Varun Saxena,8,10,0,0,True
279,2024,Chennai Super Kings,Pranav Bhatt,38,23,2,1,False
279,2024,Lucknow Super Giants,Nicholas Pooran,54,43,4,1,True
279,2024,Lucknow Super Giants,Ayush Badoni,50,41,5,1,True
279,2024,Lucknow Super Giants,Marcus Stoinis,22,25,2,0,True
279,2024,Lucknow Super Giants,Nikhil Ghosh,25,31,2,1,True
279,2024,Lucknow Super Giants,Nikhil Reddy,50,31,5,2,True
279,2024,Lucknow Super Giants,Rohan Pillai,34,20,2,1,False
279,2024,Lucknow Super Giants,Varun Bhatt,41,41,3,1,True
280,2024,Mumbai Indians,Rohit Sharma,50,26,4,1,True
280,2024,Mumbai Indians,Suryakumar Yadav,17,9,1,0,True
280,2024,Mumbai Indians,Hardik Pandya,24,11,1,0,True
280,2024,Mumbai Indians,Ishan Kishan,45,32,3,1,False
280,2024,Mumbai Indians,Tilak Varma,32,14,2,1,True
280,2024,Mumbai Indians,Dev Rao,16,24,1,0,True
280,2024,Mumbai Indians,Karan Kapoor,12,9,0,0,True
280,2024,Mumbai Indians,Varun Nair,55,35,4,2,True
280,2024,Royal Challengers Bengaluru,Virat Kohli,49,26,5,2,False
280,2024,Royal Challengers Bengaluru,Faf du Plessis,44,27,3,1,True
280,2024,Royal Challengers Bengaluru,Glenn Maxwell,45,25,3,1,False
280,2024,Royal Challengers Bengaluru,Rajat Patidar,17,5,1,0,False
280,2024,Royal Challengers Bengaluru,Cameron Green,19,11,1,0,True
280,2024,Royal Challengers Bengaluru,Vivek Chauhan,26,23,2,0,False
280,2024,Royal Challengers Bengaluru,Sameer Iyer,21,23,1,0,True
280,2024,Royal Challengers Bengaluru,Abhishek Suresh,14,15,0,0,True
281,2024,Chennai Super Kings,MS Dhoni,35,32,2,1,True
281,2024,Chennai Super Kings,Ravindra Jadeja,32,24,2,1,True
281,2024,Chennai Super Kings,Ruturaj Gaikwad,10,7,1,0,True
281,2024,Chennai Super Kings,Shivam Dube,13,13,1,0,True
281,2024,Chennai Super Kings,Moeen Ali,23,24,1,0,True
281,2024,Chennai Super Kings,Kabir Pillai,43,14,3,1,True
281,2024,Chennai Super Kings,Varun Saxena,53,38,5,1,False
281,2024,Chennai Super Kings,Pranav Bhatt,26,16,2,0,True
281,2024,Sunrisers Hyderabad,Heinrich Klaasen,7,15,0,0,False
281,2024,Sunrisers Hyderabad,Abhishek Sharma,33,32,3,1,True
281,2024,Sunrisers Hyderabad,Travis Head,31,33,2,1,True
281,2024,Sunrisers Hyderabad,Nitish Kumar Reddy,22,20,1,0,False
281,2024,Sunrisers Hyderabad,Aman Pillai,23,17,1,0,True
281,2024,Sunrisers Hyderabad,Dev Malhotra,25,29,2,0,True
281,2024,Sunrisers Hyderabad,Anand Thakur,64,34,6,2,False
282,2024,Delhi Capitals,Rishabh Pant,40,31,3,1,True
282,2024,Delhi Capitals,Axar Patel,31,23,3,1,False
282,2024,Delhi Capitals,Mitchell Marsh,32,21,2,0,False
282,2024,Delhi Capitals,Tristan Stubbs,27,29,2,0,True
282,2024,Delhi Capitals,Abishek Porel,7,15,0,0,True
282,2024,Delhi Capitals,Manish Trivedi,18,19,2,0,False
282,2024,Delhi Capitals,Sameer Nair,27,18,2,1,False
282,2024,Delhi Capitals,Kabir Bose,2,3,0,0,False
282,2024,Sunrisers Hyderabad,Heinrich Klaasen,33,33,3,1,True
282,2024,Sunrisers Hyderabad,Abhishek Sharma,17,15,1,0,True
282,2024,Sunrisers Hyderabad,Travis Head,10,6,0,0,True
282,2024,Sunrisers Hyderabad,Nitish Kumar Reddy,8,14,0,0,False
282,2024,Sunrisers Hyderabad,Aman Pillai,14,21,1,0,False
282,2024,Sunrisers Hyderabad,Dev Malhotra,14,10,1,0,True
282,2024,Sunrisers Hyderabad,Anand Thakur,15,6,1,0,True
282,2024,Sunrisers Hyderabad,Karthik Verma,22,17,2,0,True
283,2024,Delhi Capitals,Rishabh Pant,35,20,3,1,True
283,2024,Delhi Capitals,Axar Patel,8,10,0,0,True
283,2024,Delhi Capitals,Mitchell Marsh,11,14,0,0,True
283,2024,Delhi Capitals,Tristan Stubbs,21,18,1,0,True
283,2024,Delhi Capitals,Abishek Porel,31,26,3,1,False
283,2024,Delhi Capitals,Manish Trivedi,24,14,1,0,False
283,2024,Delhi Capitals,Sameer Nair,23,21,2,0,False
283,2024,Delhi Capitals,Kabir Bose,27,20,1,0,True
283,2024,Lucknow Super Giants,Nicholas Pooran,31,27,3,1,False
283,2024,Lucknow Super Giants,Ayush Badoni,36,24,2,1,True
283,2024,Lucknow Super Giants,Marcus Stoinis,19,15,1,0,True
283,2024,Lucknow Super Giants,Quinton de Kock,27,13,2,0,False
283,2024,Lucknow Super Giants,Nikhil Ghosh,17,18,1,0,True
283,2024,Lucknow Super Giants,Nikhil Reddy,25,27,2,0,True
283,2024,Lucknow Super Giants,Rohan Pillai,65,35,5,3,True
283,2024,Lucknow Super Giants,Varun Bhatt,41,38,4,1,True
284,2024,Chennai Super Kings,MS Dhoni,61,32,5,1,False
284,2024,Chennai Super Kings,Ravindra Jadeja,24,16,2,0,False
284,2024,Chennai Super Kings,Ruturaj Gaikwad,15,7,1,0,True
284,2024,Chennai Super Kings,Shivam Dube,17,10,1,0,True
284,2024,Chennai Super Kings,Moeen Ali,57,24,4,1,True
284,2024,Chennai Super Kings,Kabir Pillai,10,13,0,0,False
284,2024,Chennai Super Kings,Varun Saxena,33,31,3,1,True
284,2024,Chennai Super Kings,Pranav Bhatt,0,1,0,0,True
284,2024,Kolkata Knight Riders,Shreyas Iyer,36,25,2,1,True
284,2024,Kolkata Knight Riders,Andre Russell,36,28,3,1,True
284,2024,Kolkata Knight Riders,Sunil Narine,24,19,2,0,True
284,2024,Kolkata Knight Riders,Rinku Singh,8,1,0,0,False
284,2024,Kolkata Knight Riders,Venkatesh Iyer,29,23,1,1,True
284,2024,Kolkata Knight Riders,Anand Nair,47,36,4,1,True
284,2024,Kolkata Knight Riders,Dev Kulkarni,33,26,3,1,True
284,2024,Kolkata Knight Riders,Arjun Kapoor,28,11,1,0,True
285,2024,Mumbai Indians,Rohit Sharma,46,28,4,1,True
285,2024,Mumbai Indians,Hardik Pandya,46,24,2,1,True
285,2024,Mumbai Indians,Ishan Kishan,23,8,1,0,True
285,2024,Mumbai Indians,Tilak Varma,65,36,6,1,True
285,2024,Mumbai Indians,Dev Rao,53,28,4,2,True
285,2024,Mumbai Indians,Karan Kapoor,45,32,5,1,True
285,2024,Mumbai Indians,Varun Nair,13,8,1,0,False
285,2024,Kolkata Knight Riders,Shreyas Iyer,43,19,4,1,True
285,2024,Kolkata Knight Riders,Andre Russell,28,20,2,0,False
285,2024,Kolkata Knight Riders,Sunil Narine,38,25,3,1,True
285,2024,Kolkata Knight Riders,Rinku Singh,22,12,1,0,True
285,2024,Kolkata Knight Riders,Venkatesh Iyer,28,27,1,0,True
285,2024,Kolkata Knight Riders,Anand Nair,64,39,5,2,True
285,2024,Kolkata Knight Riders,Dev Kulkarni,27,17,2,1,True
285,2024,Kolkata Knight Riders,Arjun Kapoor,29,22,1,0,True
286,2024,Kolkata Knight Riders,Shreyas Iyer,14,16,1,0,True
286,2024,Kolkata Knight Riders,Andre Russell,8,18,0,0,True
286,2024,Kolkata Knight Riders,Sunil Narine,5,12,0,0,True
286,2024,Kolkata Knight Riders,Rinku Singh,55,37,5,2,False
286,2024,Kolkata Knight Riders,Venkatesh Iyer,24,16,1,0,False
286,2024,Kolkata Knight Riders,Anand Nair,27,22,2,0,True
286,2024,Kolkata Knight Riders,Dev Kulkarni,50,47,5,2,False
286,2024,Kolkata Knight Riders,Arjun Kapoor,69,42,6,2,True
286,2024,Sunrisers Hyderabad,Heinrich Klaasen,35,27,3,1,True
286,2024,Sunrisers Hyderabad,Abhishek Sharma,26,32,1,1,False
286,2024,Sunrisers Hyderabad,Travis Head,42,25,4,1,True
286,2024,Sunrisers Hyderabad,Nitish Kumar Reddy,9,7,0,0,False
286,2024,Sunrisers Hyderabad,Aman Pillai,36,23,2,1,False
286,2024,Sunrisers Hyderabad,Dev Malhotra,28,24,2,0,False
286,2024,Sunrisers Hyderabad,Anand Thakur,38,41,4,1,False
286,2024,Sunrisers Hyderabad,Karthik Verma,17,21,1,0,True
287,2024,Kolkata Knight Riders,Shreyas Iyer,13,28,1,0,False
287,2024,Kolkata Knight Riders,Andre Russell,37,27,2,1,True
287,2024,Kolkata Knight Riders,Sunil Narine,40,31,4,1,False
287,2024,Kolkata Knight Riders,Rinku Singh,35,40,2,1,True
287,2024,Kolkata Knight Riders,Anand Nair,18,9,1,0,True
287,2024,Kolkata Knight Riders,Dev Kulkarni,15,15,1,0,False
287,2024,Kolkata Knight Riders,Arjun Kapoor,40,23,3,1,True
287,2024,Punjab Kings,Shikhar Dhawan,7,17,0,0,True
287,2024,Punjab Kings,Liam Livingstone,48,30,5,2,False
287,2024,Punjab Kings,Sam Curran,40,23,3,1,False
287,2024,Punjab Kings,Jitesh Sharma,0,10,0,0,False
287,2024,Punjab Kings,Prabhsimran Singh,28,23,1,1,True
287,2024,Punjab Kings,Ajay Joshi,36,15,3,1,True
287,2024,Punjab Kings,Varun Menon,18,9,1,0,False
287,2024,Punjab Kings,Deepak Chauhan,44,22,4,1,True
288,2024,Sunrisers Hyderabad,Heinrich Klaasen,28,26,1,1,True
288,2024,Sunrisers Hyderabad,Abhishek Sharma,24,23,2,0,True
288,2024,Sunrisers Hyderabad,Travis Head,41,26,2,1,False
288,2024,Sunrisers Hyderabad,Nitish Kumar Reddy,30,37,1,1,True
288,2024,Sunrisers Hyderabad,Aman Pillai,27,18,2,0,True
288,2024,Sunrisers Hyderabad,Dev Malhotra,17,17,1,0,False
288,2024,Sunrisers Hyderabad,Anand Thakur,43,34,4,1,False
288,2024,Sunrisers Hyderabad,Karthik Verma,2,14,0,0,False
288,2024,Gujarat Titans,Shubman Gill,41,22,4,1,True
288,2024,Gujarat Titans,Sai Sudharsan,68,44,5,3,True
288,2024,Gujarat Titans,David Miller,32,28,2,1,False
288,2024,Gujarat Titans,Rahul Tewatia,41,26,4,1,True
288,2024,Gujarat Titans,Harsh Rao,19,20,1,0,False
288,2024,Gujarat Titans,Karan Chatterjee,43,24,4,2,True
288,2024,Gujarat Titans,Sameer Malhotra,29,19,2,1,True
288,2024,Gujarat Titans,Sameer Dubey,60,35,4,1,True
289,2024,Kolkata Knight Riders,Shreyas Iyer,31,25,2,1,False
289,2024,Kolkata Knight Riders,Andre Russell,27,27,1,0,True
289,2024,Kolkata Knight Riders,Sunil Narine,61,37,6,2,True
289,2024,Kolkata Knight Riders,Rinku Singh,23,16,1,0,False
289,2024,Kolkata Knight Riders,Venkatesh Iyer,32,18,2,1,True
289,2024,Kolkata Knight Riders,Anand Nair,30,25,2,1,True
289,2024,Kolkata Knight Riders,Dev Kulkarni,36,34,2,1,False
289,2024,Kolkata Knight Riders,Arjun Kapoor,28,25,3,1,False
289,2024,Gujarat Titans,Shubman Gill,49,28,5,2,True
289,2024,Gujarat Titans,Sai Sudharsan,34,24,3,1,True
289,2024,Gujarat Titans,David Miller,9,16,0,0,False
289,2024,Gujarat Titans,Rahul Tewatia,26,17,2,1,True
289,2024,Gujarat Titans,Harsh Rao,39,27,2,1,True
289,2024,Gujarat Titans,Karan Chatterjee,14,13,1,0,True
289,2024,Gujarat Titans,Sameer Malhotra,48,30,5,2,False
289,2024,Gujarat Titans,Sameer Dubey,27,23,2,1,True
290,2024,Mumbai Indians,Rohit Sharma,38,31,3,1,True
290,2024,Mumbai Indians,Suryakumar Yadav,28,24,2,0,True
290,2024,Mumbai Indians,Hardik Pandya,10,4,1,0,True
290,2024,Mumbai Indians,Ishan Kishan,42,36,3,1,True
290,2024,Mumbai Indians,Tilak Varma,10,8,1,0,True
290,2024,Mumbai Indians,Dev Rao,15,1,1,0,True
290,2024,Mumbai Indians,Karan Kapoor,39,21,3,1,True
290,2024,Mumbai Indians,Varun Nair,24,18,2,0,True
290,2024,Lucknow Super Giants,Nicholas Pooran,53,33,5,1,False
290,2024,Lucknow Super Giants,Ayush Badoni,28,26,2,0,True
290,2024,Lucknow Super Giants,Marcus Stoinis,51,36,4,1,True
290,2024,Lucknow Super Giants,Quinton de Kock,40,44,2,1,True
290,2024,Lucknow Super Giants,Nikhil Ghosh,38,24,2,1,True
290,2024,Lucknow Super Giants,Nikhil Reddy,13,12,1,0,True
290,2024,Lucknow Super Giants,Rohan Pillai,37,27,3,1,False
290,2024,Lucknow Super Giants,Varun Bhatt,27,20,2,0,True
291,2024,Chennai Super Kings,MS Dhoni,74,51,5,3,False
291,2024,Chennai Super Kings,Ravindra Jadeja,44,29,3,1,True
291,2024,Chennai Super Kings,Ruturaj Gaikwad,26,19,2,1,True
291,2024,Chennai Super Kings,Shivam Dube,6,10,0,0,True
291,2024,Chennai Super Kings,Moeen Ali,3,4,0,0,True
291,2024,Chennai Super Kings,Kabir Pillai,56,32,4,1,False
291,2024,Chennai Super Kings,Varun Saxena,14,11,1,0,False
291,2024,Chennai Super Kings,Pranav Bhatt,10,12,1,0,True
291,2024,Gujarat Titans,Shubman Gill,49,35,4,1,True
291,2024,Gujarat Titans,Sai Sudharsan,27,19,2,1,True
291,2024,Gujarat Titans,David Miller,56,31,3,2,True
291,2024,Gujarat Titans,Rahul Tewatia,10,6,1,0,True
291,2024,Gujarat Titans,Harsh Rao,11,14,0,0,False
291,2024,Gujarat Titans,Karan Chatterjee,11,19,0,0,False
291,2024,Gujarat Titans,Sameer Malhotra,44,27,3,1,True
291,2024,Gujarat Titans,Sameer Dubey,22,22,1,0,False
292,2024,Punjab Kings,Shikhar Dhawan,30,20,3,0,True
292,2024,Punjab Kings,Liam Livingstone,1,8,0,0,True
292,2024,Punjab Kings,Sam Curran,28,13,1,0,False
292,2024,Punjab Kings,Jitesh Sharma,40,24,4,1,False
292,2024,Punjab Kings,Ajay Joshi,29,26,2,1,True
292,2024,Punjab Kings,Varun Menon,30,21,2,1,True
292,2024,Punjab Kings,Deepak Chauhan,20,13,2,0,True
292,2024,Sunrisers Hyderabad,Heinrich Klaasen,54,35,5,2,False
292,2024,Sunrisers Hyderabad,Abhishek Sharma,2,32,0,0,True
292,2024,Sunrisers Hyderabad,Travis Head,46,37,2,2,True
292,2024,Sunrisers Hyderabad,Nitish Kumar Reddy,25,20,2,1,False
292,2024,Sunrisers Hyderabad,Aman Pillai,48,36,3,1,True
292,2024,Sunrisers Hyderabad,Dev Malhotra,7,11,0,0,True
292,2024,Sunrisers Hyderabad,Anand Thakur,29,32,3,0,True
292,2024,Sunrisers Hyderabad,Karthik Verma,19,12,1,0,True
293,2024,Gujarat Titans,Shubman Gill,29,24,3,1,True
293,2024,Gujarat Titans,Sai Sudharsan,42,35,3,1,True
293,2024,Gujarat Titans,David Miller,24,12,2,0,True
293,2024,Gujarat Titans,Rahul Tewatia,47,28,5,1,True
293,2024,Gujarat Titans,Harsh Rao,24,18,1,0,False
293,2024,Gujarat Titans,Karan Chatterjee,52,29,4,1,True
293,2024,Gujarat Titans,Sameer Malhotra,41,26,4,1,True
293,2024,Gujarat Titans,Sameer Dubey,61,33,4,2,False
293,2024,Lucknow Super Giants,Nicholas Pooran,29,22,2,1,True
293,2024,Lucknow Super Giants,Ayush Badoni,34,24,2,1,True
293,2024,Lucknow Super Giants,Marcus Stoinis,32,23,2,1,True
293,2024,Lucknow Super Giants,Quinton de Kock,30,22,3,1,False
293,2024,Lucknow Super Giants,Nikhil Ghosh,13,22,0,0,True
293,2024,Lucknow Super Giants,Nikhil Reddy,21,16,2,0,True
293,2024,Lucknow Super Giants,Rohan Pillai,46,44,4,1,True
293,2024,Lucknow Super Giants,Varun Bhatt,15,11,1,0,True
294,2024,Kolkata Knight Riders,Shreyas Iyer,20,20,1,0,True
294,2024,Kolkata Knight Riders,Andre Russell,39,25,3,1,False
294,2024,Kolkata Knight Riders,Sunil Narine,5,2,0,0,True
294,2024,Kolkata Knight Riders,Rinku Singh,18,10,1,0,True
294,2024,Kolkata Knight Riders,Venkatesh Iyer,28,18,2,1,True
294,2024,Kolkata Knight Riders,Anand Nair,40,29,4,1,True
294,2024,Kolkata Knight Riders,Dev Kulkarni,0,12,0,0,True
294,2024,Kolkata Knight Riders,Arjun Kapoor,33,19,3,1,False
294,2024,Delhi Capitals,Rishabh Pant,41,29,3,1,False
294,2024,Delhi Capitals,Axar Patel,14,19,1,0,True
294,2024,Delhi Capitals,Mitchell Marsh,13,18,1,0,True
294,2024,Delhi Capitals,Tristan Stubbs,23,21,1,0,False
294,2024,Delhi Capitals,Abishek Porel,42,41,3,1,False
294,2024,Delhi Capitals,Manish Trivedi,19,22,1,0,False
294,2024,Delhi Capitals,Kabir Bose,21,23,1,0,True
295,2024,Royal Challengers Bengaluru,Virat Kohli,104,53,7,2,False
295,2024,Royal Challengers Bengaluru,Faf du Plessis,35,29,3,1,True
295,2024,Royal Challengers Bengaluru,Glenn Maxwell,9,14,0,0,False
295,2024,Royal Challengers Bengaluru,Rajat Patidar,38,30,2,0,False
295,2024,Royal Challengers Bengaluru,Cameron Green,13,22,1,0,True
295,2024,Royal Challengers Bengaluru,Vivek Chauhan,19,11,1,0,False
295,2024,Royal Challengers Bengaluru,Sameer Iyer,22,17,2,0,True
295,2024,Royal Challengers Bengaluru,Abhishek Suresh,9,18,0,0,False
295,2024,Delhi Capitals,Rishabh Pant,61,47,5,2,True
295,2024,Delhi Capitals,Axar Patel,19,18,1,0,True
295,2024,Delhi Capitals,Tristan Stubbs,32,26,2,1,True
295,2024,Delhi Capitals,Abishek Porel,38,33,2,1,True
295,2024,Delhi Capitals,Manish Trivedi,31,28,3,1,True
295,2024,Delhi Capitals,Sameer Nair,35,28,2,1,True
295,2024,Delhi Capitals,Kabir Bose,7,10,0,0,True
296,2024,Mumbai Indians,Rohit Sharma,26,16,2,1,False
296,2024,Mumbai Indians,Suryakumar Yadav,19,23,2,0,False
296,2024,Mumbai Indians,Hardik Pandya,51,28,3,2,True
296,2024,Mumbai Indians,Ishan Kishan,37,14,3,0,True
296,2024,Mumbai Indians,Tilak Varma,27,19,2,1,True
296,2024,Mumbai Indians,Dev Rao,1,10,0,0,True
296,2024,Mumbai Indians,Karan Kapoor,43,20,3,1,True
296,2024,Mumbai Indians,Varun Nair,30,26,2,0,False
296,2024,Sunrisers Hyderabad,Heinrich Klaasen,1,8,0,0,True
296,2024,Sunrisers Hyderabad,Abhishek Sharma,48,29,4,1,True
296,2024,Sunrisers Hyderabad,Travis Head,28,21,2,1,True
296,2024,Sunrisers Hyderabad,Nitish Kumar Reddy,40,30,3,1,False
296,2024,Sunrisers Hyderabad,Aman Pillai,2,4,0,0,True
296,2024,Sunrisers Hyderabad,Dev Malhotra,30,18,2,0,True
296,2024,Sunrisers Hyderabad,Anand Thakur,37,24,3,1,False
296,2024,Sunrisers Hyderabad,Karthik Verma,62,44,6,1,True
297,2024,Sunrisers Hyderabad,Heinrich Klaasen,8,28,0,0,True
297,2024,Sunrisers Hyderabad,Abhishek Sharma,45,31,4,1,True
297,2024,Sunrisers Hyderabad,Travis Head,19,29,1,0,True
297,2024,Sunrisers Hyderabad,Nitish Kumar Reddy,0,3,0,0,True
297,2024,Sunrisers Hyderabad,Aman Pillai,47,21,5,1,True
297,2024,Sunrisers Hyderabad,Dev Malhotra,14,17,1,0,True
297,2024,Sunrisers Hyderabad,Anand Thakur,26,16,1,0,True
297,2024,Sunrisers Hyderabad,Karthik Verma,25,20,2,0,True
297,2024,Lucknow Super Giants,Nicholas Pooran,51,29,5,2,True
297,2024,Lucknow Super Giants,Ayush Badoni,32,18,2,1,False
297,2024,Lucknow Super Giants,Marcus Stoinis,0,5,0,0,True
297,2024,Lucknow Super Giants,Quinton de Kock,10,12,0,0,True
297,2024,Lucknow Super Giants,Nikhil Ghosh,4,10,0,0,True
297,2024,Lucknow Super Giants,Nikhil Reddy,12,19,0,0,False
297,2024,Lucknow Super Giants,Varun Bhatt,11,16,1,0,True
298,2024,Royal Challengers Bengaluru,Virat Kohli,113,42,11,3,False
298,2024,Royal Challengers Bengaluru,Faf du Plessis,0,6,0,0,True
298,2024,Royal Challengers Bengaluru,Glenn Maxwell,35,27,2,0,True
298,2024,Royal Challengers Bengaluru,Rajat Patidar,27,21,3,0,True
298,2024,Royal Challengers Bengaluru,Cameron Green,43,31,4,1,True
298,2024,Royal Challengers Bengaluru,Vivek Chauhan,41,20,4,1,True
298,2024,Royal Challengers Bengaluru,Sameer Iyer,56,34,5,1,False
298,2024,Royal Challengers Bengaluru,Abhishek Suresh,20,14,1,0,True
298,2024,Punjab Kings,Shikhar Dhawan,48,34,3,1,False
298,2024,Punjab Kings,Liam Livingstone,15,14,1,0,False
298,2024,Punjab Kings,Sam Curran,17,9,1,0,False
298,2024,Punjab Kings,Jitesh Sharma,39,28,3,1,False
298,2024,Punjab Kings,Prabhsimran Singh,14,13,1,0,True
298,2024,Punjab Kings,Ajay Joshi,55,26,4,1,True
298,2024,Punjab Kings,Varun Menon,33,26,2,1,True
298,2024,Punjab Kings,Deepak Chauhan,42,24,3,1,False
299,2024,Rajasthan Royals,Sanju Samson,14,9,1,0,True
299,2024,Rajasthan Royals,Yashasvi Jaiswal,30,22,3,0,True
299,2024,Rajasthan Royals,Jos Buttler,48,25,3,1,False
299,2024,Rajasthan Royals,Riyan Parag,21,19,2,0,False
299,2024,Rajasthan Royals,Dhruv Jurel,0,7,0,0,True
299,2024,Rajasthan Royals,Kabir Ghosh,33,22,2,1,True
299,2024,Rajasthan Royals,Yash Suresh,8,21,0,0,True
299,2024,Rajasthan Royals,Rahul Mehta,22,20,1,0,True
299,2024,Lucknow Super Giants,Nicholas Pooran,40,28,3,1,True
299,2024,Lucknow Super Giants,Ayush Badoni,3,12,0,0,True
299,2024,Lucknow Super Giants,Marcus Stoinis,34,20,3,1,True
299,2024,Lucknow Super Giants,Quinton de Kock,49,23,5,2,True
299,2024,Lucknow Super Giants,Nikhil Ghosh,18,16,1,0,True
299,2024,Lucknow Super Giants,Nikhil Reddy,3,2,0,0,False
299,2024,Lucknow Super Giants,Rohan Pillai,18,10,1,0,True
299,2024,Lucknow Super Giants,Varun Bhatt,8,19,0,0,True
300,2024,Royal Challengers Bengaluru,Virat Kohli,116,46,10,5,False
300,2024,Royal Challengers Bengaluru,Faf du Plessis,42,28,3,1,True
300,2024,Royal Challengers Bengaluru,Glenn Maxwell,7,4,0,0,True
300,2024,Royal Challengers Bengaluru,Rajat Patidar,35,21,2,1,True
300,2024,Royal Challengers Bengaluru,Cameron Green,2,8,0,0,False
300,2024,Royal Challengers Bengaluru,Vivek Chauhan,20,15,2,0,True
300,2024,Royal Challengers Bengaluru,Sameer Iyer,23,18,2,0,True
300,2024,Gujarat Titans,Shubman Gill,28,25,2,1,False
300,2024,Gujarat Titans,Sai Sudharsan,26,23,1,1,False
300,2024,Gujarat Titans,David Miller,43,39,4,2,True
300,2024,Gujarat Titans,Rahul Tewatia,21,20,1,0,False
300,2024,Gujarat Titans,Harsh Rao,45,31,3,1,False
300,2024,Gujarat Titans,Karan Chatterjee,39,30,3,1,True
300,2024,Gujarat Titans,Sameer Malhotra,29,13,1,1,False
300,2024,Gujarat Titans,Sameer Dubey,5,13,0,0,True
301,2024,Mumbai Indians,Rohit Sharma,13,13,1,0,True
301,2024,Mumbai Indians,Suryakumar Yadav,17,20,1,0,True
301,2024,Mumbai Indians,Hardik Pandya,11,8,0,0,False
301,2024,Mumbai Indians,Ishan Kishan,23,18,1,0,True
301,2024,Mumbai Indians,Tilak Varma,39,26,3,1,True
301,2024,Mumbai Indians,Dev Rao,24,21,2,1,True
301,2024,Mumbai Indians,Karan Kapoor,33,33,3,1,True
301,2024,Mumbai Indians,Varun Nair,4,10,0,0,True
301,2024,Rajasthan Royals,Sanju Samson,32,22,2,1,False
301,2024,Rajasthan Royals,Jos Buttler,55,27,5,1,False
301,2024,Rajasthan Royals,Riyan Parag,39,28,3,1,True
301,2024,Rajasthan Royals,Dhruv Jurel,28,27,1,0,True
301,2024,Rajasthan Royals,Kabir Ghosh,5,12,0,0,False
301,2024,Rajasthan Royals,Yash Suresh,3,4,0,0,True
301,2024,Rajasthan Royals,Rahul Mehta,61,43,4,2,True
302,2024,Chennai Super Kings,MS Dhoni,35,18,3,1,True
302,2024,Chennai Super Kings,Ravindra Jadeja,34,22,3,1,True
302,2024,Chennai Super Kings,Ruturaj Gaikwad,44,28,4,1,False
302,2024,Chennai Super Kings,Shivam Dube,12,7,1,0,False
302,2024,Chennai Super Kings,Moeen Ali,33,24,2,1,True
302,2024,Chennai Super Kings,Kabir Pillai,30,22,1,0,True
302,2024,Chennai Super Kings,Varun Saxena,21,14,2,0,True
302,2024,Chennai Super Kings,Pranav Bhatt,10,18,0,0,False
302,2024,Delhi Capitals,Rishabh Pant,34,13,3,1,True
302,2024,Delhi Capitals,Axar Patel,31,17,3,1,True
302,2024,Delhi Capitals,Mitchell Marsh,17,12,1,0,True
302,2024,Delhi Capitals,Tristan Stubbs,52,31,4,1,True
302,2024,Delhi Capitals,Abishek Porel,42,41,4,2,True
302,2024,Delhi Capitals,Manish Trivedi,45,28,4,1,True
302,2024,Delhi Capitals,Sameer Nair,38,34,2,1,True
302,2024,Delhi Capitals,Kabir Bose,33,18,2,1,True
303,2024,Chennai Super Kings,MS Dhoni,54,48,5,2,False
303,2024,Chennai Super Kings,Ravindra Jadeja,40,27,3,1,True
303,2024,Chennai Super Kings,Ruturaj Gaikwad,63,44,4,2,True
303,2024,Chennai Super Kings,Shivam Dube,4,2,0,0,False
303,2024,Chennai Super Kings,Moeen Ali,13,21,0,0,True
303,2024,Chennai Super Kings,Kabir Pillai,26,20,1,0,True
303,2024,Chennai Super Kings,Varun Saxena,16,20,1,0,True
303,2024,Chennai Super Kings,Pranav Bhatt,17,17,1,0,False
303,2024,Rajasthan Royals,Sanju Samson,23,29,1,0,True
303,2024,Rajasthan Royals,Yashasvi Jaiswal,52,36,5,1,True
303,2024,Rajasthan Royals,Jos Buttler,57,35,3,1,False
303,2024,Rajasthan Royals,Riyan Parag,10,2,0,0,True
303,2024,Rajasthan Royals,Dhruv Jurel,41,24,2,1,True
303,2024,Rajasthan Royals,Kabir Ghosh,5,11,0,0,True
303,2024,Rajasthan Royals,Yash Suresh,17,18,1,0,True
303,2024,Rajasthan Royals,Rahul Mehta,41,34,4,1,True
304,2024,Delhi Capitals,Rishabh Pant,48,25,4,2,True
304,2024,Delhi Capitals,Axar Patel,27,12,2,1,True
304,2024,Delhi Capitals,Mitchell Marsh,25,13,1,0,True
304,2024,Delhi Capitals,Tristan Stubbs,2,10,0,0,False
304,2024,Delhi Capitals,Abishek Porel,28,19,2,0,False
304,2024,Delhi Capitals,Manish Trivedi,56,29,4,2,True
304,2024,Delhi Capitals,Sameer Nair,45,34,3,1,True
304,2024,Delhi Capitals,Kabir Bose,31,24,2,1,True
304,2024,Rajasthan Royals,Sanju Samson,14,13,1,0,True
304,2024,Rajasthan Royals,Yashasvi Jaiswal,40,33,2,1,True
304,2024,Rajasthan Royals,Jos Buttler,25,19,1,1,True
304,2024,Rajasthan Royals,Riyan Parag,41,34,2,1,True
304,2024,Rajasthan Royals,Dhruv Jurel,36,22,2,1,True
304,2024,Rajasthan Royals,Kabir Ghosh,46,32,3,1,True
304,2024,Rajasthan Royals,Yash Suresh,45,33,3,1,True
304,2024,Rajasthan Royals,Rahul Mehta,21,23,2,0,True
305,2024,Delhi Capitals,Rishabh Pant,53,36,5,1,True
305,2024,Delhi Capitals,Axar Patel,22,19,1,0,True
305,2024,Delhi Capitals,Mitchell Marsh,34,22,3,1,False
305,2024,Delhi Capitals,Tristan Stubbs,36,22,2,1,False
305,2024,Delhi Capitals,Abishek Porel,42,35,4,1,False
305,2024,Delhi Capitals,Manish Trivedi,33,12,3,1,True
305,2024,Delhi Capitals,Sameer Nair,21,23,1,0,False
305,2024,Delhi Capitals,Kabir Bose,81,42,6,2,True
305,2024,Punjab Kings,Shikhar Dhawan,32,24,2,0,True
305,2024,Punjab Kings,Liam Livingstone,63,35,5,2,False
305,2024,Punjab Kings,Sam Curran,29,13,2,0,False
305,2024,Punjab Kings,Jitesh Sharma,49,31,4,2,True
305,2024,Punjab Kings,Prabhsimran Singh,38,18,2,1,False
305,2024,Punjab Kings,Ajay Joshi,39,29,3,1,False
305,2024,Punjab Kings,Varun Menon,4,2,0,0,True
305,2024,Punjab Kings,Deepak Chauhan,29,20,2,0,True
306,2024,Royal Challengers Bengaluru,Virat Kohli,69,29,7,2,False
306,2024,Royal Challengers Bengaluru,Faf du Plessis,27,28,2,1,True
306,2024,Royal Challengers Bengaluru,Glenn Maxwell,17,18,1,0,True
306,2024,Royal Challengers Bengaluru,Rajat Patidar,37,27,2,0,True
306,2024,Royal Challengers Bengaluru,Cameron Green,3,5,0,0,True
306,2024,Royal Challengers Bengaluru,Vivek Chauhan,35,32,2,1,True
306,2024,Royal Challengers Bengaluru,Sameer Iyer,31,17,3,0,True
306,2024,Royal Challengers Bengaluru,Abhishek Suresh,67,46,4,1,False
306,2024,Kolkata Knight Riders,Shreyas Iyer,30,33,3,1,True
306,2024,Kolkata Knight Riders,Andre Russell,57,26,4,1,False
306,2024,Kolkata Knight Riders,Sunil Narine,7,9,0,0,True
306,2024,Kolkata Knight Riders,Rinku Singh,25,25,2,0,False
306,2024,Kolkata Knight Riders,Venkatesh Iyer,26,17,1,0,True
306,2024,Kolkata Knight Riders,Anand Nair,14,14,1,0,False
306,2024,Kolkata Knight Riders,Dev Kulkarni,28,24,3,0,False
306,2024,Kolkata Knight Riders,Arjun Kapoor,38,32,2,1,True
307,2024,Kolkata Knight Riders,Shreyas Iyer,41,35,3,1,True
307,2024,Kolkata Knight Riders,Andre Russell,24,13,2,1,False
307,2024,Kolkata Knight Riders,Sunil Narine,17,13,1,0,True
307,2024,Kolkata Knight Riders,Rinku Singh,35,29,3,1,True
307,2024,Kolkata Knight Riders,Venkatesh Iyer,20,29,1,0,True
307,2024,Kolkata Knight Riders,Anand Nair,31,27,3,1,True
307,2024,Kolkata Knight Riders,Dev Kulkarni,22,20,1,0,True
307,2024,Kolkata Knight Riders,Arjun Kapoor,48,34,4,1,True
307,2024,Lucknow Super Giants,Nicholas Pooran,23,15,1,0,True
307,2024,Lucknow Super Giants,Ayush Badoni,50,40,3,2,True
307,2024,Lucknow Super Giants,Marcus Stoinis,35,20,2,1,True
307,2024,Lucknow Super Giants,Quinton de Kock,21,17,1,0,True
307,2024,Lucknow Super Giants,Nikhil Ghosh,34,14,2,1,False
307,2024,Lucknow Super Giants,Rohan Pillai,39,25,3,1,True
307,2024,Lucknow Super Giants,Varun Bhatt,32,29,2,1,True
308,2024,Royal Challengers Bengaluru,Virat Kohli,117,39,11,3,False
308,2024,Royal Challengers Bengaluru,Faf du Plessis,13,18,0,0,False
308,2024,Royal Challengers Bengaluru,Rajat Patidar,15,9,1,0,False
308,2024,Royal Challengers Bengaluru,Cameron Green,33,22,3,1,True
308,2024,Royal Challengers Bengaluru,Vivek Chauhan,38,28,2,1,False
308,2024,Royal Challengers Bengaluru,Sameer Iyer,48,32,4,2,True
308,2024,Lucknow Super Giants,Nicholas Pooran,42,37,4,2,True
308,2024,Lucknow Super Giants,Ayush Badoni,32,17,2,1,True
308,2024,Lucknow Super Giants,Marcus Stoinis,44,30,2,1,True
308,2024,Lucknow Super Giants,Quinton de Kock,19,20,1,0,False
308,2024,Lucknow Super Giants,Nikhil Ghosh,33,18,2,1,True
308,2024,Lucknow Super Giants,Nikhil Reddy,25,21,2,0,True
308,2024,Lucknow Super Giants,Rohan Pillai,26,16,1,1,True
308,2024,Lucknow Super Giants,Varun Bhatt,17,25,1,0,True
309,2024,Rajasthan Royals,Sanju Samson,41,25,2,1,True
309,2024,Rajasthan Royals,Yashasvi Jaiswal,28,34,2,1,True
309,2024,Rajasthan Royals,Jos Buttler,44,37,4,1,True
309,2024,Rajasthan Royals,Riyan Parag,3,10,0,0,False
309,2024,Rajasthan Royals,Dhruv Jurel,19,11,1,0,False
309,2024,Rajasthan Royals,Kabir Ghosh,15,1,1,0,False
309,2024,Rajasthan Royals,Yash Suresh,46,29,3,2,False
309,2024,Rajasthan Royals,Rahul Mehta,22,27,1,0,True
309,2024,Gujarat Titans,Shubman Gill,14,1,0,0,True
309,2024,Gujarat Titans,Sai Sudharsan,56,31,5,1,True
309,2024,Gujarat Titans,David Miller,30,22,1,0,True
309,2024,Gujarat Titans,Rahul Tewatia,12,10,1,0,True
309,2024,Gujarat Titans,Harsh Rao,45,35,3,1,True
309,2024,Gujarat Titans,Karan Chatterjee,62,36,6,1,True
309,2024,Gujarat Titans,Sameer Malhotra,48,24,3,2,False
309,2024,Gujarat Titans,Sameer Dubey,2,7,0,0,False
310,2024,Mumbai Indians,Rohit Sharma,34,25,2,0,True
310,2024,Mumbai Indians,Suryakumar Yadav,17,18,1,0,True
310,2024,Mumbai Indians,Hardik Pandya,29,17,2,1,True
310,2024,Mumbai Indians,Ishan Kishan,35,26,2,1,True
310,2024,Mumbai Indians,Tilak Varma,66,40,5,2,False
310,2024,Mumbai Indians,Dev Rao,24,17,2,0,False
310,2024,Mumbai Indians,Karan Kapoor,69,43,6,2,True
310,2024,Mumbai Indians,Varun Nair,54,31,5,2,True
310,2024,Gujarat Titans,Shubman Gill,28,24,2,1,True
310,2024,Gujarat Titans,Sai Sudharsan,27,20,1,1,True
310,2024,Gujarat Titans,David Miller,22,10,1,0,True
310,2024,Gujarat Titans,Rahul Tewatia,5,4,0,0,True
310,2024,Gujarat Titans,Harsh Rao,21,24,2,0,True
310,2024,Gujarat Titans,Karan Chatterjee,39,31,4,1,False
310,2024,Gujarat Titans,Sameer Malhotra,24,24,2,1,False
310,2024,Gujarat Titans,Sameer Dubey,29,19,2,1,True
311,2024,Punjab Kings,Shikhar Dhawan,14,14,0,0,True
311,2024,Punjab Kings,Liam Livingstone,36,27,3,1,True
311,2024,Punjab Kings,Sam Curran,38,18,3,1,True
311,2024,Punjab Kings,Jitesh Sharma,29,24,2,0,True
311,2024,Punjab Kings,Prabhsimran Singh,43,28,4,1,True
311,2024,Punjab Kings,Ajay Joshi,32,20,2,1,True
311,2024,Punjab Kings,Varun Menon,31,41,3,1,True
311,2024,Punjab Kings,Deepak Chauhan,0,5,0,0,False
311,2024,Rajasthan Royals,Sanju Samson,36,32,3,1,False
311,2024,Rajasthan Royals,Yashasvi Jaiswal,25,29,1,0,True
311,2024,Rajasthan Royals,Jos Buttler,7,4,0,0,True
311,2024,Rajasthan Royals,Riyan Parag,13,13,1,0,True
311,2024,Rajasthan Royals,Dhruv Jurel,26,27,2,1,True
311,2024,Rajasthan Royals,Kabir Ghosh,26,15,1,1,False
311,2024,Rajasthan Royals,Yash Suresh,31,14,3,1,True
311,2024,Rajasthan Royals,Rahul Mehta,33,26,2,1,False
312,2024,Mumbai Indians,Rohit Sharma,32,36,2,0,False
312,2024,Mumbai Indians,Suryakumar Yadav,37,22,3,1,True
312,2024,Mumbai Indians,Hardik Pandya,33,25,3,1,True
312,2024,Mumbai Indians,Ishan Kishan,59,43,4,2,True
312,2024,Mumbai Indians,Tilak Varma,55,30,5,1,True
312,2024,Mumbai Indians,Dev Rao,38,36,3,1,False
312,2024,Mumbai Indians,Karan Kapoor,32,14,2,1,True
312,2024,Mumbai Indians,Varun Nair,23,17,1,0,True
312,2024,Delhi Capitals,Rishabh Pant,25,25,2,0,False
312,2024,Delhi Capitals,Axar Patel,25,24,2,0,True
312,2024,Delhi Capitals,Mitchell Marsh,34,30,2,1,True
312,2024,Delhi Capitals,Tristan Stubbs,0,3,0,0,True
312,2024,Delhi Capitals,Abishek Porel,0,11,0,0,True
312,2024,Delhi Capitals,Manish Trivedi,57,47,6,2,True
312,2024,Delhi Capitals,Sameer Nair,39,21,2,1,True
312,2024,Delhi Capitals,Kabir Bose,16,18,1,0,True
313,2024,Punjab Kings,Shikhar Dhawan,46,30,4,1,False
313,2024,Punjab Kings,Liam Livingstone,33,25,3,0,True
313,2024,Punjab Kings,Sam Curran,14,10,0,0,True
313,2024,Punjab Kings,Jitesh Sharma,13,26,0,0,True
313,2024,Punjab Kings,Prabhsimran Singh,45,28,4,1,True
313,2024,Punjab Kings,Ajay Joshi,7,7,0,0,False
313,2024,Punjab Kings,Varun Menon,44,32,4,1,False
313,2024,Punjab Kings,Deepak Chauhan,26,18,2,0,True
313,2024,Gujarat Titans,Shubman Gill,59,31,4,1,True
313,2024,Gujarat Titans,Sai Sudharsan,13,11,1,0,True
313,2024,Gujarat Titans,David Miller,26,19,2,0,False
313,2024,Gujarat Titans,Rahul Tewatia,21,19,1,0,True
313,2024,Gujarat Titans,Harsh Rao,36,27,3,1,True
313,2024,Gujarat Titans,Karan Chatterjee,21,19,2,0,True
313,2024,Gujarat Titans,Sameer Malhotra,15,16,1,0,True
313,2024,Gujarat Titans,Sameer Dubey,39,27,3,1,True
314,2024,Punjab Kings,Shikhar Dhawan,35,18,3,1,False
314,2024,Punjab Kings,Liam Livingstone,0,5,0,0,True
314,2024,Punjab Kings,Sam Curran,19,18,2,0,False
314,2024,Punjab Kings,Jitesh Sharma,12,16,0,0,False
314,2024,Punjab Kings,Prabhsimran Singh,27,33,2,1,True
314,2024,Punjab Kings,Ajay Joshi,52,28,5,1,False
314,2024,Punjab Kings,Varun Menon,11,16,0,0,True
314,2024,Punjab Kings,Deepak Chauhan,20,23,1,0,True
314,2024,Lucknow Super Giants,Nicholas Pooran,31,24,2,0,True
314,2024,Lucknow Super Giants,Ayush Badoni,47,21,3,2,True
314,2024,Lucknow Super Giants,Marcus Stoinis,14,12,1,0,False
314,2024,Lucknow Super Giants,Quinton de Kock,67,37,5,2,True
314,2024,Lucknow Super Giants,Nikhil Ghosh,39,24,2,1,True
314,2024,Lucknow Super Giants,Nikhil Reddy,35,28,2,1,True
314,2024,Lucknow Super Giants,Rohan Pillai,36,21,3,1,False
314,2024,Lucknow Super Giants,Varun Bhatt,35,21,3,1,True
315,2024,Mumbai Indians,Rohit Sharma,7,14,0,0,False
315,2024,Mumbai Indians,Suryakumar Yadav,29,26,2,0,True
315,2024,Mumbai Indians,Hardik Pandya,24,13,2,0,False
315,2024,Mumbai Indians,Ishan Kishan,34,20,3,1,False
315,2024,Mumbai Indians,Tilak Varma,47,19,2,1,True
315,2024,Mumbai Indians,Dev Rao,16,22,1,0,False
315,2024,Mumbai Indians,Karan Kapoor,64,30,4,2,True
315,2024,Mumbai Indians,Varun Nair,11,7,0,0,True
315,2024,Punjab Kings,Shikhar Dhawan,18,18,1,0,True
315,2024,Punjab Kings,Liam Livingstone,25,11,2,0,True
315,2024,Punjab Kings,Sam Curran,36,23,3,1,False
315,2024,Punjab Kings,Jitesh Sharma,18,14,1,0,True
315,2024,Punjab Kings,Prabhsimran Singh,30,23,2,1,True
315,2024,Punjab Kings,Ajay Joshi,44,41,4,1,True
315,2024,Punjab Kings,Varun Menon,0,15,0,0,False
315,2024,Punjab Kings,Deepak Chauhan,38,32,2,1,True
