match_id,season,team,player,overs,runs_conceded,wickets
1,2018,Sunrisers Hyderabad,Pat Cummins,3.0,17,2
1,2018,Sunrisers Hyderabad,Bhuvneshwar Kumar,2.0,14,3
1,2018,Sunrisers Hyderabad,Nitish Kumar Reddy,4.0,43,2
1,2018,Sunrisers Hyderabad,T Natarajan,1.6,7,1
1,2018,Sunrisers Hyderabad,Aman Pillai,2.1,16,1
1,2018,Sunrisers Hyderabad,Karthik Kulkarni,3.0,29,0
1,2018,Gujarat Titans,Rashid Khan,3.6,19,0
1,2018,Gujarat Titans,Mohammed Shami,4.0,40,0
1,2018,Gujarat Titans,Rahul Tewatia,2.1,24,2
1,2018,Gujarat Titans,Gerald Coetzee,3.0,37,1
1,2018,Gujarat Titans,Rahul Desai,2.0,17,2
1,2018,Gujarat Titans,Rahul Mishra,2.0,13,0
2,2018,Delhi Capitals,Axar Patel,2.0,9,0
2,2018,Delhi Capitals,Kuldeep Yadav,4.0,19,0
2,2018,Delhi Capitals,Mitchell Marsh,4.0,29,1
2,2018,Delhi Capitals,Ishant Sharma,3.0,29,2
2,2018,Delhi Capitals,Rahul Sinha,4.0,32,0
2,2018,Delhi Capitals,Siddharth Iyer,1.8,12,0
2,2018,Sunrisers Hyderabad,Pat Cummins,3.0,20,0
2,2018,Sunrisers Hyderabad,Bhuvneshwar Kumar,2.0,10,0
2,2018,Sunrisers Hyderabad,Nitish Kumar Reddy,2.0,11,0
2,2018,Sunrisers Hyderabad,T Natarajan,2.0,14,1
2,2018,Sunrisers Hyderabad,Aman Pillai,3.0,17,2
2,2018,Sunrisers Hyderabad,Karthik Kulkarni,2.0,16,0
3,2018,Mumbai Indians,Jasprit Bumrah,2.0,11,0
3,2018,Mumbai Indians,Hardik Pandya,3.0,25,4
3,2018,Mumbai Indians,Piyush Chawla,2.5,24,1
3,2018,Mumbai Indians,Aman Verma,2.0,17,0
3,2018,Mumbai Indians,Dev Rao,3.0,18,1
3,2018,Mumbai Indians,Aryan Pillai,4.0,21,0
3,2018,Royal Challengers Bengaluru,Glenn Maxwell,2.0,15,0
3,2018,Royal Challengers Bengaluru,Mohammed Siraj,1.4,9,0
3,2018,Royal Challengers Bengaluru,Cameron Green,4.0,35,0
3,2018,Royal Challengers Bengaluru,Yash Dayal,2.0,11,1
3,2018,Royal Challengers Bengaluru,Arjun Suresh,2.0,12,2
3,2018,Royal Challengers Bengaluru,Vikram Bose,2.0,9,2
4,2018,Rajasthan Royals,Riyan Parag,3.0,28,3
4,2018,Rajasthan Royals,Yuzvendra Chahal,4.0,23,3
4,2018,Rajasthan Royals,Trent Boult,4.0,28,0
4,2018,Rajasthan Royals,Gaurav Dubey,3.0,23,0
4,2018,Rajasthan Royals,Ajay Dubey,2.0,18,1
4,2018,Rajasthan Royals,Karan Joshi,4.0,35,1
4,2018,Lucknow Super Giants,Mayank Yadav,3.8,25,0
4,2018,Lucknow Super Giants,Ravi Bishnoi,3.0,28,0
4,2018,Lucknow Super Giants,Marcus Stoinis,3.0,21,0
4,2018,Lucknow Super Giants,Mohsin Khan,3.0,30,0
4,2018,Lucknow Super Giants,Nikhil Ghosh,4.0,38,1
4,2018,Lucknow Super Giants,Nikhil Reddy,3.0,24,2
5,2018,Mumbai Indians,Jasprit Bumrah,4.0,18,0
5,2018,Mumbai Indians,Hardik Pandya,2.0,17,3
5,2018,Mumbai Indians,Piyush Chawla,4.0,34,2
5,2018,Mumbai Indians,Aman Verma,3.5,15,0
5,2018,Mumbai Indians,Dev Rao,4.0,37,0
5,2018,Mumbai Indians,Aryan Pillai,3.9,35,0
5,2018,Kolkata Knight Riders,Andre Russell,4.0,20,0
5,2018,Kolkata Knight Riders,Sunil Narine,3.0,19,1
5,2018,Kolkata Knight Riders,Varun Chakravarthy,2.0,19,0
5,2018,Kolkata Knight Riders,Venkatesh Iyer,4.0,19,3
5,2018,Kolkata Knight Riders,Mitchell Starc,3.0,23,3
5,2018,Kolkata Knight Riders,Pranav Chauhan,3.0,19,0
6,2018,Chennai Super Kings,Ravindra Jadeja,2.0,15,0
6,2018,Chennai Super Kings,Deepak Chahar,2.0,13,0
6,2018,Chennai Super Kings,Shivam Dube,3.0,27,0
6,2018,Chennai Super Kings,Matheesha Pathirana,2.0,9,1
6,2018,Chennai Super Kings,Moeen Ali,2.5,19,2
6,2018,Chennai Super Kings,Sanjay Chauhan,2.8,18,2
6,2018,Rajasthan Royals,Riyan Parag,3.0,31,0
6,2018,Rajasthan Royals,Yuzvendra Chahal,3.0,24,0
6,2018,Rajasthan Royals,Trent Boult,4.0,19,0
6,2018,Rajasthan Royals,Gaurav Dubey,3.0,24,2
6,2018,Rajasthan Royals,Ajay Dubey,3.6,23,0
6,2018,Rajasthan Royals,Karan Joshi,4.0,37,2
7,2018,Punjab Kings,Arshdeep Singh,3.0,21,0
7,2018,Punjab Kings,Liam Livingstone,4.0,28,2
7,2018,Punjab Kings,Sam Curran,3.0,27,1
7,2018,Punjab Kings,Kagiso Rabada,4.0,30,3
7,2018,Punjab Kings,Ajay Verma,2.0,14,3
7,2018,Punjab Kings,Dev Krishnan,3.0,30,4
7,2018,Gujarat Titans,Rashid Khan,3.0,21,2
7,2018,Gujarat Titans,Mohammed Shami,3.0,20,3
7,2018,Gujarat Titans,Rahul Tewatia,1.9,14,0
7,2018,Gujarat Titans,Gerald Coetzee,4.0,30,2
7,2018,Gujarat Titans,Rahul Desai,3.0,15,1
7,2018,Gujarat Titans,Rahul Mishra,2.0,11,0
8,2018,Kolkata Knight Riders,Andre Russell,3.0,28,0
8,2018,Kolkata Knight Riders,Sunil Narine,2.4,21,0
8,2018,Kolkata Knight Riders,Varun Chakravarthy,4.0,27,0
8,2018,Kolkata Knight Riders,Venkatesh Iyer,3.0,23,1
8,2018,Kolkata Knight Riders,Mitchell Starc,4.0,23,0
8,2018,Kolkata Knight Riders,Pranav Chauhan,2.0,12,0
8,2018,Lucknow Super Giants,Mayank Yadav,2.0,9,2
8,2018,Lucknow Super Giants,Ravi Bishnoi,2.0,17,4
8,2018,Lucknow Super Giants,Marcus Stoinis,4.0,35,0
8,2018,Lucknow Super Giants,Mohsin Khan,3.0,24,4
8,2018,Lucknow Super Giants,Nikhil Ghosh,3.0,23,2
8,2018,Lucknow Super Giants,Nikhil Reddy,1.6,15,2
9,2018,Royal Challengers Bengaluru,Glenn Maxwell,3.0,21,1
9,2018,Royal Challengers Bengaluru,Mohammed Siraj,2.0,16,0
9,2018,Royal Challengers Bengaluru,Cameron Green,3.0,31,0
9,2018,Royal Challengers Bengaluru,Yash Dayal,2.1,10,0
9,2018,Royal Challengers Bengaluru,Arjun Suresh,4.0,18,0
9,2018,Royal Challengers Bengaluru,Vikram Bose,3.0,18,0
9,2018,Gujarat Titans,Rashid Khan,4.0,21,0
9,2018,Gujarat Titans,Mohammed Shami,4.0,29,0
9,2018,Gujarat Titans,Rahul Tewatia,4.0,34,2
9,2018,Gujarat Titans,Gerald Coetzee,4.0,25,0
9,2018,Gujarat Titans,Rahul Desai,2.5,16,0
9,2018,Gujarat Titans,Rahul Mishra,4.0,31,0
10,2018,Chennai Super Kings,Ravindra Jadeja,2.0,17,0
10,2018,Chennai Super Kings,Deepak Chahar,4.0,34,0
10,2018,Chennai Super Kings,Shivam Dube,1.8,13,0
10,2018,Chennai Super Kings,Matheesha Pathirana,2.0,12,0
10,2018,Chennai Super Kings,Moeen Ali,2.0,16,0
10,2018,Chennai Super Kings,Sanjay Chauhan,2.0,10,0
10,2018,Delhi Capitals,Axar Patel,2.0,17,4
10,2018,Delhi Capitals,Kuldeep Yadav,2.5,15,0
10,2018,Delhi Capitals,Mitchell Marsh,2.0,17,2
10,2018,Delhi Capitals,Ishant Sharma,2.3,16,2
10,2018,Delhi Capitals,Rahul Sinha,2.0,10,4
10,2018,Delhi Capitals,Siddharth Iyer,4.0,20,1
11,2018,Kolkata Knight Riders,Andre Russell,2.0,20,0
11,2018,Kolkata Knight Riders,Sunil Narine,3.4,31,0
11,2018,Kolkata Knight Riders,Varun Chakravarthy,3.0,26,0
11,2018,Kolkata Knight Riders,Venkatesh Iyer,3.0,24,1
11,2018,Kolkata Knight Riders,Mitchell Starc,3.0,17,2
11,2018,Kolkata Knight Riders,Pranav Chauhan,4.0,28,2
11,2018,Sunrisers Hyderabad,Pat Cummins,1.1,7,0
11,2018,Sunrisers Hyderabad,Bhuvneshwar Kumar,2.9,22,0
11,2018,Sunrisers Hyderabad,Nitish Kumar Reddy,3.0,33,0
11,2018,Sunrisers Hyderabad,T Natarajan,3.0,20,0
11,2018,Sunrisers Hyderabad,Aman Pillai,4.0,42,1
11,2018,Sunrisers Hyderabad,Karthik Kulkarni,2.0,15,0
12,2018,Chennai Super Kings,Ravindra Jadeja,1.8,12,0
12,2018,Chennai Super Kings,Deepak Chahar,4.0,32,1
12,2018,Chennai Super Kings,Shivam Dube,3.0,18,0
12,2018,Chennai Super Kings,Matheesha Pathirana,4.0,29,0
12,2018,Chennai Super Kings,Moeen Ali,3.0,19,0
12,2018,Chennai Super Kings,Sanjay Chauhan,4.0,38,0
12,2018,Gujarat Titans,Rashid Khan,3.0,15,2
12,2018,Gujarat Titans,Mohammed Shami,2.0,13,0
12,2018,Gujarat Titans,Rahul Tewatia,3.2,29,1
12,2018,Gujarat Titans,Gerald Coetzee,2.0,13,2
12,2018,Gujarat Titans,Rahul Desai,4.0,23,1
12,2018,Gujarat Titans,Rahul Mishra,2.8,22,0
13,2018,Delhi Capitals,Axar Patel,4.0,32,0
13,2018,Delhi Capitals,Kuldeep Yadav,2.0,18,0
13,2018,Delhi Capitals,Mitchell Marsh,3.0,24,3
13,2018,Delhi Capitals,Ishant Sharma,3.0,16,0
13,2018,Delhi Capitals,Rahul Sinha,2.0,16,3
13,2018,Delhi Capitals,Siddharth Iyer,3.0,27,0
13,2018,Gujarat Titans,Rashid Khan,4.0,31,1
13,2018,Gujarat Titans,Mohammed Shami,2.0,15,1
13,2018,Gujarat Titans,Rahul Tewatia,4.0,28,0
13,2018,Gujarat Titans,Gerald Coetzee,2.0,14,1
13,2018,Gujarat Titans,Rahul Desai,4.0,38,0
13,2018,Gujarat Titans,Rahul Mishra,2.0,20,0
14,2018,Kolkata Knight Riders,Andre Russell,4.0,28,2
14,2018,Kolkata Knight Riders,Sunil Narine,1.5,10,0
14,2018,Kolkata Knight Riders,Varun Chakravarthy,3.0,16,0
14,2018,Kolkata Knight Riders,Venkatesh Iyer,2.0,13,0
14,2018,Kolkata Knight Riders,Mitchell Starc,4.0,36,0
14,2018,Kolkata Knight Riders,Pranav Chauhan,4.0,23,0
14,2018,Gujarat Titans,Rashid Khan,4.0,20,1
14,2018,Gujarat Titans,Mohammed Shami,3.0,29,0
14,2018,Gujarat Titans,Rahul Tewatia,4.0,50,0
14,2018,Gujarat Titans,Gerald Coetzee,4.0,36,0
14,2018,Gujarat Titans,Rahul Desai,2.0,11,0
14,2018,Gujarat Titans,Rahul Mishra,3.0,23,0
15,2018,Mumbai Indians,Jasprit Bumrah,3.9,23,0
15,2018,Mumbai Indians,Hardik Pandya,3.0,21,1
15,2018,Mumbai Indians,Piyush Chawla,4.0,33,2
15,2018,Mumbai Indians,Aman Verma,3.0,19,1
15,2018,Mumbai Indians,Dev Rao,3.0,27,1
15,2018,Mumbai Indians,Aryan Pillai,3.0,15,0
15,2018,Rajasthan Royals,Riyan Parag,3.0,30,0
15,2018,Rajasthan Royals,Yuzvendra Chahal,3.0,20,0
15,2018,Rajasthan Royals,Trent Boult,2.0,19,1
15,2018,Rajasthan Royals,Gaurav Dubey,3.0,26,1
15,2018,Rajasthan Royals,Ajay Dubey,4.0,31,0
15,2018,Rajasthan Royals,Karan Joshi,3.0,19,0
16,2018,Rajasthan Royals,Riyan Parag,3.0,21,0
16,2018,Rajasthan Royals,Yuzvendra Chahal,2.0,10,0
16,2018,Rajasthan Royals,Trent Boult,2.0,9,0
16,2018,Rajasthan Royals,Gaurav Dubey,2.0,13,2
16,2018,Rajasthan Royals,Ajay Dubey,3.0,14,1
16,2018,Rajasthan Royals,Karan Joshi,2.0,13,1
16,2018,Gujarat Titans,Rashid Khan,4.0,41,1
16,2018,Gujarat Titans,Mohammed Shami,4.0,34,0
16,2018,Gujarat Titans,Rahul Tewatia,2.0,12,1
16,2018,Gujarat Titans,Gerald Coetzee,2.0,16,1
16,2018,Gujarat Titans,Rahul Desai,2.0,12,0
16,2018,Gujarat Titans,Rahul Mishra,1.3,11,1
17,2018,Kolkata Knight Riders,Andre Russell,3.0,26,0
17,2018,Kolkata Knight Riders,Sunil Narine,1.9,15,1
17,2018,Kolkata Knight Riders,Varun Chakravarthy,2.0,18,1
17,2018,Kolkata Knight Riders,Venkatesh Iyer,4.0,34,0
17,2018,Kolkata Knight Riders,Mitchell Starc,4.0,31,0
17,2018,Kolkata Knight Riders,Pranav Chauhan,2.0,10,0
17,2018,Rajasthan Royals,Riyan Parag,2.0,14,3
17,2018,Rajasthan Royals,Yuzvendra Chahal,2.0,11,0
17,2018,Rajasthan Royals,Trent Boult,4.0,29,2
17,2018,Rajasthan Royals,Gaurav Dubey,2.0,13,0
17,2018,Rajasthan Royals,Ajay Dubey,4.0,42,0
17,2018,Rajasthan Royals,Karan Joshi,3.0,13,1
18,2018,Delhi Capitals,Axar Patel,4.0,33,0
18,2018,Delhi Capitals,Kuldeep Yadav,2.7,19,0
18,2018,Delhi Capitals,Mitchell Marsh,2.0,11,0
18,2018,Delhi Capitals,Ishant Sharma,4.0,32,0
18,2018,Delhi Capitals,Rahul Sinha,2.0,15,0
18,2018,Delhi Capitals,Siddharth Iyer,2.0,13,1
18,2018,Lucknow Super Giants,Mayank Yadav,1.4,12,1
18,2018,Lucknow Super Giants,Ravi Bishnoi,4.0,24,2
18,2018,Lucknow Super Giants,Marcus Stoinis,4.0,30,0
18,2018,Lucknow Super Giants,Mohsin Khan,3.0,23,0
18,2018,Lucknow Super Giants,Nikhil Ghosh,3.0,21,1
18,2018,Lucknow Super Giants,Nikhil Reddy,2.0,12,0
19,2018,Gujarat Titans,Rashid Khan,3.0,21,1
19,2018,Gujarat Titans,Mohammed Shami,1.1,6,2
19,2018,Gujarat Titans,Rahul Tewatia,4.0,30,1
19,2018,Gujarat Titans,Gerald Coetzee,2.0,17,0
19,2018,Gujarat Titans,Rahul Desai,3.6,20,0
19,2018,Gujarat Titans,Rahul Mishra,4.0,18,1
19,2018,Lucknow Super Giants,Mayank Yadav,3.0,19,0
19,2018,Lucknow Super Giants,Ravi Bishnoi,3.0,13,1
19,2018,Lucknow Super Giants,Marcus Stoinis,2.0,22,2
19,2018,Lucknow Super Giants,Mohsin Khan,2.0,14,0
19,2018,Lucknow Super Giants,Nikhil Ghosh,3.0,19,2
19,2018,Lucknow Super Giants,Nikhil Reddy,3.5,23,1
20,2018,Punjab Kings,Arshdeep Singh,3.0,24,0
20,2018,Punjab Kings,Liam Livingstone,4.0,34,0
20,2018,Punjab Kings,Sam Curran,2.6,22,0
20,2018,Punjab Kings,Kagiso Rabada,3.0,23,4
20,2018,Punjab Kings,Ajay Verma,3.0,13,2
20,2018,Punjab Kings,Dev Krishnan,2.0,12,0
20,2018,Rajasthan Royals,Riyan Parag,3.0,17,2
20,2018,Rajasthan Royals,Yuzvendra Chahal,3.0,26,0
20,2018,Rajasthan Royals,Trent Boult,1.6,13,2
20,2018,Rajasthan Royals,Gaurav Dubey,2.4,19,0
20,2018,Rajasthan Royals,Ajay Dubey,3.0,19,0
20,2018,Rajasthan Royals,Karan Joshi,2.0,14,2
21,2018,Mumbai Indians,Jasprit Bumrah,2.0,20,0
21,2018,Mumbai Indians,Hardik Pandya,2.0,15,0
21,2018,Mumbai Indians,Piyush Chawla,4.0,37,0
21,2018,Mumbai Indians,Aman Verma,3.0,28,0
21,2018,Mumbai Indians,Dev Rao,4.0,21,0
21,2018,Mumbai Indians,Aryan Pillai,2.0,16,0
21,2018,Sunrisers Hyderabad,Pat Cummins,4.0,24,0
21,2018,Sunrisers Hyderabad,Bhuvneshwar Kumar,1.7,14,1
21,2018,Sunrisers Hyderabad,Nitish Kumar Reddy,2.0,15,1
21,2018,Sunrisers Hyderabad,T Natarajan,2.0,10,2
21,2018,Sunrisers Hyderabad,Aman Pillai,4.0,33,2
21,2018,Sunrisers Hyderabad,Karthik Kulkarni,4.0,32,2
22,2018,Chennai Super Kings,Ravindra Jadeja,2.0,26,1
22,2018,Chennai Super Kings,Deepak Chahar,4.0,24,0
22,2018,Chennai Super Kings,Shivam Dube,3.0,22,0
22,2018,Chennai Super Kings,Matheesha Pathirana,2.9,23,1
22,2018,Chennai Super Kings,Moeen Ali,3.0,15,0
22,2018,Chennai Super Kings,Sanjay Chauhan,4.0,25,1
22,2018,Sunrisers Hyderabad,Pat Cummins,4.0,33,1
22,2018,Sunrisers Hyderabad,Bhuvneshwar Kumar,2.0,13,1
22,2018,Sunrisers Hyderabad,Nitish Kumar Reddy,3.0,15,0
22,2018,Sunrisers Hyderabad,T Natarajan,3.0,23,0
22,2018,Sunrisers Hyderabad,Aman Pillai,2.0,19,2
22,2018,Sunrisers Hyderabad,Karthik Kulkarni,4.0,24,0
23,2018,Rajasthan Royals,Riyan Parag,1.3,11,0
23,2018,Rajasthan Royals,Yuzvendra Chahal,2.0,10,0
23,2018,Rajasthan Royals,Trent Boult,3.0,22,0
23,2018,Rajasthan Royals,Gaurav Dubey,2.0,9,0
23,2018,Rajasthan Royals,Ajay Dubey,4.0,29,0
23,2018,Rajasthan Royals,Karan Joshi,2.0,14,0
23,2018,Sunrisers Hyderabad,Pat Cummins,3.0,16,1
23,2018,Sunrisers Hyderabad,Bhuvneshwar Kumar,2.0,9,0
23,2018,Sunrisers Hyderabad,Nitish Kumar Reddy,2.0,11,4
23,2018,Sunrisers Hyderabad,T Natarajan,2.3,18,0
23,2018,Sunrisers Hyderabad,Aman Pillai,3.0,23,0
23,2018,Sunrisers Hyderabad,Karthik Kulkarni,4.0,20,1
24,2018,Royal Challengers Bengaluru,Glenn Maxwell,3.0,31,2
24,2018,Royal Challengers Bengaluru,Mohammed Siraj,4.0,40,2
24,2018,Royal Challengers Bengaluru,Cameron Green,4.0,44,2
24,2018,Royal Challengers Bengaluru,Yash Dayal,3.0,21,0
24,2018,Royal Challengers Bengaluru,Arjun Suresh,3.0,13,0
24,2018,Royal Challengers Bengaluru,Vikram Bose,4.0,32,2
24,2018,Punjab Kings,Arshdeep Singh,4.0,18,0
24,2018,Punjab Kings,Liam Livingstone,4.0,27,2
24,2018,Punjab Kings,Sam Curran,3.0,24,0
24,2018,Punjab Kings,Kagiso Rabada,2.0,13,0
24,2018,Punjab Kings,Ajay Verma,3.1,20,0
24,2018,Punjab Kings,Dev Krishnan,3.0,19,0
25,2018,Kolkata Knight Riders,Andre Russell,3.0,15,0
25,2018,Kolkata Knight Riders,Sunil Narine,2.0,17,0
25,2018,Kolkata Knight Riders,Varun Chakravarthy,2.0,15,2
25,2018,Kolkata Knight Riders,Venkatesh Iyer,2.0,18,0
25,2018,Kolkata Knight Riders,Mitchell Starc,1.8,8,2
25,2018,Kolkata Knight Riders,Pranav Chauhan,3.0,15,0
25,2018,Punjab Kings,Arshdeep Singh,4.0,35,1
25,2018,Punjab Kings,Liam Livingstone,3.0,20,2
25,2018,Punjab Kings,Sam Curran,1.6,14,0
25,2018,Punjab Kings,Kagiso Rabada,1.9,17,0
25,2018,Punjab Kings,Ajay Verma,4.0,44,0
25,2018,Punjab Kings,Dev Krishnan,1.5,9,0
26,2018,Mumbai Indians,Jasprit Bumrah,3.0,20,0
26,2018,Mumbai Indians,Hardik Pandya,2.0,10,0
26,2018,Mumbai Indians,Piyush Chawla,3.0,23,1
26,2018,Mumbai Indians,Aman Verma,4.0,39,0
26,2018,Mumbai Indians,Dev Rao,4.0,27,2
26,2018,Mumbai Indians,Aryan Pillai,3.0,20,0
26,2018,Punjab Kings,Arshdeep Singh,3.0,13,0
26,2018,Punjab Kings,Liam Livingstone,2.0,16,0
26,2018,Punjab Kings,Sam Curran,4.0,37,0
26,2018,Punjab Kings,Kagiso Rabada,3.0,37,1
26,2018,Punjab Kings,Ajay Verma,3.0,21,0
26,2018,Punjab Kings,Dev Krishnan,2.0,17,2
27,2018,Kolkata Knight Riders,Andre Russell,3.0,16,0
27,2018,Kolkata Knight Riders,Sunil Narine,3.0,27,2
27,2018,Kolkata Knight Riders,Varun Chakravarthy,2.0,16,0
27,2018,Kolkata Knight Riders,Venkatesh Iyer,2.5,16,0
27,2018,Kolkata Knight Riders,Mitchell Starc,1.8,9,0
27,2018,Kolkata Knight Riders,Pranav Chauhan,3.0,23,0
27,2018,Delhi Capitals,Axar Patel,3.0,20,1
27,2018,Delhi Capitals,Kuldeep Yadav,2.0,15,1
27,2018,Delhi Capitals,Mitchell Marsh,1.7,13,2
27,2018,Delhi Capitals,Ishant Sharma,3.0,20,0
27,2018,Delhi Capitals,Rahul Sinha,3.0,30,0
27,2018,Delhi Capitals,Siddharth Iyer,1.5,19,2
28,2018,Chennai Super Kings,Ravindra Jadeja,3.0,26,0
28,2018,Chennai Super Kings,Deepak Chahar,2.0,14,0
28,2018,Chennai Super Kings,Shivam Dube,4.0,36,1
28,2018,Chennai Super Kings,Matheesha Pathirana,2.0,14,0
28,2018,Chennai Super Kings,Moeen Ali,3.2,21,0
28,2018,Chennai Super Kings,Sanjay Chauhan,4.0,25,1
28,2018,Lucknow Super Giants,Mayank Yadav,4.0,36,0
28,2018,Lucknow Super Giants,Ravi Bishnoi,3.0,28,0
28,2018,Lucknow Super Giants,Marcus Stoinis,4.0,31,0
28,2018,Lucknow Super Giants,Mohsin Khan,3.0,19,0
28,2018,Lucknow Super Giants,Nikhil Ghosh,3.0,28,1
28,2018,Lucknow Super Giants,Nikhil Reddy,2.7,28,0
29,2018,Punjab Kings,Arshdeep Singh,4.0,24,1
29,2018,Punjab Kings,Liam Livingstone,3.0,28,1
29,2018,Punjab Kings,Sam Curran,2.0,13,0
29,2018,Punjab Kings,Kagiso Rabada,3.0,17,1
29,2018,Punjab Kings,Ajay Verma,2.0,19,0
29,2018,Punjab Kings,Dev Krishnan,4.0,29,0
29,2018,Sunrisers Hyderabad,Pat Cummins,4.0,27,0
29,2018,Sunrisers Hyderabad,Bhuvneshwar Kumar,2.0,17,0
29,2018,Sunrisers Hyderabad,Nitish Kumar Reddy,3.0,23,0
29,2018,Sunrisers Hyderabad,T Natarajan,2.0,21,1
29,2018,Sunrisers Hyderabad,Aman Pillai,2.0,13,3
29,2018,Sunrisers Hyderabad,Karthik Kulkarni,2.0,13,0
30,2018,Royal Challengers Bengaluru,Glenn Maxwell,1.7,9,2
30,2018,Royal Challengers Bengaluru,Mohammed Siraj,2.0,18,0
30,2018,Royal Challengers Bengaluru,Cameron Green,3.0,19,0
30,2018,Royal Challengers Bengaluru,Yash Dayal,3.0,25,0
30,2018,Royal Challengers Bengaluru,Arjun Suresh,2.0,11,1
30,2018,Royal Challengers Bengaluru,Vikram Bose,2.0,21,1
30,2018,Kolkata Knight Riders,Andre Russell,2.0,20,0
30,2018,Kolkata Knight Riders,Sunil Narine,2.0,15,0
30,2018,Kolkata Knight Riders,Varun Chakravarthy,4.0,32,0
30,2018,Kolkata Knight Riders,Venkatesh Iyer,3.0,20,2
30,2018,Kolkata Knight Riders,Mitchell Starc,3.0,21,2
30,2018,Kolkata Knight Riders,Pranav Chauhan,3.0,14,0
31,2018,Mumbai Indians,Jasprit Bumrah,2.0,11,1
31,2018,Mumbai Indians,Hardik Pandya,4.0,28,0
31,2018,Mumbai Indians,Piyush Chawla,4.0,18,2
31,2018,Mumbai Indians,Aman Verma,4.0,30,0
31,2018,Mumbai Indians,Dev Rao,2.0,19,1
31,2018,Mumbai Indians,Aryan Pillai,3.0,17,2
31,2018,Chennai Super Kings,Ravindra Jadeja,4.0,30,0
31,2018,Chennai Super Kings,Deepak Chahar,4.0,25,0
31,2018,Chennai Super Kings,Shivam Dube,3.0,27,0
31,2018,Chennai Super Kings,Matheesha Pathirana,2.0,15,3
31,2018,Chennai Super Kings,Moeen Ali,2.0,19,0
31,2018,Chennai Super Kings,Sanjay Chauhan,3.0,20,0
32,2018,Punjab Kings,Arshdeep Singh,2.0,19,0
32,2018,Punjab Kings,Liam Livingstone,2.0,14,0
32,2018,Punjab Kings,Sam Curran,2.0,11,1
32,2018,Punjab Kings,Kagiso Rabada,3.0,28,2
32,2018,Punjab Kings,Ajay Verma,2.0,14,0
32,2018,Punjab Kings,Dev Krishnan,3.0,20,1
32,2018,Lucknow Super Giants,Mayank Yadav,4.0,25,0
32,2018,Lucknow Super Giants,Ravi Bishnoi,2.0,15,2
32,2018,Lucknow Super Giants,Marcus Stoinis,3.0,22,0
32,2018,Lucknow Super Giants,Mohsin Khan,3.8,37,3
32,2018,Lucknow Super Giants,Nikhil Ghosh,3.5,39,0
32,2018,Lucknow Super Giants,Nikhil Reddy,4.0,37,0
33,2018,Delhi Capitals,Axar Patel,4.0,38,1
33,2018,Delhi Capitals,Kuldeep Yadav,4.0,18,1
33,2018,Delhi Capitals,Mitchell Marsh,2.0,19,0
33,2018,Delhi Capitals,Ishant Sharma,2.7,18,3
33,2018,Delhi Capitals,Rahul Sinha,2.0,13,0
33,2018,Delhi Capitals,Siddharth Iyer,3.0,21,0
33,2018,Rajasthan Royals,Riyan Parag,2.0,17,0
33,2018,Rajasthan Royals,Yuzvendra Chahal,2.0,20,0
33,2018,Rajasthan Royals,Trent Boult,4.0,34,0
33,2018,Rajasthan Royals,Gaurav Dubey,2.0,10,0
33,2018,Rajasthan Royals,Ajay Dubey,2.0,15,3
33,2018,Rajasthan Royals,Karan Joshi,3.0,33,0
34,2018,Mumbai Indians,Jasprit Bumrah,2.0,16,0
34,2018,Mumbai Indians,Hardik Pandya,2.0,18,2
34,2018,Mumbai Indians,Piyush Chawla,3.0,19,0
34,2018,Mumbai Indians,Aman Verma,4.0,27,0
34,2018,Mumbai Indians,Dev Rao,3.0,25,3
34,2018,Mumbai Indians,Aryan Pillai,3.0,24,1
34,2018,Gujarat Titans,Rashid Khan,3.0,28,1
34,2018,Gujarat Titans,Mohammed Shami,2.0,17,0
34,2018,Gujarat Titans,Rahul Tewatia,2.0,12,1
34,2018,Gujarat Titans,Gerald Coetzee,1.9,10,1
34,2018,Gujarat Titans,Rahul Desai,3.0,26,0
34,2018,Gujarat Titans,Rahul Mishra,2.0,9,0
35,2018,Royal Challengers Bengaluru,Glenn Maxwell,3.0,24,0
35,2018,Royal Challengers Bengaluru,Mohammed Siraj,4.0,28,1
35,2018,Royal Challengers Bengaluru,Cameron Green,2.0,13,2
35,2018,Royal Challengers Bengaluru,Yash Dayal,3.0,21,2
35,2018,Royal Challengers Bengaluru,Arjun Suresh,3.0,14,1
35,2018,Royal Challengers Bengaluru,Vikram Bose,4.0,34,0
35,2018,Sunrisers Hyderabad,Pat Cummins,4.0,32,0
35,2018,Sunrisers Hyderabad,Bhuvneshwar Kumar,3.0,19,2
35,2018,Sunrisers Hyderabad,Nitish Kumar Reddy,2.0,18,0
35,2018,Sunrisers Hyderabad,T Natarajan,3.2,24,0
35,2018,Sunrisers Hyderabad,Aman Pillai,3.6,24,2
35,2018,Sunrisers Hyderabad,Karthik Kulkarni,4.0,26,0
36,2018,Sunrisers Hyderabad,Pat Cummins,3.0,20,1
36,2018,Sunrisers Hyderabad,Bhuvneshwar Kumar,3.0,23,2
36,2018,Sunrisers Hyderabad,Nitish Kumar Reddy,4.0,33,0
36,2018,Sunrisers Hyderabad,T Natarajan,3.0,13,0
36,2018,Sunrisers Hyderabad,Aman Pillai,4.0,39,0
36,2018,Sunrisers Hyderabad,Karthik Kulkarni,2.0,10,2
36,2018,Lucknow Super Giants,Mayank Yadav,3.0,29,0
36,2018,Lucknow Super Giants,Ravi Bishnoi,3.0,30,0
36,2018,Lucknow Super Giants,Marcus Stoinis,4.0,43,0
36,2018,Lucknow Super Giants,Mohsin Khan,3.0,18,0
36,2018,Lucknow Super Giants,Nikhil Ghosh,2.5,25,0
36,2018,Lucknow Super Giants,Nikhil Reddy,3.0,19,0
37,2018,Chennai Super Kings,Ravindra Jadeja,3.0,19,0
37,2018,Chennai Super Kings,Deepak Chahar,4.0,20,0
37,2018,Chennai Super Kings,Shivam Dube,4.0,39,0
37,2018,Chennai Super Kings,Matheesha Pathirana,3.0,22,1
37,2018,Chennai Super Kings,Moeen Ali,2.0,15,0
37,2018,Chennai Super Kings,Sanjay Chauhan,2.0,13,0
37,2018,Kolkata Knight Riders,Andre Russell,4.0,51,1
37,2018,Kolkata Knight Riders,Sunil Narine,4.0,25,1
37,2018,Kolkata Knight Riders,Varun Chakravarthy,3.0,19,4
37,2018,Kolkata Knight Riders,Venkatesh Iyer,1.7,14,0
37,2018,Kolkata Knight Riders,Mitchell Starc,2.0,12,0
37,2018,Kolkata Knight Riders,Pranav Chauhan,2.0,16,1
38,2018,Royal Challengers Bengaluru,Glenn Maxwell,3.0,15,1
38,2018,Royal Challengers Bengaluru,Mohammed Siraj,2.0,25,1
38,2018,Royal Challengers Bengaluru,Cameron Green,2.1,15,0
38,2018,Royal Challengers Bengaluru,Yash Dayal,2.0,14,1
38,2018,Royal Challengers Bengaluru,Arjun Suresh,3.0,27,0
38,2018,Royal Challengers Bengaluru,Vikram Bose,3.9,26,0
38,2018,Lucknow Super Giants,Mayank Yadav,4.0,21,0
38,2018,Lucknow Super Giants,Ravi Bishnoi,2.0,15,1
38,2018,Lucknow Super Giants,Marcus Stoinis,4.0,32,2
38,2018,Lucknow Super Giants,Mohsin Khan,2.0,11,1
38,2018,Lucknow Super Giants,Nikhil Ghosh,2.0,13,0
38,2018,Lucknow Super Giants,Nikhil Reddy,4.0,38,0
39,2018,Royal Challengers Bengaluru,Glenn Maxwell,2.0,13,0
39,2018,Royal Challengers Bengaluru,Mohammed Siraj,3.0,13,2
39,2018,Royal Challengers Bengaluru,Cameron Green,4.0,25,0
39,2018,Royal Challengers Bengaluru,Yash Dayal,4.0,40,1
39,2018,Royal Challengers Bengaluru,Arjun Suresh,4.0,18,0
39,2018,Royal Challengers Bengaluru,Vikram Bose,2.0,17,2
39,2018,Delhi Capitals,Axar Patel,2.8,23,2
39,2018,Delhi Capitals,Kuldeep Yadav,2.0,11,0
39,2018,Delhi Capitals,Mitchell Marsh,3.8,29,0
39,2018,Delhi Capitals,Ishant Sharma,4.0,25,0
39,2018,Delhi Capitals,Rahul Sinha,2.0,14,0
39,2018,Delhi Capitals,Siddharth Iyer,2.0,12,0
40,2018,Chennai Super Kings,Ravindra Jadeja,1.9,18,1
40,2018,Chennai Super Kings,Deepak Chahar,3.0,20,0
40,2018,Chennai Super Kings,Shivam Dube,1.8,14,3
40,2018,Chennai Super Kings,Matheesha Pathirana,2.0,13,1
40,2018,Chennai Super Kings,Moeen Ali,2.0,23,1
40,2018,Chennai Super Kings,Sanjay Chauhan,2.0,13,1
40,2018,Punjab Kings,Arshdeep Singh,4.0,35,0
40,2018,Punjab Kings,Liam Livingstone,2.0,21,1
40,2018,Punjab Kings,Sam Curran,1.6,11,0
40,2018,Punjab Kings,Kagiso Rabada,3.0,24,3
40,2018,Punjab Kings,Ajay Verma,4.0,29,0
40,2018,Punjab Kings,Dev Krishnan,2.0,9,0
41,2018,Mumbai Indians,Jasprit Bumrah,3.0,26,4
41,2018,Mumbai Indians,Hardik Pandya,2.0,16,0
41,2018,Mumbai Indians,Piyush Chawla,2.0,19,1
41,2018,Mumbai Indians,Aman Verma,3.0,24,0
41,2018,Mumbai Indians,Dev Rao,3.0,25,1
41,2018,Mumbai Indians,Aryan Pillai,1.7,13,0
41,2018,Delhi Capitals,Axar Patel,2.0,13,1
41,2018,Delhi Capitals,Kuldeep Yadav,4.0,31,2
41,2018,Delhi Capitals,Mitchell Marsh,2.0,14,0
41,2018,Delhi Capitals,Ishant Sharma,4.0,18,0
41,2018,Delhi Capitals,Rahul Sinha,1.7,13,0
41,2018,Delhi Capitals,Siddharth Iyer,3.0,28,1
42,2018,Chennai Super Kings,Ravindra Jadeja,1.4,6,0
42,2018,Chennai Super Kings,Deepak Chahar,3.0,23,0
42,2018,Chennai Super Kings,Shivam Dube,4.0,53,0
42,2018,Chennai Super Kings,Matheesha Pathirana,4.0,34,1
42,2018,Chennai Super Kings,Moeen Ali,3.0,27,0
42,2018,Chennai Super Kings,Sanjay Chauhan,3.0,22,2
42,2018,Royal Challengers Bengaluru,Glenn Maxwell,2.0,12,0
42,2018,Royal Challengers Bengaluru,Mohammed Siraj,3.7,32,0
42,2018,Royal Challengers Bengaluru,Cameron Green,4.0,37,2
42,2018,Royal Challengers Bengaluru,Yash Dayal,3.0,22,0
42,2018,Royal Challengers Bengaluru,Arjun Suresh,3.0,19,1
42,2018,Royal Challengers Bengaluru,Vikram Bose,2.0,9,0
43,2018,Royal Challengers Bengaluru,Glenn Maxwell,3.0,23,1
43,2018,Royal Challengers Bengaluru,Mohammed Siraj,2.0,16,1
43,2018,Royal Challengers Bengaluru,Cameron Green,4.0,29,0
43,2018,Royal Challengers Bengaluru,Yash Dayal,4.0,22,1
43,2018,Royal Challengers Bengaluru,Arjun Suresh,3.0,13,3
43,2018,Royal Challengers Bengaluru,Vikram Bose,4.0,19,0
43,2018,Rajasthan Royals,Riyan Parag,4.0,30,0
43,2018,Rajasthan Royals,Yuzvendra Chahal,2.9,30,0
43,2018,Rajasthan Royals,Trent Boult,2.0,11,0
43,2018,Rajasthan Royals,Gaurav Dubey,2.0,16,1
43,2018,Rajasthan Royals,Ajay Dubey,3.7,29,4
43,2018,Rajasthan Royals,Karan Joshi,2.0,11,0
44,2018,Mumbai Indians,Jasprit Bumrah,2.0,9,1
44,2018,Mumbai Indians,Hardik Pandya,4.0,24,3
44,2018,Mumbai Indians,Piyush Chawla,4.0,27,1
44,2018,Mumbai Indians,Aman Verma,2.0,9,0
44,2018,Mumbai Indians,Dev Rao,2.1,15,1
44,2018,Mumbai Indians,Aryan Pillai,2.0,15,1
44,2018,Lucknow Super Giants,Mayank Yadav,4.0,41,1
44,2018,Lucknow Super Giants,Ravi Bishnoi,2.0,9,0
44,2018,Lucknow Super Giants,Marcus Stoinis,2.7,21,2
44,2018,Lucknow Super Giants,Mohsin Khan,4.0,35,3
44,2018,Lucknow Super Giants,Nikhil Ghosh,1.8,16,0
44,2018,Lucknow Super Giants,Nikhil Reddy,4.0,25,0
45,2018,Delhi Capitals,Axar Patel,2.0,18,0
45,2018,Delhi Capitals,Kuldeep Yadav,4.0,43,1
45,2018,Delhi Capitals,Mitchell Marsh,3.0,22,0
45,2018,Delhi Capitals,Ishant Sharma,4.0,37,0
45,2018,Delhi Capitals,Rahul Sinha,4.0,32,1
45,2018,Delhi Capitals,Siddharth Iyer,3.0,23,0
45,2018,Punjab Kings,Arshdeep Singh,4.0,33,0
45,2018,Punjab Kings,Liam Livingstone,2.8,21,0
45,2018,Punjab Kings,Sam Curran,3.0,23,0
45,2018,Punjab Kings,Kagiso Rabada,4.0,23,0
45,2018,Punjab Kings,Ajay Verma,2.0,18,2
45,2018,Punjab Kings,Dev Krishnan,4.0,33,0
46,2019,Mumbai Indians,Jasprit Bumrah,2.0,12,0
46,2019,Mumbai Indians,Hardik Pandya,3.1,31,2
46,2019,Mumbai Indians,Piyush Chawla,4.0,27,1
46,2019,Mumbai Indians,Aman Verma,3.0,25,1
46,2019,Mumbai Indians,Dev Rao,2.1,20,2
46,2019,Mumbai Indians,Aryan Pillai,4.0,18,1
46,2019,Lucknow Super Giants,Mayank Yadav,2.0,15,1
46,2019,Lucknow Super Giants,Ravi Bishnoi,2.0,17,0
46,2019,Lucknow Super Giants,Marcus Stoinis,4.0,36,2
46,2019,Lucknow Super Giants,Mohsin Khan,4.0,20,0
46,2019,Lucknow Super Giants,Nikhil Ghosh,2.0,17,2
46,2019,Lucknow Super Giants,Nikhil Reddy,3.0,18,1
47,2019,Punjab Kings,Arshdeep Singh,2.0,10,4
47,2019,Punjab Kings,Liam Livingstone,4.0,32,0
47,2019,Punjab Kings,Sam Curran,3.0,20,0
47,2019,Punjab Kings,Kagiso Rabada,2.7,14,0
47,2019,Punjab Kings,Ajay Verma,2.0,9,1
47,2019,Punjab Kings,Dev Krishnan,4.0,36,0
47,2019,Sunrisers Hyderabad,Pat Cummins,2.4,15,0
47,2019,Sunrisers Hyderabad,Bhuvneshwar Kumar,2.0,9,1
47,2019,Sunrisers Hyderabad,Nitish Kumar Reddy,2.0,11,0
47,2019,Sunrisers Hyderabad,T Natarajan,4.0,20,1
47,2019,Sunrisers Hyderabad,Aman Pillai,4.0,32,0
47,2019,Sunrisers Hyderabad,Karthik Kulkarni,4.0,22,0
48,2019,Rajasthan Royals,Riyan Parag,2.2,16,3
48,2019,Rajasthan Royals,Yuzvendra Chahal,4.0,23,0
48,2019,Rajasthan Royals,Trent Boult,2.0,13,2
48,2019,Rajasthan Royals,Gaurav Dubey,2.0,15,0
48,2019,Rajasthan Royals,Ajay Dubey,4.0,32,0
48,2019,Rajasthan Royals,Karan Joshi,3.7,20,0
48,2019,Gujarat Titans,Rashid Khan,4.0,18,0
48,2019,Gujarat Titans,Mohammed Shami,1.1,7,2
48,2019,Gujarat Titans,Rahul Tewatia,3.0,28,0
48,2019,Gujarat Titans,Gerald Coetzee,2.0,9,2
48,2019,Gujarat Titans,Rahul Desai,2.0,15,0
48,2019,Gujarat Titans,Rahul Mishra,4.0,31,1
49,2019,Delhi Capitals,Axar Patel,3.9,19,1
49,2019,Delhi Capitals,Kuldeep Yadav,3.0,19,0
49,2019,Delhi Capitals,Mitchell Marsh,4.0,39,0
49,2019,Delhi Capitals,Ishant Sharma,3.0,20,0
49,2019,Delhi Capitals,Rahul Sinha,3.0,20,0
49,2019,Delhi Capitals,Siddharth Iyer,2.0,20,1
49,2019,Sunrisers Hyderabad,Pat Cummins,2.0,17,1
49,2019,Sunrisers Hyderabad,Bhuvneshwar Kumar,3.0,19,0
49,2019,Sunrisers Hyderabad,Nitish Kumar Reddy,3.0,26,0
49,2019,Sunrisers Hyderabad,T Natarajan,3.0,17,0
49,2019,Sunrisers Hyderabad,Aman Pillai,4.0,37,2
49,2019,Sunrisers Hyderabad,Karthik Kulkarni,2.0,11,0
50,2019,Chennai Super Kings,Ravindra Jadeja,3.0,30,0
50,2019,Chennai Super Kings,Deepak Chahar,1.6,9,0
50,2019,Chennai Super Kings,Shivam Dube,3.0,29,3
50,2019,Chennai Super Kings,Matheesha Pathirana,3.0,27,1
50,2019,Chennai Super Kings,Moeen Ali,2.0,16,1
50,2019,Chennai Super Kings,Sanjay Chauhan,2.0,13,0
50,2019,Royal Challengers Bengaluru,Glenn Maxwell,2.0,14,0
50,2019,Royal Challengers Bengaluru,Mohammed Siraj,2.0,14,0
50,2019,Royal Challengers Bengaluru,Cameron Green,3.0,21,2
50,2019,Royal Challengers Bengaluru,Yash Dayal,4.0,26,1
50,2019,Royal Challengers Bengaluru,Arjun Suresh,3.0,32,2
50,2019,Royal Challengers Bengaluru,Vikram Bose,4.0,23,0
51,2019,Royal Challengers Bengaluru,Glenn Maxwell,1.4,11,1
51,2019,Royal Challengers Bengaluru,Mohammed Siraj,3.0,19,2
51,2019,Royal Challengers Bengaluru,Cameron Green,3.0,38,0
51,2019,Royal Challengers Bengaluru,Yash Dayal,4.0,30,0
51,2019,Royal Challengers Bengaluru,Arjun Suresh,2.0,12,2
51,2019,Royal Challengers Bengaluru,Vikram Bose,3.7,29,0
51,2019,Sunrisers Hyderabad,Pat Cummins,3.8,17,1
51,2019,Sunrisers Hyderabad,Bhuvneshwar Kumar,4.0,36,3
51,2019,Sunrisers Hyderabad,Nitish Kumar Reddy,3.0,28,3
51,2019,Sunrisers Hyderabad,T Natarajan,4.0,21,0
51,2019,Sunrisers Hyderabad,Aman Pillai,3.0,17,0
51,2019,Sunrisers Hyderabad,Karthik Kulkarni,2.7,20,0
52,2019,Mumbai Indians,Jasprit Bumrah,2.0,9,1
52,2019,Mumbai Indians,Hardik Pandya,4.0,21,1
52,2019,Mumbai Indians,Piyush Chawla,2.0,11,0
52,2019,Mumbai Indians,Aman Verma,3.2,22,2
52,2019,Mumbai Indians,Dev Rao,4.0,30,1
52,2019,Mumbai Indians,Aryan Pillai,3.0,16,1
52,2019,Punjab Kings,Arshdeep Singh,4.0,18,0
52,2019,Punjab Kings,Liam Livingstone,4.0,41,0
52,2019,Punjab Kings,Sam Curran,4.0,37,2
52,2019,Punjab Kings,Kagiso Rabada,4.0,31,1
52,2019,Punjab Kings,Ajay Verma,3.0,13,0
52,2019,Punjab Kings,Dev Krishnan,4.0,24,0
53,2019,Royal Challengers Bengaluru,Glenn Maxwell,1.5,13,0
53,2019,Royal Challengers Bengaluru,Mohammed Siraj,2.0,12,0
53,2019,Royal Challengers Bengaluru,Cameron Green,2.0,21,1
53,2019,Royal Challengers Bengaluru,Yash Dayal,3.0,15,0
53,2019,Royal Challengers Bengaluru,Arjun Suresh,4.0,30,2
53,2019,Royal Challengers Bengaluru,Vikram Bose,3.0,24,0
53,2019,Lucknow Super Giants,Mayank Yadav,4.0,32,0
53,2019,Lucknow Super Giants,Ravi Bishnoi,2.0,10,0
53,2019,Lucknow Super Giants,Marcus Stoinis,4.0,37,1
53,2019,Lucknow Super Giants,Mohsin Khan,2.0,18,1
53,2019,Lucknow Super Giants,Nikhil Ghosh,2.0,20,0
53,2019,Lucknow Super Giants,Nikhil Reddy,3.0,22,0
54,2019,Punjab Kings,Arshdeep Singh,2.0,15,0
54,2019,Punjab Kings,Liam Livingstone,4.0,29,0
54,2019,Punjab Kings,Sam Curran,4.0,23,1
54,2019,Punjab Kings,Kagiso Rabada,4.0,30,1
54,2019,Punjab Kings,Ajay Verma,4.0,36,0
54,2019,Punjab Kings,Dev Krishnan,4.0,28,1
54,2019,Lucknow Super Giants,Mayank Yadav,2.0,13,0
54,2019,Lucknow Super Giants,Ravi Bishnoi,3.0,13,3
54,2019,Lucknow Super Giants,Marcus Stoinis,2.0,19,0
54,2019,Lucknow Super Giants,Mohsin Khan,3.0,15,0
54,2019,Lucknow Super Giants,Nikhil Ghosh,3.0,22,0
54,2019,Lucknow Super Giants,Nikhil Reddy,2.8,23,0
55,2019,Royal Challengers Bengaluru,Glenn Maxwell,3.0,36,3
55,2019,Royal Challengers Bengaluru,Mohammed Siraj,2.0,13,0
55,2019,Royal Challengers Bengaluru,Cameron Green,2.0,22,0
55,2019,Royal Challengers Bengaluru,Yash Dayal,2.0,9,1
55,2019,Royal Challengers Bengaluru,Arjun Suresh,4.0,18,1
55,2019,Royal Challengers Bengaluru,Vikram Bose,3.0,13,1
55,2019,Gujarat Titans,Rashid Khan,3.0,13,0
55,2019,Gujarat Titans,Mohammed Shami,1.9,8,2
55,2019,Gujarat Titans,Rahul Tewatia,4.0,33,0
55,2019,Gujarat Titans,Gerald Coetzee,2.4,14,1
55,2019,Gujarat Titans,Rahul Desai,4.0,23,0
55,2019,Gujarat Titans,Rahul Mishra,2.6,15,0
56,2019,Chennai Super Kings,Ravindra Jadeja,3.0,33,0
56,2019,Chennai Super Kings,Deepak Chahar,3.0,31,0
56,2019,Chennai Super Kings,Shivam Dube,4.0,31,0
56,2019,Chennai Super Kings,Matheesha Pathirana,2.0,14,0
56,2019,Chennai Super Kings,Moeen Ali,4.0,30,1
56,2019,Chennai Super Kings,Sanjay Chauhan,2.0,21,0
56,2019,Sunrisers Hyderabad,Pat Cummins,2.0,12,0
56,2019,Sunrisers Hyderabad,Bhuvneshwar Kumar,4.0,38,0
56,2019,Sunrisers Hyderabad,Nitish Kumar Reddy,3.0,26,0
56,2019,Sunrisers Hyderabad,T Natarajan,3.0,21,1
56,2019,Sunrisers Hyderabad,Aman Pillai,4.0,32,0
56,2019,Sunrisers Hyderabad,Karthik Kulkarni,3.0,19,0
57,2019,Mumbai Indians,Jasprit Bumrah,1.9,20,1
57,2019,Mumbai Indians,Hardik Pandya,4.0,30,0
57,2019,Mumbai Indians,Piyush Chawla,4.0,18,2
57,2019,Mumbai Indians,Aman Verma,3.2,29,0
57,2019,Mumbai Indians,Dev Rao,1.2,11,0
57,2019,Mumbai Indians,Aryan Pillai,3.0,19,0
57,2019,Royal Challengers Bengaluru,Glenn Maxwell,2.0,13,1
57,2019,Royal Challengers Bengaluru,Mohammed Siraj,4.0,29,0
57,2019,Royal Challengers Bengaluru,Cameron Green,2.0,13,2
57,2019,Royal Challengers Bengaluru,Yash Dayal,4.0,23,3
57,2019,Royal Challengers Bengaluru,Arjun Suresh,2.0,13,1
57,2019,Royal Challengers Bengaluru,Vikram Bose,2.0,12,2
58,2019,Punjab Kings,Arshdeep Singh,3.0,13,0
58,2019,Punjab Kings,Liam Livingstone,3.0,21,0
58,2019,Punjab Kings,Sam Curran,4.0,41,2
58,2019,Punjab Kings,Kagiso Rabada,3.0,28,0
58,2019,Punjab Kings,Ajay Verma,4.0,37,0
58,2019,Punjab Kings,Dev Krishnan,2.0,14,1
58,2019,Gujarat Titans,Rashid Khan,4.0,34,1
58,2019,Gujarat Titans,Mohammed Shami,3.0,13,1
58,2019,Gujarat Titans,Rahul Tewatia,4.0,35,0
58,2019,Gujarat Titans,Gerald Coetzee,1.5,10,0
58,2019,Gujarat Titans,Rahul Desai,4.0,30,2
58,2019,Gujarat Titans,Rahul Mishra,2.0,12,2
59,2019,Royal Challengers Bengaluru,Glenn Maxwell,2.0,15,0
59,2019,Royal Challengers Bengaluru,Mohammed Siraj,3.0,23,0
59,2019,Royal Challengers Bengaluru,Cameron Green,4.0,42,0
59,2019,Royal Challengers Bengaluru,Yash Dayal,2.1,9,0
59,2019,Royal Challengers Bengaluru,Arjun Suresh,3.0,21,1
59,2019,Royal Challengers Bengaluru,Vikram Bose,4.0,24,1
59,2019,Rajasthan Royals,Riyan Parag,3.6,21,2
59,2019,Rajasthan Royals,Yuzvendra Chahal,1.8,14,0
59,2019,Rajasthan Royals,Trent Boult,2.0,15,0
59,2019,Rajasthan Royals,Gaurav Dubey,2.0,14,1
59,2019,Rajasthan Royals,Ajay Dubey,4.0,24,0
59,2019,Rajasthan Royals,Karan Joshi,3.0,25,0
60,2019,Kolkata Knight Riders,Andre Russell,4.0,50,1
60,2019,Kolkata Knight Riders,Sunil Narine,2.0,19,1
60,2019,Kolkata Knight Riders,Varun Chakravarthy,2.0,10,1
60,2019,Kolkata Knight Riders,Venkatesh Iyer,2.0,21,0
60,2019,Kolkata Knight Riders,Mitchell Starc,2.0,13,0
60,2019,Kolkata Knight Riders,Pranav Chauhan,1.3,7,2
60,2019,Sunrisers Hyderabad,Pat Cummins,4.0,20,0
60,2019,Sunrisers Hyderabad,Bhuvneshwar Kumar,3.7,38,0
60,2019,Sunrisers Hyderabad,Nitish Kumar Reddy,4.0,39,1
60,2019,Sunrisers Hyderabad,T Natarajan,4.0,35,0
60,2019,Sunrisers Hyderabad,Aman Pillai,4.0,44,4
60,2019,Sunrisers Hyderabad,Karthik Kulkarni,4.0,33,0
61,2019,Mumbai Indians,Jasprit Bumrah,3.0,26,2
61,2019,Mumbai Indians,Hardik Pandya,3.0,24,2
61,2019,Mumbai Indians,Piyush Chawla,2.0,14,1
61,2019,Mumbai Indians,Aman Verma,2.0,12,0
61,2019,Mumbai Indians,Dev Rao,2.0,20,2
61,2019,Mumbai Indians,Aryan Pillai,4.0,21,1
61,2019,Delhi Capitals,Axar Patel,3.0,29,1
61,2019,Delhi Capitals,Kuldeep Yadav,3.0,13,0
61,2019,Delhi Capitals,Mitchell Marsh,4.0,23,0
61,2019,Delhi Capitals,Ishant Sharma,3.0,15,0
61,2019,Delhi Capitals,Rahul Sinha,3.0,34,0
61,2019,Delhi Capitals,Siddharth Iyer,3.0,19,0
62,2019,Mumbai Indians,Jasprit Bumrah,4.0,23,1
62,2019,Mumbai Indians,Hardik Pandya,2.0,16,0
62,2019,Mumbai Indians,Piyush Chawla,2.0,10,2
62,2019,Mumbai Indians,Aman Verma,3.0,24,1
62,2019,Mumbai Indians,Dev Rao,2.5,23,0
62,2019,Mumbai Indians,Aryan Pillai,1.7,7,0
62,2019,Chennai Super Kings,Ravindra Jadeja,3.9,37,0
62,2019,Chennai Super Kings,Deepak Chahar,2.0,11,1
62,2019,Chennai Super Kings,Shivam Dube,2.0,14,2
62,2019,Chennai Super Kings,Matheesha Pathirana,2.0,10,0
62,2019,Chennai Super Kings,Moeen Ali,3.0,18,1
62,2019,Chennai Super Kings,Sanjay Chauhan,3.0,18,0
63,2019,Delhi Capitals,Axar Patel,2.0,21,4
63,2019,Delhi Capitals,Kuldeep Yadav,3.6,21,3
63,2019,Delhi Capitals,Mitchell Marsh,2.6,20,0
63,2019,Delhi Capitals,Ishant Sharma,2.0,16,0
63,2019,Delhi Capitals,Rahul Sinha,4.0,30,3
63,2019,Delhi Capitals,Siddharth Iyer,3.0,25,2
63,2019,Gujarat Titans,Rashid Khan,1.3,8,0
63,2019,Gujarat Titans,Mohammed Shami,2.0,9,0
63,2019,Gujarat Titans,Rahul Tewatia,3.0,31,0
63,2019,Gujarat Titans,Gerald Coetzee,3.0,13,0
63,2019,Gujarat Titans,Rahul Desai,2.0,12,0
63,2019,Gujarat Titans,Rahul Mishra,4.0,28,2
64,2019,Kolkata Knight Riders,Andre Russell,2.0,12,1
64,2019,Kolkata Knight Riders,Sunil Narine,2.0,18,1
64,2019,Kolkata Knight Riders,Varun Chakravarthy,3.0,21,0
64,2019,Kolkata Knight Riders,Venkatesh Iyer,1.5,13,0
64,2019,Kolkata Knight Riders,Mitchell Starc,3.0,20,2
64,2019,Kolkata Knight Riders,Pranav Chauhan,2.6,11,0
64,2019,Punjab Kings,Arshdeep Singh,4.0,28,1
64,2019,Punjab Kings,Liam Livingstone,4.0,41,1
64,2019,Punjab Kings,Sam Curran,3.0,17,0
64,2019,Punjab Kings,Kagiso Rabada,3.9,35,0
64,2019,Punjab Kings,Ajay Verma,2.0,14,0
64,2019,Punjab Kings,Dev Krishnan,4.0,29,0
65,2019,Chennai Super Kings,Ravindra Jadeja,2.0,18,2
65,2019,Chennai Super Kings,Deepak Chahar,2.0,15,0
65,2019,Chennai Super Kings,Shivam Dube,3.4,15,1
65,2019,Chennai Super Kings,Matheesha Pathirana,3.0,13,0
65,2019,Chennai Super Kings,Moeen Ali,2.0,25,0
65,2019,Chennai Super Kings,Sanjay Chauhan,3.0,14,0
65,2019,Punjab Kings,Arshdeep Singh,2.0,24,0
65,2019,Punjab Kings,Liam Livingstone,3.0,30,0
65,2019,Punjab Kings,Sam Curran,2.0,17,0
65,2019,Punjab Kings,Kagiso Rabada,3.0,16,0
65,2019,Punjab Kings,Ajay Verma,4.0,25,4
65,2019,Punjab Kings,Dev Krishnan,4.0,18,2
66,2019,Rajasthan Royals,Riyan Parag,4.0,21,1
66,2019,Rajasthan Royals,Yuzvendra Chahal,2.0,14,2
66,2019,Rajasthan Royals,Trent Boult,2.0,15,3
66,2019,Rajasthan Royals,Gaurav Dubey,3.0,27,1
66,2019,Rajasthan Royals,Ajay Dubey,3.4,24,0
66,2019,Rajasthan Royals,Karan Joshi,2.0,16,2
66,2019,Lucknow Super Giants,Mayank Yadav,3.0,15,0
66,2019,Lucknow Super Giants,Ravi Bishnoi,1.0,5,3
66,2019,Lucknow Super Giants,Marcus Stoinis,3.0,16,0
66,2019,Lucknow Super Giants,Mohsin Khan,3.0,16,0
66,2019,Lucknow Super Giants,Nikhil Ghosh,2.0,14,0
66,2019,Lucknow Super Giants,Nikhil Reddy,1.4,11,2
67,2019,Royal Challengers Bengaluru,Glenn Maxwell,4.0,38,0
67,2019,Royal Challengers Bengaluru,Mohammed Siraj,4.0,27,1
67,2019,Royal Challengers Bengaluru,Cameron Green,4.0,34,0
67,2019,Royal Challengers Bengaluru,Yash Dayal,2.0,17,0
67,2019,Royal Challengers Bengaluru,Arjun Suresh,4.0,28,0
67,2019,Royal Challengers Bengaluru,Vikram Bose,2.0,9,1
67,2019,Delhi Capitals,Axar Patel,4.0,36,2
67,2019,Delhi Capitals,Kuldeep Yadav,3.0,16,2
67,2019,Delhi Capitals,Mitchell Marsh,3.0,23,2
67,2019,Delhi Capitals,Ishant Sharma,4.0,27,2
67,2019,Delhi Capitals,Rahul Sinha,2.0,15,0
67,2019,Delhi Capitals,Siddharth Iyer,4.0,36,0
68,2019,Sunrisers Hyderabad,Pat Cummins,2.0,12,0
68,2019,Sunrisers Hyderabad,Bhuvneshwar Kumar,4.0,18,0
68,2019,Sunrisers Hyderabad,Nitish Kumar Reddy,3.0,31,4
68,2019,Sunrisers Hyderabad,T Natarajan,3.0,20,0
68,2019,Sunrisers Hyderabad,Aman Pillai,2.0,18,1
68,2019,Sunrisers Hyderabad,Karthik Kulkarni,4.0,28,0
68,2019,Lucknow Super Giants,Mayank Yadav,3.0,21,2
68,2019,Lucknow Super Giants,Ravi Bishnoi,3.0,17,1
68,2019,Lucknow Super Giants,Marcus Stoinis,4.0,36,1
68,2019,Lucknow Super Giants,Mohsin Khan,2.7,22,1
68,2019,Lucknow Super Giants,Nikhil Ghosh,2.0,21,0
68,2019,Lucknow Super Giants,Nikhil Reddy,3.4,22,0
69,2019,Mumbai Indians,Jasprit Bumrah,4.0,27,1
69,2019,Mumbai Indians,Hardik Pandya,4.0,31,1
69,2019,Mumbai Indians,Piyush Chawla,3.0,24,0
69,2019,Mumbai Indians,Aman Verma,1.5,13,1
69,2019,Mumbai Indians,Dev Rao,4.0,46,2
69,2019,Mumbai Indians,Aryan Pillai,2.0,17,2
69,2019,Kolkata Knight Riders,Andre Russell,2.0,14,1
69,2019,Kolkata Knight Riders,Sunil Narine,4.0,42,0
69,2019,Kolkata Knight Riders,Varun Chakravarthy,3.0,18,0
69,2019,Kolkata Knight Riders,Venkatesh Iyer,2.0,15,0
69,2019,Kolkata Knight Riders,Mitchell Starc,3.8,18,0
69,2019,Kolkata Knight Riders,Pranav Chauhan,4.0,32,2
70,2019,Mumbai Indians,Jasprit Bumrah,4.0,19,0
70,2019,Mumbai Indians,Hardik Pandya,3.0,22,0
70,2019,Mumbai Indians,Piyush Chawla,3.0,26,0
70,2019,Mumbai Indians,Aman Verma,2.0,14,0
70,2019,Mumbai Indians,Dev Rao,3.0,16,4
70,2019,Mumbai Indians,Aryan Pillai,2.0,9,1
70,2019,Rajasthan Royals,Riyan Parag,4.0,25,0
70,2019,Rajasthan Royals,Yuzvendra Chahal,2.0,10,0
70,2019,Rajasthan Royals,Trent Boult,3.0,27,0
70,2019,Rajasthan Royals,Gaurav Dubey,4.0,35,0
70,2019,Rajasthan Royals,Ajay Dubey,3.0,16,2
70,2019,Rajasthan Royals,Karan Joshi,4.0,24,2
71,2019,Delhi Capitals,Axar Patel,3.4,27,3
71,2019,Delhi Capitals,Kuldeep Yadav,3.0,26,0
71,2019,Delhi Capitals,Mitchell Marsh,3.6,23,0
71,2019,Delhi Capitals,Ishant Sharma,3.0,23,1
71,2019,Delhi Capitals,Rahul Sinha,2.0,13,0
71,2019,Delhi Capitals,Siddharth Iyer,2.2,12,0
71,2019,Rajasthan Royals,Riyan Parag,2.0,14,0
71,2019,Rajasthan Royals,Yuzvendra Chahal,2.0,13,0
71,2019,Rajasthan Royals,Trent Boult,1.3,11,0
71,2019,Rajasthan Royals,Gaurav Dubey,4.0,28,1
71,2019,Rajasthan Royals,Ajay Dubey,4.0,31,1
71,2019,Rajasthan Royals,Karan Joshi,3.0,23,1
72,2019,Rajasthan Royals,Riyan Parag,3.0,30,0
72,2019,Rajasthan Royals,Yuzvendra Chahal,4.0,41,0
72,2019,Rajasthan Royals,Trent Boult,3.0,24,0
72,2019,Rajasthan Royals,Gaurav Dubey,3.0,17,3
72,2019,Rajasthan Royals,Ajay Dubey,4.0,32,0
72,2019,Rajasthan Royals,Karan Joshi,4.0,31,1
72,2019,Sunrisers Hyderabad,Pat Cummins,3.9,22,1
72,2019,Sunrisers Hyderabad,Bhuvneshwar Kumar,4.0,34,0
72,2019,Sunrisers Hyderabad,Nitish Kumar Reddy,4.0,28,0
72,2019,Sunrisers Hyderabad,T Natarajan,4.0,28,3
72,2019,Sunrisers Hyderabad,Aman Pillai,3.0,28,2
72,2019,Sunrisers Hyderabad,Karthik Kulkarni,2.2,11,0
73,2019,Delhi Capitals,Axar Patel,3.0,26,0
73,2019,Delhi Capitals,Kuldeep Yadav,2.0,15,0
73,2019,Delhi Capitals,Mitchell Marsh,3.0,20,4
73,2019,Delhi Capitals,Ishant Sharma,3.0,14,1
73,2019,Delhi Capitals,Rahul Sinha,3.0,13,1
73,2019,Delhi Capitals,Siddharth Iyer,3.0,29,0
73,2019,Lucknow Super Giants,Mayank Yadav,2.0,12,0
73,2019,Lucknow Super Giants,Ravi Bishnoi,1.3,7,1
73,2019,Lucknow Super Giants,Marcus Stoinis,1.5,12,0
73,2019,Lucknow Super Giants,Mohsin Khan,2.0,13,0
73,2019,Lucknow Super Giants,Nikhil Ghosh,3.0,28,1
73,2019,Lucknow Super Giants,Nikhil Reddy,3.0,18,0
74,2019,Punjab Kings,Arshdeep Singh,4.0,23,0
74,2019,Punjab Kings,Liam Livingstone,2.1,17,1
74,2019,Punjab Kings,Sam Curran,3.0,17,0
74,2019,Punjab Kings,Kagiso Rabada,3.0,25,0
74,2019,Punjab Kings,Ajay Verma,2.0,20,0
74,2019,Punjab Kings,Dev Krishnan,1.2,11,1
74,2019,Rajasthan Royals,Riyan Parag,4.0,41,1
74,2019,Rajasthan Royals,Yuzvendra Chahal,3.0,24,0
74,2019,Rajasthan Royals,Trent Boult,2.0,13,2
74,2019,Rajasthan Royals,Gaurav Dubey,4.0,41,0
74,2019,Rajasthan Royals,Ajay Dubey,2.0,10,1
74,2019,Rajasthan Royals,Karan Joshi,4.0,31,0
75,2019,Mumbai Indians,Jasprit Bumrah,2.0,14,2
75,2019,Mumbai Indians,Hardik Pandya,4.0,44,0
75,2019,Mumbai Indians,Piyush Chawla,1.9,13,2
75,2019,Mumbai Indians,Aman Verma,2.0,16,1
75,2019,Mumbai Indians,Dev Rao,2.0,19,0
75,2019,Mumbai Indians,Aryan Pillai,1.2,6,2
75,2019,Sunrisers Hyderabad,Pat Cummins,2.0,9,0
75,2019,Sunrisers Hyderabad,Bhuvneshwar Kumar,3.0,23,0
75,2019,Sunrisers Hyderabad,Nitish Kumar Reddy,2.0,16,0
75,2019,Sunrisers Hyderabad,T Natarajan,4.0,31,0
75,2019,Sunrisers Hyderabad,Aman Pillai,2.0,11,0
75,2019,Sunrisers Hyderabad,Karthik Kulkarni,3.0,29,1
76,2019,Chennai Super Kings,Ravindra Jadeja,4.0,26,1
76,2019,Chennai Super Kings,Deepak Chahar,1.9,8,0
76,2019,Chennai Super Kings,Shivam Dube,1.9,14,4
76,2019,Chennai Super Kings,Matheesha Pathirana,3.0,14,0
76,2019,Chennai Super Kings,Moeen Ali,3.0,31,0
76,2019,Chennai Super Kings,Sanjay Chauhan,4.0,30,0
76,2019,Delhi Capitals,Axar Patel,1.0,7,1
76,2019,Delhi Capitals,Kuldeep Yadav,2.0,14,1
76,2019,Delhi Capitals,Mitchell Marsh,4.0,36,0
76,2019,Delhi Capitals,Ishant Sharma,2.0,9,0
76,2019,Delhi Capitals,Rahul Sinha,2.0,19,2
76,2019,Delhi Capitals,Siddharth Iyer,3.0,24,2
77,2019,Royal Challengers Bengaluru,Glenn Maxwell,3.0,18,0
77,2019,Royal Challengers Bengaluru,Mohammed Siraj,3.0,17,3
77,2019,Royal Challengers Bengaluru,Cameron Green,4.0,40,0
77,2019,Royal Challengers Bengaluru,Yash Dayal,2.0,17,1
77,2019,Royal Challengers Bengaluru,Arjun Suresh,3.0,16,2
77,2019,Royal Challengers Bengaluru,Vikram Bose,4.0,18,1
77,2019,Kolkata Knight Riders,Andre Russell,3.0,20,0
77,2019,Kolkata Knight Riders,Sunil Narine,3.0,17,1
77,2019,Kolkata Knight Riders,Varun Chakravarthy,2.0,14,0
77,2019,Kolkata Knight Riders,Venkatesh Iyer,4.0,26,2
77,2019,Kolkata Knight Riders,Mitchell Starc,3.0,26,0
77,2019,Kolkata Knight Riders,Pranav Chauhan,2.0,15,0
78,2019,Royal Challengers Bengaluru,Glenn Maxwell,2.0,23,0
78,2019,Royal Challengers Bengaluru,Mohammed Siraj,1.1,8,1
78,2019,Royal Challengers Bengaluru,Cameron Green,3.0,24,1
78,2019,Royal Challengers Bengaluru,Yash Dayal,3.0,23,0
78,2019,Royal Challengers Bengaluru,Arjun Suresh,4.0,24,0
78,2019,Royal Challengers Bengaluru,Vikram Bose,3.0,26,0
78,2019,Punjab Kings,Arshdeep Singh,4.0,24,1
78,2019,Punjab Kings,Liam Livingstone,2.0,14,1
78,2019,Punjab Kings,Sam Curran,2.0,23,0
78,2019,Punjab Kings,Kagiso Rabada,4.0,21,3
78,2019,Punjab Kings,Ajay Verma,4.0,37,0
78,2019,Punjab Kings,Dev Krishnan,4.0,30,0
79,2019,Sunrisers Hyderabad,Pat Cummins,3.0,15,1
79,2019,Sunrisers Hyderabad,Bhuvneshwar Kumar,4.0,18,0
79,2019,Sunrisers Hyderabad,Nitish Kumar Reddy,3.0,27,2
79,2019,Sunrisers Hyderabad,T Natarajan,4.0,22,0
79,2019,Sunrisers Hyderabad,Aman Pillai,4.0,34,2
79,2019,Sunrisers Hyderabad,Karthik Kulkarni,2.1,10,0
79,2019,Gujarat Titans,Rashid Khan,4.0,42,0
79,2019,Gujarat Titans,Mohammed Shami,3.0,19,0
79,2019,Gujarat Titans,Rahul Tewatia,3.0,23,2
79,2019,Gujarat Titans,Gerald Coetzee,3.0,20,1
79,2019,Gujarat Titans,Rahul Desai,2.0,14,0
79,2019,Gujarat Titans,Rahul Mishra,3.0,20,0
80,2019,Kolkata Knight Riders,Andre Russell,2.0,17,0
80,2019,Kolkata Knight Riders,Sunil Narine,4.0,43,1
80,2019,Kolkata Knight Riders,Varun Chakravarthy,4.0,23,0
80,2019,Kolkata Knight Riders,Venkatesh Iyer,2.0,11,0
80,2019,Kolkata Knight Riders,Mitchell Starc,1.4,8,2
80,2019,Kolkata Knight Riders,Pranav Chauhan,2.0,11,2
80,2019,Lucknow Super Giants,Mayank Yadav,3.0,20,0
80,2019,Lucknow Super Giants,Ravi Bishnoi,4.0,27,0
80,2019,Lucknow Super Giants,Marcus Stoinis,3.0,26,0
80,2019,Lucknow Super Giants,Mohsin Khan,3.0,15,2
80,2019,Lucknow Super Giants,Nikhil Ghosh,3.0,27,0
80,2019,Lucknow Super Giants,Nikhil Reddy,3.0,32,1
81,2019,Kolkata Knight Riders,Andre Russell,4.0,50,0
81,2019,Kolkata Knight Riders,Sunil Narine,4.0,30,1
81,2019,Kolkata Knight Riders,Varun Chakravarthy,2.5,14,0
81,2019,Kolkata Knight Riders,Venkatesh Iyer,4.0,20,1
81,2019,Kolkata Knight Riders,Mitchell Starc,3.0,29,1
81,2019,Kolkata Knight Riders,Pranav Chauhan,3.0,30,0
81,2019,Rajasthan Royals,Riyan Parag,3.0,33,0
81,2019,Rajasthan Royals,Yuzvendra Chahal,1.5,8,2
81,2019,Rajasthan Royals,Trent Boult,3.0,23,3
81,2019,Rajasthan Royals,Gaurav Dubey,4.0,24,0
81,2019,Rajasthan Royals,Ajay Dubey,4.0,18,1
81,2019,Rajasthan Royals,Karan Joshi,4.0,21,0
82,2019,Delhi Capitals,Axar Patel,4.0,32,0
82,2019,Delhi Capitals,Kuldeep Yadav,4.0,18,0
82,2019,Delhi Capitals,Mitchell Marsh,1.7,12,4
82,2019,Delhi Capitals,Ishant Sharma,2.0,16,1
82,2019,Delhi Capitals,Rahul Sinha,3.7,24,0
82,2019,Delhi Capitals,Siddharth Iyer,3.0,21,2
82,2019,Punjab Kings,Arshdeep Singh,4.0,25,0
82,2019,Punjab Kings,Liam Livingstone,2.0,12,2
82,2019,Punjab Kings,Sam Curran,3.0,21,0
82,2019,Punjab Kings,Kagiso Rabada,2.0,18,1
82,2019,Punjab Kings,Ajay Verma,3.0,16,1
82,2019,Punjab Kings,Dev Krishnan,2.0,9,0
83,2019,Kolkata Knight Riders,Andre Russell,4.0,42,0
83,2019,Kolkata Knight Riders,Sunil Narine,3.0,20,0
83,2019,Kolkata Knight Riders,Varun Chakravarthy,3.0,15,2
83,2019,Kolkata Knight Riders,Venkatesh Iyer,2.0,14,1
83,2019,Kolkata Knight Riders,Mitchell Starc,2.0,10,0
83,2019,Kolkata Knight Riders,Pranav Chauhan,4.0,28,1
83,2019,Gujarat Titans,Rashid Khan,3.0,19,0
83,2019,Gujarat Titans,Mohammed Shami,4.0,22,0
83,2019,Gujarat Titans,Rahul Tewatia,3.0,19,1
83,2019,Gujarat Titans,Gerald Coetzee,4.0,33,0
83,2019,Gujarat Titans,Rahul Desai,4.0,23,1
83,2019,Gujarat Titans,Rahul Mishra,2.0,10,0
84,2019,Gujarat Titans,Rashid Khan,3.0,21,1
84,2019,Gujarat Titans,Mohammed Shami,3.0,13,1
84,2019,Gujarat Titans,Rahul Tewatia,3.0,26,0
84,2019,Gujarat Titans,Gerald Coetzee,1.4,10,0
84,2019,Gujarat Titans,Rahul Desai,2.0,14,1
84,2019,Gujarat Titans,Rahul Mishra,3.0,21,0
84,2019,Lucknow Super Giants,Mayank Yadav,3.0,19,3
84,2019,Lucknow Super Giants,Ravi Bishnoi,2.0,10,1
84,2019,Lucknow Super Giants,Marcus Stoinis,4.0,26,0
84,2019,Lucknow Super Giants,Mohsin Khan,3.0,25,2
84,2019,Lucknow Super Giants,Nikhil Ghosh,4.0,28,0
84,2019,Lucknow Super Giants,Nikhil Reddy,4.0,37,0
85,2019,Chennai Super Kings,Ravindra Jadeja,3.0,26,0
85,2019,Chennai Super Kings,Deepak Chahar,3.0,13,1
85,2019,Chennai Super Kings,Shivam Dube,2.0,24,0
85,2019,Chennai Super Kings,Matheesha Pathirana,4.0,23,0
85,2019,Chennai Super Kings,Moeen Ali,4.0,30,0
85,2019,Chennai Super Kings,Sanjay Chauhan,4.0,28,2
85,2019,Lucknow Super Giants,Mayank Yadav,2.0,15,1
85,2019,Lucknow Super Giants,Ravi Bishnoi,3.0,13,0
85,2019,Lucknow Super Giants,Marcus Stoinis,2.0,18,2
85,2019,Lucknow Super Giants,Mohsin Khan,1.9,15,1
85,2019,Lucknow Super Giants,Nikhil Ghosh,2.0,15,0
85,2019,Lucknow Super Giants,Nikhil Reddy,4.0,25,0
86,2019,Chennai Super Kings,Ravindra Jadeja,3.0,28,0
86,2019,Chennai Super Kings,Deepak Chahar,4.0,40,1
86,2019,Chennai Super Kings,Shivam Dube,4.0,42,1
86,2019,Chennai Super Kings,Matheesha Pathirana,3.0,30,1
86,2019,Chennai Super Kings,Moeen Ali,1.8,13,0
86,2019,Chennai Super Kings,Sanjay Chauhan,3.0,13,1
86,2019,Kolkata Knight Riders,Andre Russell,2.0,19,0
86,2019,Kolkata Knight Riders,Sunil Narine,3.0,23,0
86,2019,Kolkata Knight Riders,Varun Chakravarthy,3.0,21,0
86,2019,Kolkata Knight Riders,Venkatesh Iyer,4.0,31,2
86,2019,Kolkata Knight Riders,Mitchell Starc,2.0,16,3
86,2019,Kolkata Knight Riders,Pranav Chauhan,2.0,12,1
87,2019,Mumbai Indians,Jasprit Bumrah,3.0,24,0
87,2019,Mumbai Indians,Hardik Pandya,4.0,27,0
87,2019,Mumbai Indians,Piyush Chawla,2.0,15,1
87,2019,Mumbai Indians,Aman Verma,3.0,22,2
87,2019,Mumbai Indians,Dev Rao,4.0,47,4
87,2019,Mumbai Indians,Aryan Pillai,4.0,32,0
87,2019,Gujarat Titans,Rashid Khan,2.0,17,0
87,2019,Gujarat Titans,Mohammed Shami,3.0,34,2
87,2019,Gujarat Titans,Rahul Tewatia,3.0,32,1
87,2019,Gujarat Titans,Gerald Coetzee,4.0,23,0
87,2019,Gujarat Titans,Rahul Desai,3.0,20,0
87,2019,Gujarat Titans,Rahul Mishra,4.0,24,1
88,2019,Chennai Super Kings,Ravindra Jadeja,4.0,30,0
88,2019,Chennai Super Kings,Deepak Chahar,2.6,15,1
88,2019,Chennai Super Kings,Shivam Dube,3.0,33,0
88,2019,Chennai Super Kings,Matheesha Pathirana,2.0,11,1
88,2019,Chennai Super Kings,Moeen Ali,2.0,15,1
88,2019,Chennai Super Kings,Sanjay Chauhan,3.0,13,1
88,2019,Gujarat Titans,Rashid Khan,3.0,19,0
88,2019,Gujarat Titans,Mohammed Shami,2.0,10,1
88,2019,Gujarat Titans,Rahul Tewatia,4.0,29,1
88,2019,Gujarat Titans,Gerald Coetzee,4.0,32,0
88,2019,Gujarat Titans,Rahul Desai,2.0,13,0
88,2019,Gujarat Titans,Rahul Mishra,1.5,11,2
89,2019,Chennai Super Kings,Ravindra Jadeja,3.0,26,1
89,2019,Chennai Super Kings,Deepak Chahar,4.0,21,2
89,2019,Chennai Super Kings,Shivam Dube,4.0,42,1
89,2019,Chennai Super Kings,Matheesha Pathirana,4.0,21,0
89,2019,Chennai Super Kings,Moeen Ali,3.0,24,0
89,2019,Chennai Super Kings,Sanjay Chauhan,2.1,10,0
89,2019,Rajasthan Royals,Riyan Parag,2.0,14,1
89,2019,Rajasthan Royals,Yuzvendra Chahal,4.0,30,1
89,2019,Rajasthan Royals,Trent Boult,3.7,22,1
89,2019,Rajasthan Royals,Gaurav Dubey,3.0,30,0
89,2019,Rajasthan Royals,Ajay Dubey,3.0,18,1
89,2019,Rajasthan Royals,Karan Joshi,2.0,18,2
90,2019,Kolkata Knight Riders,Andre Russell,4.0,33,2
90,2019,Kolkata Knight Riders,Sunil Narine,2.0,17,0
90,2019,Kolkata Knight Riders,Varun Chakravarthy,1.6,11,2
90,2019,Kolkata Knight Riders,Venkatesh Iyer,2.0,12,0
90,2019,Kolkata Knight Riders,Mitchell Starc,3.0,19,1
90,2019,Kolkata Knight Riders,Pranav Chauhan,3.0,16,0
90,2019,Delhi Capitals,Axar Patel,2.0,14,0
90,2019,Delhi Capitals,Kuldeep Yadav,3.0,25,0
90,2019,Delhi Capitals,Mitchell Marsh,2.0,16,0
90,2019,Delhi Capitals,Ishant Sharma,2.0,9,0
90,2019,Delhi Capitals,Rahul Sinha,4.0,26,1
90,2019,Delhi Capitals,Siddharth Iyer,2.0,15,0
91,2020,Delhi Capitals,Axar Patel,4.0,18,0
91,2020,Delhi Capitals,Kuldeep Yadav,2.0,11,0
91,2020,Delhi Capitals,Mitchell Marsh,3.0,26,1
91,2020,Delhi Capitals,Ishant Sharma,2.9,26,2
91,2020,Delhi Capitals,Rahul Sinha,1.6,16,1
91,2020,Delhi Capitals,Siddharth Iyer,2.5,14,0
91,2020,Gujarat Titans,Rashid Khan,2.0,14,0
91,2020,Gujarat Titans,Mohammed Shami,2.0,9,0
91,2020,Gujarat Titans,Rahul Tewatia,4.0,33,0
91,2020,Gujarat Titans,Gerald Coetzee,2.0,18,0
91,2020,Gujarat Titans,Rahul Desai,4.0,34,0
91,2020,Gujarat Titans,Rahul Mishra,2.0,9,0
92,2020,Kolkata Knight Riders,Andre Russell,3.0,20,1
92,2020,Kolkata Knight Riders,Sunil Narine,2.0,18,0
92,2020,Kolkata Knight Riders,Varun Chakravarthy,3.0,25,1
92,2020,Kolkata Knight Riders,Venkatesh Iyer,4.0,35,0
92,2020,Kolkata Knight Riders,Mitchell Starc,2.5,19,0
92,2020,Kolkata Knight Riders,Pranav Chauhan,2.0,15,0
92,2020,Lucknow Super Giants,Mayank Yadav,4.0,31,1
92,2020,Lucknow Super Giants,Ravi Bishnoi,3.0,21,0
92,2020,Lucknow Super Giants,Marcus Stoinis,3.0,21,0
92,2020,Lucknow Super Giants,Mohsin Khan,3.0,17,2
92,2020,Lucknow Super Giants,Nikhil Ghosh,4.0,33,0
92,2020,Lucknow Super Giants,Nikhil Reddy,4.0,36,1
93,2020,Mumbai Indians,Jasprit Bumrah,4.0,18,0
93,2020,Mumbai Indians,Hardik Pandya,2.3,16,1
93,2020,Mumbai Indians,Piyush Chawla,3.5,29,1
93,2020,Mumbai Indians,Aman Verma,2.0,13,0
93,2020,Mumbai Indians,Dev Rao,1.6,13,0
93,2020,Mumbai Indians,Aryan Pillai,3.0,31,0
93,2020,Delhi Capitals,Axar Patel,2.0,14,2
93,2020,Delhi Capitals,Kuldeep Yadav,2.0,13,0
93,2020,Delhi Capitals,Mitchell Marsh,4.0,31,3
93,2020,Delhi Capitals,Ishant Sharma,3.7,34,0
93,2020,Delhi Capitals,Rahul Sinha,4.0,39,3
93,2020,Delhi Capitals,Siddharth Iyer,3.0,14,2
94,2020,Rajasthan Royals,Riyan Parag,2.0,20,0
94,2020,Rajasthan Royals,Yuzvendra Chahal,3.0,23,0
94,2020,Rajasthan Royals,Trent Boult,4.0,32,0
94,2020,Rajasthan Royals,Gaurav Dubey,2.6,24,0
94,2020,Rajasthan Royals,Ajay Dubey,4.0,35,0
94,2020,Rajasthan Royals,Karan Joshi,3.0,21,1
94,2020,Gujarat Titans,Rashid Khan,2.3,25,0
94,2020,Gujarat Titans,Mohammed Shami,2.0,11,2
94,2020,Gujarat Titans,Rahul Tewatia,4.0,31,0
94,2020,Gujarat Titans,Gerald Coetzee,4.0,25,0
94,2020,Gujarat Titans,Rahul Desai,3.0,15,1
94,2020,Gujarat Titans,Rahul Mishra,1.9,15,3
95,2020,Royal Challengers Bengaluru,Glenn Maxwell,4.0,28,3
95,2020,Royal Challengers Bengaluru,Mohammed Siraj,3.0,19,0
95,2020,Royal Challengers Bengaluru,Cameron Green,3.0,31,0
95,2020,Royal Challengers Bengaluru,Yash Dayal,2.0,9,0
95,2020,Royal Challengers Bengaluru,Arjun Suresh,3.0,18,1
95,2020,Royal Challengers Bengaluru,Vikram Bose,4.0,28,2
95,2020,Gujarat Titans,Rashid Khan,1.0,11,0
95,2020,Gujarat Titans,Mohammed Shami,4.0,20,1
95,2020,Gujarat Titans,Rahul Tewatia,4.0,26,1
95,2020,Gujarat Titans,Gerald Coetzee,2.0,18,1
95,2020,Gujarat Titans,Rahul Desai,4.0,23,2
95,2020,Gujarat Titans,Rahul Mishra,2.2,18,1
96,2020,Mumbai Indians,Jasprit Bumrah,2.5,12,0
96,2020,Mumbai Indians,Hardik Pandya,2.0,11,0
96,2020,Mumbai Indians,Piyush Chawla,4.0,24,0
96,2020,Mumbai Indians,Aman Verma,3.0,16,0
96,2020,Mumbai Indians,Dev Rao,3.0,21,0
96,2020,Mumbai Indians,Aryan Pillai,4.0,28,0
96,2020,Chennai Super Kings,Ravindra Jadeja,2.0,18,2
96,2020,Chennai Super Kings,Deepak Chahar,2.0,16,2
96,2020,Chennai Super Kings,Shivam Dube,4.0,33,1
96,2020,Chennai Super Kings,Matheesha Pathirana,3.0,20,0
96,2020,Chennai Super Kings,Moeen Ali,4.0,20,2
96,2020,Chennai Super Kings,Sanjay Chauhan,2.0,14,0
97,2020,Chennai Super Kings,Ravindra Jadeja,4.0,36,0
97,2020,Chennai Super Kings,Deepak Chahar,2.0,11,1
97,2020,Chennai Super Kings,Shivam Dube,3.7,36,0
97,2020,Chennai Super Kings,Matheesha Pathirana,2.0,14,0
97,2020,Chennai Super Kings,Moeen Ali,2.8,27,3
97,2020,Chennai Super Kings,Sanjay Chauhan,3.3,20,3
97,2020,Kolkata Knight Riders,Andre Russell,2.0,16,0
97,2020,Kolkata Knight Riders,Sunil Narine,4.0,36,0
97,2020,Kolkata Knight Riders,Varun Chakravarthy,3.0,16,0
97,2020,Kolkata Knight Riders,Venkatesh Iyer,4.0,22,1
97,2020,Kolkata Knight Riders,Mitchell Starc,4.0,18,0
97,2020,Kolkata Knight Riders,Pranav Chauhan,3.0,14,4
98,2020,Delhi Capitals,Axar Patel,4.0,44,0
98,2020,Delhi Capitals,Kuldeep Yadav,3.0,22,0
98,2020,Delhi Capitals,Mitchell Marsh,3.0,33,0
98,2020,Delhi Capitals,Ishant Sharma,4.0,47,0
98,2020,Delhi Capitals,Rahul Sinha,2.0,19,0
98,2020,Delhi Capitals,Siddharth Iyer,1.3,9,1
98,2020,Rajasthan Royals,Riyan Parag,4.0,43,1
98,2020,Rajasthan Royals,Yuzvendra Chahal,3.0,24,0
98,2020,Rajasthan Royals,Trent Boult,2.0,17,2
98,2020,Rajasthan Royals,Gaurav Dubey,4.0,33,0
98,2020,Rajasthan Royals,Ajay Dubey,2.0,12,2
98,2020,Rajasthan Royals,Karan Joshi,4.0,29,3
99,2020,Kolkata Knight Riders,Andre Russell,2.0,16,0
99,2020,Kolkata Knight Riders,Sunil Narine,4.0,34,2
99,2020,Kolkata Knight Riders,Varun Chakravarthy,3.0,20,0
99,2020,Kolkata Knight Riders,Venkatesh Iyer,4.0,34,3
99,2020,Kolkata Knight Riders,Mitchell Starc,2.0,16,1
99,2020,Kolkata Knight Riders,Pranav Chauhan,3.0,18,0
99,2020,Sunrisers Hyderabad,Pat Cummins,4.0,31,0
99,2020,Sunrisers Hyderabad,Bhuvneshwar Kumar,2.3,20,2
99,2020,Sunrisers Hyderabad,Nitish Kumar Reddy,4.0,30,0
99,2020,Sunrisers Hyderabad,T Natarajan,2.0,11,0
99,2020,Sunrisers Hyderabad,Aman Pillai,2.0,19,0
99,2020,Sunrisers Hyderabad,Karthik Kulkarni,3.0,17,0
100,2020,Punjab Kings,Arshdeep Singh,3.0,30,2
100,2020,Punjab Kings,Liam Livingstone,2.0,11,0
100,2020,Punjab Kings,Sam Curran,4.0,44,0
100,2020,Punjab Kings,Kagiso Rabada,4.0,27,0
100,2020,Punjab Kings,Ajay Verma,2.0,13,0
100,2020,Punjab Kings,Dev Krishnan,2.6,22,1
100,2020,Gujarat Titans,Rashid Khan,4.0,34,1
100,2020,Gujarat Titans,Mohammed Shami,4.0,31,2
100,2020,Gujarat Titans,Rahul Tewatia,3.0,19,1
100,2020,Gujarat Titans,Gerald Coetzee,2.8,17,1
100,2020,Gujarat Titans,Rahul Desai,2.9,25,2
100,2020,Gujarat Titans,Rahul Mishra,2.0,9,2
101,2020,Royal Challengers Bengaluru,Glenn Maxwell,4.0,37,1
101,2020,Royal Challengers Bengaluru,Mohammed Siraj,3.0,21,1
101,2020,Royal Challengers Bengaluru,Cameron Green,4.0,36,0
101,2020,Royal Challengers Bengaluru,Yash Dayal,4.0,30,1
101,2020,Royal Challengers Bengaluru,Arjun Suresh,3.1,30,2
101,2020,Royal Challengers Bengaluru,Vikram Bose,2.0,13,0
101,2020,Sunrisers Hyderabad,Pat Cummins,3.0,14,1
101,2020,Sunrisers Hyderabad,Bhuvneshwar Kumar,2.0,20,0
101,2020,Sunrisers Hyderabad,Nitish Kumar Reddy,4.0,44,4
101,2020,Sunrisers Hyderabad,T Natarajan,1.1,6,0
101,2020,Sunrisers Hyderabad,Aman Pillai,2.3,17,0
101,2020,Sunrisers Hyderabad,Karthik Kulkarni,2.0,14,1
102,2020,Sunrisers Hyderabad,Pat Cummins,3.0,24,0
102,2020,Sunrisers Hyderabad,Bhuvneshwar Kumar,3.0,19,0
102,2020,Sunrisers Hyderabad,Nitish Kumar Reddy,4.0,32,1
102,2020,Sunrisers Hyderabad,T Natarajan,1.8,12,0
102,2020,Sunrisers Hyderabad,Aman Pillai,3.0,34,1
102,2020,Sunrisers Hyderabad,Karthik Kulkarni,2.0,9,2
102,2020,Gujarat Titans,Rashid Khan,3.0,22,3
102,2020,Gujarat Titans,Mohammed Shami,4.0,24,1
102,2020,Gujarat Titans,Rahul Tewatia,2.0,15,2
102,2020,Gujarat Titans,Gerald Coetzee,4.0,33,0
102,2020,Gujarat Titans,Rahul Desai,2.0,11,0
102,2020,Gujarat Titans,Rahul Mishra,2.0,15,0
103,2020,Rajasthan Royals,Riyan Parag,3.0,24,2
103,2020,Rajasthan Royals,Yuzvendra Chahal,4.0,30,2
103,2020,Rajasthan Royals,Trent Boult,2.0,10,0
103,2020,Rajasthan Royals,Gaurav Dubey,2.0,16,0
103,2020,Rajasthan Royals,Ajay Dubey,2.0,20,0
103,2020,Rajasthan Royals,Karan Joshi,2.0,15,0
103,2020,Sunrisers Hyderabad,Pat Cummins,4.0,20,0
103,2020,Sunrisers Hyderabad,Bhuvneshwar Kumar,2.0,19,0
103,2020,Sunrisers Hyderabad,Nitish Kumar Reddy,2.7,29,2
103,2020,Sunrisers Hyderabad,T Natarajan,2.0,13,3
103,2020,Sunrisers Hyderabad,Aman Pillai,3.0,24,0
103,2020,Sunrisers Hyderabad,Karthik Kulkarni,2.0,12,2
104,2020,Chennai Super Kings,Ravindra Jadeja,3.1,31,0
104,2020,Chennai Super Kings,Deepak Chahar,4.0,38,0
104,2020,Chennai Super Kings,Shivam Dube,3.0,24,1
104,2020,Chennai Super Kings,Matheesha Pathirana,3.0,20,0
104,2020,Chennai Super Kings,Moeen Ali,2.0,14,0
104,2020,Chennai Super Kings,Sanjay Chauhan,4.0,32,1
104,2020,Royal Challengers Bengaluru,Glenn Maxwell,4.0,35,3
104,2020,Royal Challengers Bengaluru,Mohammed Siraj,1.3,11,1
104,2020,Royal Challengers Bengaluru,Cameron Green,3.0,26,1
104,2020,Royal Challengers Bengaluru,Yash Dayal,2.1,14,0
104,2020,Royal Challengers Bengaluru,Arjun Suresh,3.0,15,0
104,2020,Royal Challengers Bengaluru,Vikram Bose,4.0,18,1
105,2020,Mumbai Indians,Jasprit Bumrah,4.0,41,0
105,2020,Mumbai Indians,Hardik Pandya,3.0,13,1
105,2020,Mumbai Indians,Piyush Chawla,3.0,19,3
105,2020,Mumbai Indians,Aman Verma,3.0,19,0
105,2020,Mumbai Indians,Dev Rao,4.0,41,3
105,2020,Mumbai Indians,Aryan Pillai,4.0,26,0
105,2020,Gujarat Titans,Rashid Khan,2.0,14,0
105,2020,Gujarat Titans,Mohammed Shami,3.0,19,1
105,2020,Gujarat Titans,Rahul Tewatia,4.0,31,0
105,2020,Gujarat Titans,Gerald Coetzee,2.0,13,0
105,2020,Gujarat Titans,Rahul Desai,1.9,12,3
105,2020,Gujarat Titans,Rahul Mishra,4.0,30,0
106,2020,Chennai Super Kings,Ravindra Jadeja,2.0,17,3
106,2020,Chennai Super Kings,Deepak Chahar,4.0,28,1
106,2020,Chennai Super Kings,Shivam Dube,2.0,16,2
106,2020,Chennai Super Kings,Matheesha Pathirana,4.0,19,0
106,2020,Chennai Super Kings,Moeen Ali,3.2,20,2
106,2020,Chennai Super Kings,Sanjay Chauhan,3.0,16,1
106,2020,Gujarat Titans,Rashid Khan,2.0,9,3
106,2020,Gujarat Titans,Mohammed Shami,3.0,29,0
106,2020,Gujarat Titans,Rahul Tewatia,4.0,38,1
106,2020,Gujarat Titans,Gerald Coetzee,3.0,25,0
106,2020,Gujarat Titans,Rahul Desai,3.0,13,2
106,2020,Gujarat Titans,Rahul Mishra,4.0,19,0
107,2020,Delhi Capitals,Axar Patel,4.0,21,3
107,2020,Delhi Capitals,Kuldeep Yadav,3.0,18,1
107,2020,Delhi Capitals,Mitchell Marsh,2.0,17,0
107,2020,Delhi Capitals,Ishant Sharma,2.0,9,0
107,2020,Delhi Capitals,Rahul Sinha,2.0,16,0
107,2020,Delhi Capitals,Siddharth Iyer,3.0,20,0
107,2020,Sunrisers Hyderabad,Pat Cummins,4.0,19,0
107,2020,Sunrisers Hyderabad,Bhuvneshwar Kumar,3.2,19,0
107,2020,Sunrisers Hyderabad,Nitish Kumar Reddy,2.0,23,1
107,2020,Sunrisers Hyderabad,T Natarajan,2.0,16,1
107,2020,Sunrisers Hyderabad,Aman Pillai,4.0,30,1
107,2020,Sunrisers Hyderabad,Karthik Kulkarni,2.0,10,0
108,2020,Mumbai Indians,Jasprit Bumrah,3.0,15,0
108,2020,Mumbai Indians,Hardik Pandya,2.0,20,0
108,2020,Mumbai Indians,Piyush Chawla,2.0,11,2
108,2020,Mumbai Indians,Aman Verma,4.0,25,0
108,2020,Mumbai Indians,Dev Rao,3.0,27,0
108,2020,Mumbai Indians,Aryan Pillai,1.5,12,3
108,2020,Lucknow Super Giants,Mayank Yadav,2.0,15,0
108,2020,Lucknow Super Giants,Ravi Bishnoi,3.1,17,0
108,2020,Lucknow Super Giants,Marcus Stoinis,3.0,37,0
108,2020,Lucknow Super Giants,Mohsin Khan,2.0,18,2
108,2020,Lucknow Super Giants,Nikhil Ghosh,4.0,36,1
108,2020,Lucknow Super Giants,Nikhil Reddy,1.1,8,0
109,2020,Mumbai Indians,Jasprit Bumrah,3.0,20,1
109,2020,Mumbai Indians,Hardik Pandya,2.0,17,0
109,2020,Mumbai Indians,Piyush Chawla,3.0,23,0
109,2020,Mumbai Indians,Aman Verma,3.0,13,0
109,2020,Mumbai Indians,Dev Rao,2.0,16,0
109,2020,Mumbai Indians,Aryan Pillai,1.4,6,0
109,2020,Rajasthan Royals,Riyan Parag,4.0,46,0
109,2020,Rajasthan Royals,Yuzvendra Chahal,3.0,13,3
109,2020,Rajasthan Royals,Trent Boult,3.0,21,2
109,2020,Rajasthan Royals,Gaurav Dubey,3.0,24,0
109,2020,Rajasthan Royals,Ajay Dubey,2.0,13,2
109,2020,Rajasthan Royals,Karan Joshi,4.0,37,0
110,2020,Chennai Super Kings,Ravindra Jadeja,3.1,27,1
110,2020,Chennai Super Kings,Deepak Chahar,2.0,13,2
110,2020,Chennai Super Kings,Shivam Dube,4.0,35,0
110,2020,Chennai Super Kings,Matheesha Pathirana,2.0,14,0
110,2020,Chennai Super Kings,Moeen Ali,3.0,22,0
110,2020,Chennai Super Kings,Sanjay Chauhan,3.0,20,1
110,2020,Lucknow Super Giants,Mayank Yadav,2.0,14,0
110,2020,Lucknow Super Giants,Ravi Bishnoi,4.0,19,4
110,2020,Lucknow Super Giants,Marcus Stoinis,4.0,18,0
110,2020,Lucknow Super Giants,Mohsin Khan,4.0,36,0
110,2020,Lucknow Super Giants,Nikhil Ghosh,3.0,28,2
110,2020,Lucknow Super Giants,Nikhil Reddy,3.0,17,0
111,2020,Kolkata Knight Riders,Andre Russell,3.0,30,1
111,2020,Kolkata Knight Riders,Sunil Narine,1.8,20,0
111,2020,Kolkata Knight Riders,Varun Chakravarthy,2.0,21,0
111,2020,Kolkata Knight Riders,Venkatesh Iyer,4.0,38,0
111,2020,Kolkata Knight Riders,Mitchell Starc,2.0,15,0
111,2020,Kolkata Knight Riders,Pranav Chauhan,4.0,18,1
111,2020,Gujarat Titans,Rashid Khan,4.0,30,0
111,2020,Gujarat Titans,Mohammed Shami,3.0,19,2
111,2020,Gujarat Titans,Rahul Tewatia,4.0,23,0
111,2020,Gujarat Titans,Gerald Coetzee,4.0,18,0
111,2020,Gujarat Titans,Rahul Desai,2.0,14,2
111,2020,Gujarat Titans,Rahul Mishra,1.9,12,0
112,2020,Chennai Super Kings,Ravindra Jadeja,4.0,30,0
112,2020,Chennai Super Kings,Deepak Chahar,2.0,17,0
112,2020,Chennai Super Kings,Shivam Dube,3.4,29,0
112,2020,Chennai Super Kings,Matheesha Pathirana,4.0,45,1
112,2020,Chennai Super Kings,Moeen Ali,3.0,18,1
112,2020,Chennai Super Kings,Sanjay Chauhan,4.0,23,0
112,2020,Rajasthan Royals,Riyan Parag,4.0,40,0
112,2020,Rajasthan Royals,Yuzvendra Chahal,4.0,31,0
112,2020,Rajasthan Royals,Trent Boult,4.0,19,0
112,2020,Rajasthan Royals,Gaurav Dubey,1.7,11,1
112,2020,Rajasthan Royals,Ajay Dubey,3.0,18,0
112,2020,Rajasthan Royals,Karan Joshi,4.0,19,2
113,2020,Chennai Super Kings,Ravindra Jadeja,2.0,15,0
113,2020,Chennai Super Kings,Deepak Chahar,4.0,21,1
113,2020,Chennai Super Kings,Shivam Dube,1.0,7,0
113,2020,Chennai Super Kings,Matheesha Pathirana,3.0,22,1
113,2020,Chennai Super Kings,Moeen Ali,3.0,25,1
113,2020,Chennai Super Kings,Sanjay Chauhan,4.0,25,1
113,2020,Delhi Capitals,Axar Patel,3.0,30,0
113,2020,Delhi Capitals,Kuldeep Yadav,4.0,33,0
113,2020,Delhi Capitals,Mitchell Marsh,3.0,25,2
113,2020,Delhi Capitals,Ishant Sharma,3.0,19,0
113,2020,Delhi Capitals,Rahul Sinha,3.8,46,1
113,2020,Delhi Capitals,Siddharth Iyer,2.9,24,0
114,2020,Mumbai Indians,Jasprit Bumrah,4.0,29,1
114,2020,Mumbai Indians,Hardik Pandya,3.0,36,4
114,2020,Mumbai Indians,Piyush Chawla,1.8,12,0
114,2020,Mumbai Indians,Aman Verma,1.3,5,0
114,2020,Mumbai Indians,Dev Rao,4.0,27,1
114,2020,Mumbai Indians,Aryan Pillai,4.0,18,2
114,2020,Punjab Kings,Arshdeep Singh,4.0,18,3
114,2020,Punjab Kings,Liam Livingstone,3.5,27,0
114,2020,Punjab Kings,Sam Curran,2.0,23,2
114,2020,Punjab Kings,Kagiso Rabada,3.5,24,0
114,2020,Punjab Kings,Ajay Verma,2.0,20,1
114,2020,Punjab Kings,Dev Krishnan,3.0,25,0
115,2020,Delhi Capitals,Axar Patel,4.0,24,2
115,2020,Delhi Capitals,Kuldeep Yadav,3.0,29,0
115,2020,Delhi Capitals,Mitchell Marsh,2.0,12,0
115,2020,Delhi Capitals,Ishant Sharma,3.0,18,0
115,2020,Delhi Capitals,Rahul Sinha,2.0,17,2
115,2020,Delhi Capitals,Siddharth Iyer,2.0,9,0
115,2020,Lucknow Super Giants,Mayank Yadav,3.7,25,0
115,2020,Lucknow Super Giants,Ravi Bishnoi,4.0,30,1
115,2020,Lucknow Super Giants,Marcus Stoinis,3.0,26,0
115,2020,Lucknow Super Giants,Mohsin Khan,3.2,31,0
115,2020,Lucknow Super Giants,Nikhil Ghosh,3.9,27,1
115,2020,Lucknow Super Giants,Nikhil Reddy,4.0,22,0
116,2020,Royal Challengers Bengaluru,Glenn Maxwell,3.2,28,1
116,2020,Royal Challengers Bengaluru,Mohammed Siraj,4.0,34,0
116,2020,Royal Challengers Bengaluru,Cameron Green,4.0,24,0
116,2020,Royal Challengers Bengaluru,Yash Dayal,2.0,13,0
116,2020,Royal Challengers Bengaluru,Arjun Suresh,3.0,13,0
116,2020,Royal Challengers Bengaluru,Vikram Bose,2.0,16,3
116,2020,Delhi Capitals,Axar Patel,3.0,24,2
116,2020,Delhi Capitals,Kuldeep Yadav,2.0,13,0
116,2020,Delhi Capitals,Mitchell Marsh,2.0,18,0
116,2020,Delhi Capitals,Ishant Sharma,3.0,13,0
116,2020,Delhi Capitals,Rahul Sinha,4.0,39,0
116,2020,Delhi Capitals,Siddharth Iyer,4.0,36,2
117,2020,Chennai Super Kings,Ravindra Jadeja,3.0,26,0
117,2020,Chennai Super Kings,Deepak Chahar,2.0,19,0
117,2020,Chennai Super Kings,Shivam Dube,4.0,40,0
117,2020,Chennai Super Kings,Matheesha Pathirana,4.0,22,1
117,2020,Chennai Super Kings,Moeen Ali,3.0,23,1
117,2020,Chennai Super Kings,Sanjay Chauhan,4.0,38,0
117,2020,Punjab Kings,Arshdeep Singh,4.0,21,1
117,2020,Punjab Kings,Liam Livingstone,3.4,39,0
117,2020,Punjab Kings,Sam Curran,2.5,17,2
117,2020,Punjab Kings,Kagiso Rabada,3.0,22,1
117,2020,Punjab Kings,Ajay Verma,2.0,18,0
117,2020,Punjab Kings,Dev Krishnan,3.0,24,0
118,2020,Royal Challengers Bengaluru,Glenn Maxwell,2.0,15,0
118,2020,Royal Challengers Bengaluru,Mohammed Siraj,4.0,35,3
118,2020,Royal Challengers Bengaluru,Cameron Green,4.0,39,1
118,2020,Royal Challengers Bengaluru,Yash Dayal,3.0,13,1
118,2020,Royal Challengers Bengaluru,Arjun Suresh,4.0,22,1
118,2020,Royal Challengers Bengaluru,Vikram Bose,4.0,40,0
118,2020,Punjab Kings,Arshdeep Singh,3.0,18,0
118,2020,Punjab Kings,Liam Livingstone,2.0,19,2
118,2020,Punjab Kings,Sam Curran,4.0,33,0
118,2020,Punjab Kings,Kagiso Rabada,4.0,34,1
118,2020,Punjab Kings,Ajay Verma,3.0,21,1
118,2020,Punjab Kings,Dev Krishnan,2.0,11,0
119,2020,Chennai Super Kings,Ravindra Jadeja,3.0,23,3
119,2020,Chennai Super Kings,Deepak Chahar,3.2,24,0
119,2020,Chennai Super Kings,Shivam Dube,1.5,14,0
119,2020,Chennai Super Kings,Matheesha Pathirana,2.0,11,1
119,2020,Chennai Super Kings,Moeen Ali,4.0,25,2
119,2020,Chennai Super Kings,Sanjay Chauhan,4.0,18,1
119,2020,Sunrisers Hyderabad,Pat Cummins,2.0,17,0
119,2020,Sunrisers Hyderabad,Bhuvneshwar Kumar,2.0,14,1
119,2020,Sunrisers Hyderabad,Nitish Kumar Reddy,4.0,42,0
119,2020,Sunrisers Hyderabad,T Natarajan,2.0,11,1
119,2020,Sunrisers Hyderabad,Aman Pillai,3.0,23,1
119,2020,Sunrisers Hyderabad,Karthik Kulkarni,3.0,23,1
120,2020,Sunrisers Hyderabad,Pat Cummins,3.0,21,0
120,2020,Sunrisers Hyderabad,Bhuvneshwar Kumar,2.5,23,0
120,2020,Sunrisers Hyderabad,Nitish Kumar Reddy,2.0,14,0
120,2020,Sunrisers Hyderabad,T Natarajan,1.1,9,0
120,2020,Sunrisers Hyderabad,Aman Pillai,3.0,20,0
120,2020,Sunrisers Hyderabad,Karthik Kulkarni,3.0,19,1
120,2020,Lucknow Super Giants,Mayank Yadav,3.0,13,0
120,2020,Lucknow Super Giants,Ravi Bishnoi,1.5,11,0
120,2020,Lucknow Super Giants,Marcus Stoinis,3.0,17,2
120,2020,Lucknow Super Giants,Mohsin Khan,3.0,13,1
120,2020,Lucknow Super Giants,Nikhil Ghosh,3.0,40,0
120,2020,Lucknow Super Giants,Nikhil Reddy,3.0,33,0
121,2020,Punjab Kings,Arshdeep Singh,4.0,39,2
121,2020,Punjab Kings,Liam Livingstone,2.5,16,0
121,2020,Punjab Kings,Sam Curran,3.0,24,0
121,2020,Punjab Kings,Kagiso Rabada,4.0,19,3
121,2020,Punjab Kings,Ajay Verma,4.0,19,1
121,2020,Punjab Kings,Dev Krishnan,3.0,19,0
121,2020,Lucknow Super Giants,Mayank Yadav,2.0,22,1
121,2020,Lucknow Super Giants,Ravi Bishnoi,2.0,19,0
121,2020,Lucknow Super Giants,Marcus Stoinis,4.0,29,1
121,2020,Lucknow Super Giants,Mohsin Khan,4.0,33,4
121,2020,Lucknow Super Giants,Nikhil Ghosh,2.0,12,1
121,2020,Lucknow Super Giants,Nikhil Reddy,4.0,33,2
122,2020,Royal Challengers Bengaluru,Glenn Maxwell,3.0,30,1
122,2020,Royal Challengers Bengaluru,Mohammed Siraj,4.0,18,0
122,2020,Royal Challengers Bengaluru,Cameron Green,3.0,28,0
122,2020,Royal Challengers Bengaluru,Yash Dayal,1.8,16,3
122,2020,Royal Challengers Bengaluru,Arjun Suresh,4.0,28,0
122,2020,Royal Challengers Bengaluru,Vikram Bose,3.0,14,0
122,2020,Kolkata Knight Riders,Andre Russell,3.7,45,3
122,2020,Kolkata Knight Riders,Sunil Narine,3.0,27,0
122,2020,Kolkata Knight Riders,Varun Chakravarthy,2.0,15,0
122,2020,Kolkata Knight Riders,Venkatesh Iyer,4.0,32,0
122,2020,Kolkata Knight Riders,Mitchell Starc,2.0,13,0
122,2020,Kolkata Knight Riders,Pranav Chauhan,3.0,18,0
123,2020,Mumbai Indians,Jasprit Bumrah,3.0,24,0
123,2020,Mumbai Indians,Hardik Pandya,4.0,32,0
123,2020,Mumbai Indians,Piyush Chawla,4.0,32,0
123,2020,Mumbai Indians,Aman Verma,4.0,26,0
123,2020,Mumbai Indians,Dev Rao,3.0,27,0
123,2020,Mumbai Indians,Aryan Pillai,4.0,20,1
123,2020,Sunrisers Hyderabad,Pat Cummins,3.0,13,1
123,2020,Sunrisers Hyderabad,Bhuvneshwar Kumar,4.0,18,0
123,2020,Sunrisers Hyderabad,Nitish Kumar Reddy,4.0,23,1
123,2020,Sunrisers Hyderabad,T Natarajan,2.0,14,1
123,2020,Sunrisers Hyderabad,Aman Pillai,3.0,18,0
123,2020,Sunrisers Hyderabad,Karthik Kulkarni,3.0,17,0
124,2020,Kolkata Knight Riders,Andre Russell,4.0,25,0
124,2020,Kolkata Knight Riders,Sunil Narine,4.0,24,1
124,2020,Kolkata Knight Riders,Varun Chakravarthy,4.0,30,1
124,2020,Kolkata Knight Riders,Venkatesh Iyer,2.0,18,0
124,2020,Kolkata Knight Riders,Mitchell Starc,2.0,10,0
124,2020,Kolkata Knight Riders,Pranav Chauhan,3.0,22,0
124,2020,Punjab Kings,Arshdeep Singh,2.0,20,1
124,2020,Punjab Kings,Liam Livingstone,2.0,14,0
124,2020,Punjab Kings,Sam Curran,3.0,28,0
124,2020,Punjab Kings,Kagiso Rabada,4.0,23,0
124,2020,Punjab Kings,Ajay Verma,2.3,15,0
124,2020,Punjab Kings,Dev Krishnan,4.0,21,2
125,2020,Royal Challengers Bengaluru,Glenn Maxwell,2.0,12,0
125,2020,Royal Challengers Bengaluru,Mohammed Siraj,4.0,41,2
125,2020,Royal Challengers Bengaluru,Cameron Green,4.0,38,0
125,2020,Royal Challengers Bengaluru,Yash Dayal,3.0,19,2
125,2020,Royal Challengers Bengaluru,Arjun Suresh,4.0,32,0
125,2020,Royal Challengers Bengaluru,Vikram Bose,3.0,17,0
125,2020,Lucknow Super Giants,Mayank Yadav,4.0,18,0
125,2020,Lucknow Super Giants,Ravi Bishnoi,2.0,13,0
125,2020,Lucknow Super Giants,Marcus Stoinis,3.0,32,1
125,2020,Lucknow Super Giants,Mohsin Khan,2.0,9,0
125,2020,Lucknow Super Giants,Nikhil Ghosh,4.0,37,3
125,2020,Lucknow Super Giants,Nikhil Reddy,3.0,27,0
126,2020,Gujarat Titans,Rashid Khan,4.0,26,1
126,2020,Gujarat Titans,Mohammed Shami,2.0,12,0
126,2020,Gujarat Titans,Rahul Tewatia,2.0,10,0
126,2020,Gujarat Titans,Gerald Coetzee,2.0,14,2
126,2020,Gujarat Titans,Rahul Desai,4.0,29,2
126,2020,Gujarat Titans,Rahul Mishra,4.0,24,0
126,2020,Lucknow Super Giants,Mayank Yadav,4.0,31,1
126,2020,Lucknow Super Giants,Ravi Bishnoi,2.0,12,0
126,2020,Lucknow Super Giants,Marcus Stoinis,3.0,27,1
126,2020,Lucknow Super Giants,Mohsin Khan,2.0,13,1
126,2020,Lucknow Super Giants,Nikhil Ghosh,2.0,21,0
126,2020,Lucknow Super Giants,Nikhil Reddy,2.0,23,0
127,2020,Kolkata Knight Riders,Andre Russell,3.0,22,0
127,2020,Kolkata Knight Riders,Sunil Narine,3.0,35,0
127,2020,Kolkata Knight Riders,Varun Chakravarthy,2.0,10,1
127,2020,Kolkata Knight Riders,Venkatesh Iyer,2.0,16,0
127,2020,Kolkata Knight Riders,Mitchell Starc,3.0,13,3
127,2020,Kolkata Knight Riders,Pranav Chauhan,2.0,15,0
127,2020,Delhi Capitals,Axar Patel,3.0,24,3
127,2020,Delhi Capitals,Kuldeep Yadav,2.5,13,1
127,2020,Delhi Capitals,Mitchell Marsh,1.8,9,0
127,2020,Delhi Capitals,Ishant Sharma,4.0,18,0
127,2020,Delhi Capitals,Rahul Sinha,3.0,26,0
127,2020,Delhi Capitals,Siddharth Iyer,2.0,17,2
128,2020,Punjab Kings,Arshdeep Singh,2.2,10,0
128,2020,Punjab Kings,Liam Livingstone,3.0,23,0
128,2020,Punjab Kings,Sam Curran,2.0,9,1
128,2020,Punjab Kings,Kagiso Rabada,2.0,9,1
128,2020,Punjab Kings,Ajay Verma,2.0,15,2
128,2020,Punjab Kings,Dev Krishnan,3.0,25,0
128,2020,Sunrisers Hyderabad,Pat Cummins,4.0,31,1
128,2020,Sunrisers Hyderabad,Bhuvneshwar Kumar,2.0,18,1
128,2020,Sunrisers Hyderabad,Nitish Kumar Reddy,3.0,24,1
128,2020,Sunrisers Hyderabad,T Natarajan,4.0,18,0
128,2020,Sunrisers Hyderabad,Aman Pillai,2.2,20,0
128,2020,Sunrisers Hyderabad,Karthik Kulkarni,2.0,14,2
129,2020,Rajasthan Royals,Riyan Parag,3.0,27,0
129,2020,Rajasthan Royals,Yuzvendra Chahal,3.0,25,0
129,2020,Rajasthan Royals,Trent Boult,2.0,13,0
129,2020,Rajasthan Royals,Gaurav Dubey,4.0,37,0
129,2020,Rajasthan Royals,Ajay Dubey,3.0,24,0
129,2020,Rajasthan Royals,Karan Joshi,2.1,17,0
129,2020,Lucknow Super Giants,Mayank Yadav,3.0,21,0
129,2020,Lucknow Super Giants,Ravi Bishnoi,4.0,22,4
129,2020,Lucknow Super Giants,Marcus Stoinis,4.0,32,0
129,2020,Lucknow Super Giants,Mohsin Khan,4.0,37,1
129,2020,Lucknow Super Giants,Nikhil Ghosh,2.0,19,0
129,2020,Lucknow Super Giants,Nikhil Reddy,3.0,14,0
130,2020,Mumbai Indians,Jasprit Bumrah,3.0,24,1
130,2020,Mumbai Indians,Hardik Pandya,2.0,18,2
130,2020,Mumbai Indians,Piyush Chawla,4.0,37,3
130,2020,Mumbai Indians,Aman Verma,3.0,21,1
130,2020,Mumbai Indians,Dev Rao,4.0,48,0
130,2020,Mumbai Indians,Aryan Pillai,3.0,20,0
130,2020,Royal Challengers Bengaluru,Glenn Maxwell,2.0,18,0
130,2020,Royal Challengers Bengaluru,Mohammed Siraj,3.3,14,3
130,2020,Royal Challengers Bengaluru,Cameron Green,2.0,18,2
130,2020,Royal Challengers Bengaluru,Yash Dayal,3.1,13,0
130,2020,Royal Challengers Bengaluru,Arjun Suresh,4.0,36,1
130,2020,Royal Challengers Bengaluru,Vikram Bose,2.0,17,0
131,2020,Punjab Kings,Arshdeep Singh,1.0,4,4
131,2020,Punjab Kings,Liam Livingstone,4.0,27,0
131,2020,Punjab Kings,Sam Curran,3.0,25,1
131,2020,Punjab Kings,Kagiso Rabada,3.6,38,1
131,2020,Punjab Kings,Ajay Verma,2.0,9,1
131,2020,Punjab Kings,Dev Krishnan,3.0,24,0
131,2020,Rajasthan Royals,Riyan Parag,4.0,46,0
131,2020,Rajasthan Royals,Yuzvendra Chahal,4.0,31,4
131,2020,Rajasthan Royals,Trent Boult,3.0,21,1
131,2020,Rajasthan Royals,Gaurav Dubey,2.0,17,3
131,2020,Rajasthan Royals,Ajay Dubey,4.0,19,2
131,2020,Rajasthan Royals,Karan Joshi,2.0,14,2
132,2020,Delhi Capitals,Axar Patel,2.0,15,1
132,2020,Delhi Capitals,Kuldeep Yadav,2.0,17,0
132,2020,Delhi Capitals,Mitchell Marsh,3.1,25,0
132,2020,Delhi Capitals,Ishant Sharma,3.0,15,4
132,2020,Delhi Capitals,Rahul Sinha,2.0,21,1
132,2020,Delhi Capitals,Siddharth Iyer,4.0,32,2
132,2020,Punjab Kings,Arshdeep Singh,2.0,15,0
132,2020,Punjab Kings,Liam Livingstone,2.5,19,2
132,2020,Punjab Kings,Sam Curran,4.0,33,2
132,2020,Punjab Kings,Kagiso Rabada,3.0,32,2
132,2020,Punjab Kings,Ajay Verma,3.0,16,1
132,2020,Punjab Kings,Dev Krishnan,4.0,18,0
133,2020,Mumbai Indians,Jasprit Bumrah,3.8,38,0
133,2020,Mumbai Indians,Hardik Pandya,3.0,22,0
133,2020,Mumbai Indians,Piyush Chawla,4.0,28,2
133,2020,Mumbai Indians,Aman Verma,2.0,19,1
133,2020,Mumbai Indians,Dev Rao,3.0,29,0
133,2020,Mumbai Indians,Aryan Pillai,4.0,26,1
133,2020,Kolkata Knight Riders,Andre Russell,2.0,15,1
133,2020,Kolkata Knight Riders,Sunil Narine,2.4,17,1
133,2020,Kolkata Knight Riders,Varun Chakravarthy,3.0,27,0
133,2020,Kolkata Knight Riders,Venkatesh Iyer,4.0,32,0
133,2020,Kolkata Knight Riders,Mitchell Starc,2.0,12,1
133,2020,Kolkata Knight Riders,Pranav Chauhan,1.9,9,0
134,2020,Royal Challengers Bengaluru,Glenn Maxwell,3.0,27,0
134,2020,Royal Challengers Bengaluru,Mohammed Siraj,2.2,16,0
134,2020,Royal Challengers Bengaluru,Cameron Green,2.0,18,1
134,2020,Royal Challengers Bengaluru,Yash Dayal,4.0,35,2
134,2020,Royal Challengers Bengaluru,Arjun Suresh,3.0,13,0
134,2020,Royal Challengers Bengaluru,Vikram Bose,4.0,28,0
134,2020,Rajasthan Royals,Riyan Parag,3.0,24,0
134,2020,Rajasthan Royals,Yuzvendra Chahal,3.0,14,0
134,2020,Rajasthan Royals,Trent Boult,4.0,34,1
134,2020,Rajasthan Royals,Gaurav Dubey,2.0,14,0
134,2020,Rajasthan Royals,Ajay Dubey,4.0,30,1
134,2020,Rajasthan Royals,Karan Joshi,3.0,21,1
135,2020,Kolkata Knight Riders,Andre Russell,2.0,18,1
135,2020,Kolkata Knight Riders,Sunil Narine,2.0,13,1
135,2020,Kolkata Knight Riders,Varun Chakravarthy,2.0,15,0
135,2020,Kolkata Knight Riders,Venkatesh Iyer,4.0,41,0
135,2020,Kolkata Knight Riders,Mitchell Starc,1.6,11,4
135,2020,Kolkata Knight Riders,Pranav Chauhan,4.0,40,0
135,2020,Rajasthan Royals,Riyan Parag,2.0,13,0
135,2020,Rajasthan Royals,Yuzvendra Chahal,3.0,16,0
135,2020,Rajasthan Royals,Trent Boult,1.1,10,0
135,2020,Rajasthan Royals,Gaurav Dubey,3.5,28,0
135,2020,Rajasthan Royals,Ajay Dubey,2.0,9,1
135,2020,Rajasthan Royals,Karan Joshi,4.0,18,0
136,2021,Royal Challengers Bengaluru,Glenn Maxwell,4.0,43,1
136,2021,Royal Challengers Bengaluru,Mohammed Siraj,2.0,10,0
136,2021,Royal Challengers Bengaluru,Cameron Green,4.0,26,0
136,2021,Royal Challengers Bengaluru,Yash Dayal,1.7,10,0
136,2021,Royal Challengers Bengaluru,Arjun Suresh,2.0,19,1
136,2021,Royal Challengers Bengaluru,Vikram Bose,2.0,12,1
136,2021,Delhi Capitals,Axar Patel,1.5,13,0
136,2021,Delhi Capitals,Kuldeep Yadav,2.0,18,0
136,2021,Delhi Capitals,Mitchell Marsh,2.0,19,2
136,2021,Delhi Capitals,Ishant Sharma,2.0,9,0
136,2021,Delhi Capitals,Rahul Sinha,4.0,39,2
136,2021,Delhi Capitals,Siddharth Iyer,4.0,37,0
137,2021,Chennai Super Kings,Ravindra Jadeja,3.0,23,2
137,2021,Chennai Super Kings,Deepak Chahar,2.0,13,2
137,2021,Chennai Super Kings,Shivam Dube,2.0,13,1
137,2021,Chennai Super Kings,Matheesha Pathirana,3.0,16,0
137,2021,Chennai Super Kings,Moeen Ali,4.0,43,2
137,2021,Chennai Super Kings,Sanjay Chauhan,3.0,19,1
137,2021,Sunrisers Hyderabad,Pat Cummins,2.0,19,2
137,2021,Sunrisers Hyderabad,Bhuvneshwar Kumar,3.0,26,0
137,2021,Sunrisers Hyderabad,Nitish Kumar Reddy,4.0,49,2
137,2021,Sunrisers Hyderabad,T Natarajan,3.0,27,0
137,2021,Sunrisers Hyderabad,Aman Pillai,4.0,43,0
137,2021,Sunrisers Hyderabad,Karthik Kulkarni,3.0,22,0
138,2021,Chennai Super Kings,Ravindra Jadeja,2.0,17,1
138,2021,Chennai Super Kings,Deepak Chahar,1.7,10,2
138,2021,Chennai Super Kings,Shivam Dube,4.0,20,0
138,2021,Chennai Super Kings,Matheesha Pathirana,4.0,31,3
138,2021,Chennai Super Kings,Moeen Ali,2.0,13,0
138,2021,Chennai Super Kings,Sanjay Chauhan,3.0,18,0
138,2021,Kolkata Knight Riders,Andre Russell,4.0,27,0
138,2021,Kolkata Knight Riders,Sunil Narine,2.2,20,0
138,2021,Kolkata Knight Riders,Varun Chakravarthy,2.0,11,0
138,2021,Kolkata Knight Riders,Venkatesh Iyer,3.3,23,0
138,2021,Kolkata Knight Riders,Mitchell Starc,3.0,26,0
138,2021,Kolkata Knight Riders,Pranav Chauhan,2.5,12,3
139,2021,Royal Challengers Bengaluru,Glenn Maxwell,2.0,10,3
139,2021,Royal Challengers Bengaluru,Mohammed Siraj,3.0,17,2
139,2021,Royal Challengers Bengaluru,Cameron Green,4.0,32,3
139,2021,Royal Challengers Bengaluru,Yash Dayal,2.0,16,3
139,2021,Royal Challengers Bengaluru,Arjun Suresh,3.0,23,0
139,2021,Royal Challengers Bengaluru,Vikram Bose,4.0,18,0
139,2021,Kolkata Knight Riders,Andre Russell,4.0,34,2
139,2021,Kolkata Knight Riders,Sunil Narine,3.0,27,3
139,2021,Kolkata Knight Riders,Varun Chakravarthy,3.1,16,0
139,2021,Kolkata Knight Riders,Venkatesh Iyer,4.0,23,1
139,2021,Kolkata Knight Riders,Mitchell Starc,2.0,13,0
139,2021,Kolkata Knight Riders,Pranav Chauhan,2.8,15,0
140,2021,Kolkata Knight Riders,Andre Russell,2.0,15,1
140,2021,Kolkata Knight Riders,Sunil Narine,4.0,31,0
140,2021,Kolkata Knight Riders,Varun Chakravarthy,2.0,20,0
140,2021,Kolkata Knight Riders,Venkatesh Iyer,4.0,20,2
140,2021,Kolkata Knight Riders,Mitchell Starc,3.0,18,0
140,2021,Kolkata Knight Riders,Pranav Chauhan,3.0,16,1
140,2021,Lucknow Super Giants,Mayank Yadav,2.0,12,0
140,2021,Lucknow Super Giants,Ravi Bishnoi,3.0,24,0
140,2021,Lucknow Super Giants,Marcus Stoinis,2.0,22,2
140,2021,Lucknow Super Giants,Mohsin Khan,3.0,34,3
140,2021,Lucknow Super Giants,Nikhil Ghosh,3.0,32,0
140,2021,Lucknow Super Giants,Nikhil Reddy,1.0,8,1
141,2021,Mumbai Indians,Jasprit Bumrah,3.3,24,1
141,2021,Mumbai Indians,Hardik Pandya,4.0,25,1
141,2021,Mumbai Indians,Piyush Chawla,2.0,9,0
141,2021,Mumbai Indians,Aman Verma,3.0,19,0
141,2021,Mumbai Indians,Dev Rao,2.0,15,1
141,2021,Mumbai Indians,Aryan Pillai,4.0,25,1
141,2021,Royal Challengers Bengaluru,Glenn Maxwell,3.0,17,0
141,2021,Royal Challengers Bengaluru,Mohammed Siraj,3.0,19,0
141,2021,Royal Challengers Bengaluru,Cameron Green,3.8,24,0
141,2021,Royal Challengers Bengaluru,Yash Dayal,2.9,13,0
141,2021,Royal Challengers Bengaluru,Arjun Suresh,2.0,11,0
141,2021,Royal Challengers Bengaluru,Vikram Bose,4.0,18,4
142,2021,Kolkata Knight Riders,Andre Russell,3.0,23,1
142,2021,Kolkata Knight Riders,Sunil Narine,2.0,20,0
142,2021,Kolkata Knight Riders,Varun Chakravarthy,3.0,15,1
142,2021,Kolkata Knight Riders,Venkatesh Iyer,4.0,41,1
142,2021,Kolkata Knight Riders,Mitchell Starc,3.4,25,0
142,2021,Kolkata Knight Riders,Pranav Chauhan,4.0,45,1
142,2021,Gujarat Titans,Rashid Khan,2.0,18,1
142,2021,Gujarat Titans,Mohammed Shami,3.3,22,0
142,2021,Gujarat Titans,Rahul Tewatia,2.0,14,0
142,2021,Gujarat Titans,Gerald Coetzee,3.7,16,0
142,2021,Gujarat Titans,Rahul Desai,4.0,30,0
142,2021,Gujarat Titans,Rahul Mishra,2.0,13,0
143,2021,Kolkata Knight Riders,Andre Russell,2.0,12,2
143,2021,Kolkata Knight Riders,Sunil Narine,4.0,24,0
143,2021,Kolkata Knight Riders,Varun Chakravarthy,3.0,20,0
143,2021,Kolkata Knight Riders,Venkatesh Iyer,4.0,32,0
143,2021,Kolkata Knight Riders,Mitchell Starc,3.5,17,0
143,2021,Kolkata Knight Riders,Pranav Chauhan,3.0,18,1
143,2021,Delhi Capitals,Axar Patel,4.0,30,0
143,2021,Delhi Capitals,Kuldeep Yadav,3.0,28,0
143,2021,Delhi Capitals,Mitchell Marsh,3.0,31,0
143,2021,Delhi Capitals,Ishant Sharma,3.9,27,1
143,2021,Delhi Capitals,Rahul Sinha,2.0,11,0
143,2021,Delhi Capitals,Siddharth Iyer,3.0,22,0
144,2021,Delhi Capitals,Axar Patel,2.0,13,0
144,2021,Delhi Capitals,Kuldeep Yadav,4.0,18,0
144,2021,Delhi Capitals,Mitchell Marsh,4.0,39,0
144,2021,Delhi Capitals,Ishant Sharma,2.0,9,0
144,2021,Delhi Capitals,Rahul Sinha,3.0,26,0
144,2021,Delhi Capitals,Siddharth Iyer,2.0,15,3
144,2021,Punjab Kings,Arshdeep Singh,2.0,11,0
144,2021,Punjab Kings,Liam Livingstone,4.0,45,0
144,2021,Punjab Kings,Sam Curran,2.0,12,0
144,2021,Punjab Kings,Kagiso Rabada,4.0,32,0
144,2021,Punjab Kings,Ajay Verma,3.0,24,0
144,2021,Punjab Kings,Dev Krishnan,2.0,13,0
145,2021,Punjab Kings,Arshdeep Singh,4.0,24,2
145,2021,Punjab Kings,Liam Livingstone,3.0,34,1
145,2021,Punjab Kings,Sam Curran,2.0,19,0
145,2021,Punjab Kings,Kagiso Rabada,3.0,25,0
145,2021,Punjab Kings,Ajay Verma,4.0,24,2
145,2021,Punjab Kings,Dev Krishnan,2.0,13,2
145,2021,Rajasthan Royals,Riyan Parag,3.0,19,0
145,2021,Rajasthan Royals,Yuzvendra Chahal,2.7,21,2
145,2021,Rajasthan Royals,Trent Boult,4.0,26,4
145,2021,Rajasthan Royals,Gaurav Dubey,3.0,27,2
145,2021,Rajasthan Royals,Ajay Dubey,4.0,28,0
145,2021,Rajasthan Royals,Karan Joshi,3.0,20,2
146,2021,Mumbai Indians,Jasprit Bumrah,2.0,16,2
146,2021,Mumbai Indians,Hardik Pandya,3.0,27,2
146,2021,Mumbai Indians,Piyush Chawla,1.5,14,1
146,2021,Mumbai Indians,Aman Verma,4.0,29,0
146,2021,Mumbai Indians,Dev Rao,4.0,28,1
146,2021,Mumbai Indians,Aryan Pillai,2.0,22,1
146,2021,Punjab Kings,Arshdeep Singh,2.0,13,3
146,2021,Punjab Kings,Liam Livingstone,2.0,15,1
146,2021,Punjab Kings,Sam Curran,4.0,34,1
146,2021,Punjab Kings,Kagiso Rabada,2.0,13,3
146,2021,Punjab Kings,Ajay Verma,4.0,18,1
146,2021,Punjab Kings,Dev Krishnan,4.0,34,1
147,2021,Mumbai Indians,Jasprit Bumrah,3.0,15,0
147,2021,Mumbai Indians,Hardik Pandya,2.0,12,0
147,2021,Mumbai Indians,Piyush Chawla,3.0,16,2
147,2021,Mumbai Indians,Aman Verma,4.0,29,1
147,2021,Mumbai Indians,Dev Rao,4.0,43,0
147,2021,Mumbai Indians,Aryan Pillai,3.0,13,2
147,2021,Rajasthan Royals,Riyan Parag,2.0,25,0
147,2021,Rajasthan Royals,Yuzvendra Chahal,2.0,15,0
147,2021,Rajasthan Royals,Trent Boult,2.0,13,2
147,2021,Rajasthan Royals,Gaurav Dubey,2.0,11,1
147,2021,Rajasthan Royals,Ajay Dubey,4.0,30,1
147,2021,Rajasthan Royals,Karan Joshi,4.0,21,0
148,2021,Chennai Super Kings,Ravindra Jadeja,2.0,15,0
148,2021,Chennai Super Kings,Deepak Chahar,3.0,28,0
148,2021,Chennai Super Kings,Shivam Dube,2.0,13,0
148,2021,Chennai Super Kings,Matheesha Pathirana,4.0,26,1
148,2021,Chennai Super Kings,Moeen Ali,4.0,30,0
148,2021,Chennai Super Kings,Sanjay Chauhan,4.0,30,0
148,2021,Rajasthan Royals,Riyan Parag,4.0,25,0
148,2021,Rajasthan Royals,Yuzvendra Chahal,4.0,18,1
148,2021,Rajasthan Royals,Trent Boult,3.0,24,1
148,2021,Rajasthan Royals,Gaurav Dubey,2.0,11,0
148,2021,Rajasthan Royals,Ajay Dubey,4.0,40,0
148,2021,Rajasthan Royals,Karan Joshi,2.0,16,0
149,2021,Royal Challengers Bengaluru,Glenn Maxwell,3.0,24,0
149,2021,Royal Challengers Bengaluru,Mohammed Siraj,4.0,30,0
149,2021,Royal Challengers Bengaluru,Cameron Green,1.8,14,2
149,2021,Royal Challengers Bengaluru,Yash Dayal,2.6,16,0
149,2021,Royal Challengers Bengaluru,Arjun Suresh,4.0,34,0
149,2021,Royal Challengers Bengaluru,Vikram Bose,3.0,22,0
149,2021,Gujarat Titans,Rashid Khan,2.0,16,0
149,2021,Gujarat Titans,Mohammed Shami,4.0,24,1
149,2021,Gujarat Titans,Rahul Tewatia,3.0,23,0
149,2021,Gujarat Titans,Gerald Coetzee,3.0,13,0
149,2021,Gujarat Titans,Rahul Desai,2.0,11,0
149,2021,Gujarat Titans,Rahul Mishra,1.6,8,0
150,2021,Chennai Super Kings,Ravindra Jadeja,3.0,21,0
150,2021,Chennai Super Kings,Deepak Chahar,4.0,33,3
150,2021,Chennai Super Kings,Shivam Dube,4.0,47,1
150,2021,Chennai Super Kings,Matheesha Pathirana,3.0,21,0
150,2021,Chennai Super Kings,Moeen Ali,2.0,10,2
150,2021,Chennai Super Kings,Sanjay Chauhan,1.5,13,0
150,2021,Royal Challengers Bengaluru,Glenn Maxwell,4.0,43,1
150,2021,Royal Challengers Bengaluru,Mohammed Siraj,4.0,22,1
150,2021,Royal Challengers Bengaluru,Cameron Green,3.4,21,0
150,2021,Royal Challengers Bengaluru,Yash Dayal,4.0,31,0
150,2021,Royal Challengers Bengaluru,Arjun Suresh,2.0,9,0
150,2021,Royal Challengers Bengaluru,Vikram Bose,2.0,10,2
151,2021,Sunrisers Hyderabad,Pat Cummins,3.0,13,0
151,2021,Sunrisers Hyderabad,Bhuvneshwar Kumar,2.9,21,0
151,2021,Sunrisers Hyderabad,Nitish Kumar Reddy,3.0,29,0
151,2021,Sunrisers Hyderabad,T Natarajan,4.0,21,1
151,2021,Sunrisers Hyderabad,Aman Pillai,2.0,14,1
151,2021,Sunrisers Hyderabad,Karthik Kulkarni,4.0,18,0
151,2021,Lucknow Super Giants,Mayank Yadav,4.0,31,1
151,2021,Lucknow Super Giants,Ravi Bishnoi,2.0,9,0
151,2021,Lucknow Super Giants,Marcus Stoinis,3.0,21,0
151,2021,Lucknow Super Giants,Mohsin Khan,3.0,19,0
151,2021,Lucknow Super Giants,Nikhil Ghosh,3.0,30,1
151,2021,Lucknow Super Giants,Nikhil Reddy,2.0,9,1
152,2021,Delhi Capitals,Axar Patel,3.0,20,1
152,2021,Delhi Capitals,Kuldeep Yadav,3.0,21,0
152,2021,Delhi Capitals,Mitchell Marsh,3.0,32,0
152,2021,Delhi Capitals,Ishant Sharma,4.0,18,2
152,2021,Delhi Capitals,Rahul Sinha,3.0,17,0
152,2021,Delhi Capitals,Siddharth Iyer,3.2,32,2
152,2021,Rajasthan Royals,Riyan Parag,4.0,36,0
152,2021,Rajasthan Royals,Yuzvendra Chahal,3.6,20,1
152,2021,Rajasthan Royals,Trent Boult,2.0,17,1
152,2021,Rajasthan Royals,Gaurav Dubey,2.0,9,1
152,2021,Rajasthan Royals,Ajay Dubey,4.0,31,0
152,2021,Rajasthan Royals,Karan Joshi,4.0,28,0
153,2021,Kolkata Knight Riders,Andre Russell,2.0,15,0
153,2021,Kolkata Knight Riders,Sunil Narine,4.0,25,1
153,2021,Kolkata Knight Riders,Varun Chakravarthy,4.0,26,0
153,2021,Kolkata Knight Riders,Venkatesh Iyer,2.2,18,2
153,2021,Kolkata Knight Riders,Mitchell Starc,4.0,43,1
153,2021,Kolkata Knight Riders,Pranav Chauhan,2.0,13,1
153,2021,Punjab Kings,Arshdeep Singh,4.0,18,4
153,2021,Punjab Kings,Liam Livingstone,4.0,39,1
153,2021,Punjab Kings,Sam Curran,4.0,37,0
153,2021,Punjab Kings,Kagiso Rabada,3.0,13,0
153,2021,Punjab Kings,Ajay Verma,2.0,10,1
153,2021,Punjab Kings,Dev Krishnan,3.0,23,3
154,2021,Mumbai Indians,Jasprit Bumrah,4.0,28,0
154,2021,Mumbai Indians,Hardik Pandya,4.0,25,0
154,2021,Mumbai Indians,Piyush Chawla,3.3,30,0
154,2021,Mumbai Indians,Aman Verma,3.0,29,1
154,2021,Mumbai Indians,Dev Rao,2.0,17,0
154,2021,Mumbai Indians,Aryan Pillai,4.0,30,0
154,2021,Chennai Super Kings,Ravindra Jadeja,2.0,20,0
154,2021,Chennai Super Kings,Deepak Chahar,2.0,15,0
154,2021,Chennai Super Kings,Shivam Dube,2.0,22,0
154,2021,Chennai Super Kings,Matheesha Pathirana,2.0,9,0
154,2021,Chennai Super Kings,Moeen Ali,4.0,24,0
154,2021,Chennai Super Kings,Sanjay Chauhan,3.3,22,0
155,2021,Chennai Super Kings,Ravindra Jadeja,2.0,20,2
155,2021,Chennai Super Kings,Deepak Chahar,3.0,17,0
155,2021,Chennai Super Kings,Shivam Dube,2.0,18,2
155,2021,Chennai Super Kings,Matheesha Pathirana,3.0,18,1
155,2021,Chennai Super Kings,Moeen Ali,3.5,25,0
155,2021,Chennai Super Kings,Sanjay Chauhan,4.0,23,0
155,2021,Delhi Capitals,Axar Patel,4.0,38,0
155,2021,Delhi Capitals,Kuldeep Yadav,3.0,20,0
155,2021,Delhi Capitals,Mitchell Marsh,2.0,24,0
155,2021,Delhi Capitals,Ishant Sharma,2.0,14,3
155,2021,Delhi Capitals,Rahul Sinha,2.0,14,1
155,2021,Delhi Capitals,Siddharth Iyer,3.0,14,1
156,2021,Delhi Capitals,Axar Patel,3.0,33,0
156,2021,Delhi Capitals,Kuldeep Yadav,3.0,26,0
156,2021,Delhi Capitals,Mitchell Marsh,3.0,17,0
156,2021,Delhi Capitals,Ishant Sharma,2.0,19,0
156,2021,Delhi Capitals,Rahul Sinha,2.0,12,1
156,2021,Delhi Capitals,Siddharth Iyer,3.0,29,0
156,2021,Sunrisers Hyderabad,Pat Cummins,3.0,24,0
156,2021,Sunrisers Hyderabad,Bhuvneshwar Kumar,3.2,27,2
156,2021,Sunrisers Hyderabad,Nitish Kumar Reddy,4.0,34,2
156,2021,Sunrisers Hyderabad,T Natarajan,2.0,16,1
156,2021,Sunrisers Hyderabad,Aman Pillai,2.0,13,1
156,2021,Sunrisers Hyderabad,Karthik Kulkarni,3.0,23,0
157,2021,Mumbai Indians,Jasprit Bumrah,4.0,30,0
157,2021,Mumbai Indians,Hardik Pandya,2.0,21,1
157,2021,Mumbai Indians,Piyush Chawla,2.0,19,0
157,2021,Mumbai Indians,Aman Verma,3.0,15,1
157,2021,Mumbai Indians,Dev Rao,1.6,13,2
157,2021,Mumbai Indians,Aryan Pillai,4.0,45,1
157,2021,Gujarat Titans,Rashid Khan,2.2,17,0
157,2021,Gujarat Titans,Mohammed Shami,3.0,20,2
157,2021,Gujarat Titans,Rahul Tewatia,2.0,20,1
157,2021,Gujarat Titans,Gerald Coetzee,3.0,19,0
157,2021,Gujarat Titans,Rahul Desai,4.0,33,0
157,2021,Gujarat Titans,Rahul Mishra,4.0,31,3
158,2021,Sunrisers Hyderabad,Pat Cummins,3.5,15,0
158,2021,Sunrisers Hyderabad,Bhuvneshwar Kumar,3.0,17,0
158,2021,Sunrisers Hyderabad,Nitish Kumar Reddy,4.0,36,1
158,2021,Sunrisers Hyderabad,T Natarajan,2.2,22,0
158,2021,Sunrisers Hyderabad,Aman Pillai,4.0,39,0
158,2021,Sunrisers Hyderabad,Karthik Kulkarni,2.0,16,0
158,2021,Gujarat Titans,Rashid Khan,4.0,26,0
158,2021,Gujarat Titans,Mohammed Shami,4.0,21,0
158,2021,Gujarat Titans,Rahul Tewatia,2.0,10,0
158,2021,Gujarat Titans,Gerald Coetzee,4.0,25,0
158,2021,Gujarat Titans,Rahul Desai,3.0,23,2
158,2021,Gujarat Titans,Rahul Mishra,1.9,8,3
159,2021,Rajasthan Royals,Riyan Parag,2.0,18,1
159,2021,Rajasthan Royals,Yuzvendra Chahal,4.0,18,0
159,2021,Rajasthan Royals,Trent Boult,3.0,20,0
159,2021,Rajasthan Royals,Gaurav Dubey,3.0,18,0
159,2021,Rajasthan Royals,Ajay Dubey,4.0,32,1
159,2021,Rajasthan Royals,Karan Joshi,4.0,36,0
159,2021,Lucknow Super Giants,Mayank Yadav,2.0,14,2
159,2021,Lucknow Super Giants,Ravi Bishnoi,4.0,20,0
159,2021,Lucknow Super Giants,Marcus Stoinis,2.0,17,0
159,2021,Lucknow Super Giants,Mohsin Khan,4.0,37,0
159,2021,Lucknow Super Giants,Nikhil Ghosh,4.0,34,0
159,2021,Lucknow Super Giants,Nikhil Reddy,3.0,21,1
160,2021,Mumbai Indians,Jasprit Bumrah,3.0,13,0
160,2021,Mumbai Indians,Hardik Pandya,3.3,22,0
160,2021,Mumbai Indians,Piyush Chawla,3.0,17,2
160,2021,Mumbai Indians,Aman Verma,4.0,34,0
160,2021,Mumbai Indians,Dev Rao,2.0,12,0
160,2021,Mumbai Indians,Aryan Pillai,3.9,29,0
160,2021,Sunrisers Hyderabad,Pat Cummins,4.0,18,1
160,2021,Sunrisers Hyderabad,Bhuvneshwar Kumar,2.0,13,0
160,2021,Sunrisers Hyderabad,Nitish Kumar Reddy,3.0,18,0
160,2021,Sunrisers Hyderabad,T Natarajan,4.0,19,0
160,2021,Sunrisers Hyderabad,Aman Pillai,4.0,26,0
160,2021,Sunrisers Hyderabad,Karthik Kulkarni,3.0,27,1
161,2021,Rajasthan Royals,Riyan Parag,3.0,29,0
161,2021,Rajasthan Royals,Yuzvendra Chahal,2.0,17,0
161,2021,Rajasthan Royals,Trent Boult,2.0,12,2
161,2021,Rajasthan Royals,Gaurav Dubey,2.0,11,2
161,2021,Rajasthan Royals,Ajay Dubey,4.0,29,2
161,2021,Rajasthan Royals,Karan Joshi,2.0,10,0
161,2021,Gujarat Titans,Rashid Khan,4.0,25,0
161,2021,Gujarat Titans,Mohammed Shami,1.0,8,0
161,2021,Gujarat Titans,Rahul Tewatia,2.0,12,4
161,2021,Gujarat Titans,Gerald Coetzee,3.0,21,1
161,2021,Gujarat Titans,Rahul Desai,3.0,25,2
161,2021,Gujarat Titans,Rahul Mishra,4.0,40,3
162,2021,Punjab Kings,Arshdeep Singh,2.0,11,0
162,2021,Punjab Kings,Liam Livingstone,4.0,40,3
162,2021,Punjab Kings,Sam Curran,3.0,19,1
162,2021,Punjab Kings,Kagiso Rabada,2.7,15,0
162,2021,Punjab Kings,Ajay Verma,4.0,30,0
162,2021,Punjab Kings,Dev Krishnan,3.0,32,2
162,2021,Sunrisers Hyderabad,Pat Cummins,2.0,13,0
162,2021,Sunrisers Hyderabad,Bhuvneshwar Kumar,1.5,8,0
162,2021,Sunrisers Hyderabad,Nitish Kumar Reddy,3.0,24,0
162,2021,Sunrisers Hyderabad,T Natarajan,2.0,10,0
162,2021,Sunrisers Hyderabad,Aman Pillai,2.0,20,4
162,2021,Sunrisers Hyderabad,Karthik Kulkarni,2.0,11,0
163,2021,Kolkata Knight Riders,Andre Russell,2.0,15,0
163,2021,Kolkata Knight Riders,Sunil Narine,4.0,19,0
163,2021,Kolkata Knight Riders,Varun Chakravarthy,3.0,24,2
163,2021,Kolkata Knight Riders,Venkatesh Iyer,3.0,20,0
163,2021,Kolkata Knight Riders,Mitchell Starc,2.0,14,2
163,2021,Kolkata Knight Riders,Pranav Chauhan,2.0,14,2
163,2021,Sunrisers Hyderabad,Pat Cummins,3.0,23,3
163,2021,Sunrisers Hyderabad,Bhuvneshwar Kumar,4.0,38,0
163,2021,Sunrisers Hyderabad,Nitish Kumar Reddy,1.8,11,0
163,2021,Sunrisers Hyderabad,T Natarajan,4.0,20,0
163,2021,Sunrisers Hyderabad,Aman Pillai,2.0,10,1
163,2021,Sunrisers Hyderabad,Karthik Kulkarni,2.0,9,0
164,2021,Mumbai Indians,Jasprit Bumrah,4.0,27,0
164,2021,Mumbai Indians,Hardik Pandya,3.0,27,2
164,2021,Mumbai Indians,Piyush Chawla,1.7,17,0
164,2021,Mumbai Indians,Aman Verma,2.0,15,3
164,2021,Mumbai Indians,Dev Rao,3.0,20,0
164,2021,Mumbai Indians,Aryan Pillai,4.0,27,4
164,2021,Kolkata Knight Riders,Andre Russell,3.0,17,0
164,2021,Kolkata Knight Riders,Sunil Narine,2.0,14,0
164,2021,Kolkata Knight Riders,Varun Chakravarthy,1.1,10,0
164,2021,Kolkata Knight Riders,Venkatesh Iyer,3.0,18,1
164,2021,Kolkata Knight Riders,Mitchell Starc,4.0,26,1
164,2021,Kolkata Knight Riders,Pranav Chauhan,4.0,18,1
165,2021,Kolkata Knight Riders,Andre Russell,2.0,15,0
165,2021,Kolkata Knight Riders,Sunil Narine,2.0,9,1
165,2021,Kolkata Knight Riders,Varun Chakravarthy,2.7,19,2
165,2021,Kolkata Knight Riders,Venkatesh Iyer,3.0,13,3
165,2021,Kolkata Knight Riders,Mitchell Starc,4.0,28,1
165,2021,Kolkata Knight Riders,Pranav Chauhan,4.0,19,2
165,2021,Rajasthan Royals,Riyan Parag,3.0,25,2
165,2021,Rajasthan Royals,Yuzvendra Chahal,4.0,26,2
165,2021,Rajasthan Royals,Trent Boult,4.0,18,0
165,2021,Rajasthan Royals,Gaurav Dubey,2.4,17,0
165,2021,Rajasthan Royals,Ajay Dubey,3.0,14,2
165,2021,Rajasthan Royals,Karan Joshi,2.0,11,0
166,2021,Gujarat Titans,Rashid Khan,3.0,17,1
166,2021,Gujarat Titans,Mohammed Shami,3.0,18,1
166,2021,Gujarat Titans,Rahul Tewatia,2.0,14,1
166,2021,Gujarat Titans,Gerald Coetzee,2.0,18,1
166,2021,Gujarat Titans,Rahul Desai,4.0,39,2
166,2021,Gujarat Titans,Rahul Mishra,3.0,18,0
166,2021,Lucknow Super Giants,Mayank Yadav,3.0,13,0
166,2021,Lucknow Super Giants,Ravi Bishnoi,1.1,8,3
166,2021,Lucknow Super Giants,Marcus Stoinis,3.0,37,2
166,2021,Lucknow Super Giants,Mohsin Khan,3.0,25,1
166,2021,Lucknow Super Giants,Nikhil Ghosh,2.0,18,3
166,2021,Lucknow Super Giants,Nikhil Reddy,3.0,22,1
167,2021,Delhi Capitals,Axar Patel,3.0,31,1
167,2021,Delhi Capitals,Kuldeep Yadav,4.0,20,0
167,2021,Delhi Capitals,Mitchell Marsh,2.0,13,2
167,2021,Delhi Capitals,Ishant Sharma,3.0,25,0
167,2021,Delhi Capitals,Rahul Sinha,4.0,35,1
167,2021,Delhi Capitals,Siddharth Iyer,3.0,19,1
167,2021,Lucknow Super Giants,Mayank Yadav,3.0,17,0
167,2021,Lucknow Super Giants,Ravi Bishnoi,2.0,10,0
167,2021,Lucknow Super Giants,Marcus Stoinis,4.0,27,3
167,2021,Lucknow Super Giants,Mohsin Khan,4.0,22,0
167,2021,Lucknow Super Giants,Nikhil Ghosh,4.0,38,1
167,2021,Lucknow Super Giants,Nikhil Reddy,3.0,17,0
168,2021,Mumbai Indians,Jasprit Bumrah,3.0,22,1
168,2021,Mumbai Indians,Hardik Pandya,4.0,30,0
168,2021,Mumbai Indians,Piyush Chawla,4.0,18,0
168,2021,Mumbai Indians,Aman Verma,3.0,23,0
168,2021,Mumbai Indians,Dev Rao,3.0,23,1
168,2021,Mumbai Indians,Aryan Pillai,2.0,15,3
168,2021,Lucknow Super Giants,Mayank Yadav,3.0,19,0
168,2021,Lucknow Super Giants,Ravi Bishnoi,3.0,19,0
168,2021,Lucknow Super Giants,Marcus Stoinis,4.0,48,0
168,2021,Lucknow Super Giants,Mohsin Khan,3.0,22,1
168,2021,Lucknow Super Giants,Nikhil Ghosh,2.0,13,0
168,2021,Lucknow Super Giants,Nikhil Reddy,4.0,36,0
169,2021,Delhi Capitals,Axar Patel,2.0,16,0
169,2021,Delhi Capitals,Kuldeep Yadav,4.0,31,0
169,2021,Delhi Capitals,Mitchell Marsh,2.0,19,1
169,2021,Delhi Capitals,Ishant Sharma,3.0,13,0
169,2021,Delhi Capitals,Rahul Sinha,2.0,20,1
169,2021,Delhi Capitals,Siddharth Iyer,2.0,19,0
169,2021,Gujarat Titans,Rashid Khan,1.6,11,1
169,2021,Gujarat Titans,Mohammed Shami,4.0,26,2
169,2021,Gujarat Titans,Rahul Tewatia,4.0,36,0
169,2021,Gujarat Titans,Gerald Coetzee,2.6,13,3
169,2021,Gujarat Titans,Rahul Desai,2.0,12,2
169,2021,Gujarat Titans,Rahul Mishra,2.0,12,3
170,2021,Royal Challengers Bengaluru,Glenn Maxwell,2.0,20,0
170,2021,Royal Challengers Bengaluru,Mohammed Siraj,3.3,17,2
170,2021,Royal Challengers Bengaluru,Cameron Green,4.0,29,2
170,2021,Royal Challengers Bengaluru,Yash Dayal,4.0,37,1
170,2021,Royal Challengers Bengaluru,Arjun Suresh,2.0,14,0
170,2021,Royal Challengers Bengaluru,Vikram Bose,3.0,15,1
170,2021,Lucknow Super Giants,Mayank Yadav,2.0,14,0
170,2021,Lucknow Super Giants,Ravi Bishnoi,3.0,18,2
170,2021,Lucknow Super Giants,Marcus Stoinis,4.0,33,0
170,2021,Lucknow Super Giants,Mohsin Khan,4.0,33,0
170,2021,Lucknow Super Giants,Nikhil Ghosh,3.0,19,1
170,2021,Lucknow Super Giants,Nikhil Reddy,4.0,24,0
171,2021,Punjab Kings,Arshdeep Singh,2.0,14,0
171,2021,Punjab Kings,Liam Livingstone,4.0,54,1
171,2021,Punjab Kings,Sam Curran,3.0,26,2
171,2021,Punjab Kings,Kagiso Rabada,2.0,17,0
171,2021,Punjab Kings,Ajay Verma,4.0,42,2
171,2021,Punjab Kings,Dev Krishnan,4.0,28,0
171,2021,Gujarat Titans,Rashid Khan,2.0,9,0
171,2021,Gujarat Titans,Mohammed Shami,1.3,11,2
171,2021,Gujarat Titans,Rahul Tewatia,4.0,20,0
171,2021,Gujarat Titans,Gerald Coetzee,2.0,14,3
171,2021,Gujarat Titans,Rahul Desai,3.0,22,0
171,2021,Gujarat Titans,Rahul Mishra,4.0,33,0
172,2021,Royal Challengers Bengaluru,Glenn Maxwell,4.0,45,0
172,2021,Royal Challengers Bengaluru,Mohammed Siraj,4.0,29,0
172,2021,Royal Challengers Bengaluru,Cameron Green,1.1,11,0
172,2021,Royal Challengers Bengaluru,Yash Dayal,2.0,19,0
172,2021,Royal Challengers Bengaluru,Arjun Suresh,3.0,23,0
172,2021,Royal Challengers Bengaluru,Vikram Bose,2.0,10,0
172,2021,Rajasthan Royals,Riyan Parag,4.0,35,0
172,2021,Rajasthan Royals,Yuzvendra Chahal,4.0,29,2
172,2021,Rajasthan Royals,Trent Boult,4.0,36,2
172,2021,Rajasthan Royals,Gaurav Dubey,3.0,21,0
172,2021,Rajasthan Royals,Ajay Dubey,3.1,30,0
172,2021,Rajasthan Royals,Karan Joshi,3.0,23,0
173,2021,Royal Challengers Bengaluru,Glenn Maxwell,3.8,30,0
173,2021,Royal Challengers Bengaluru,Mohammed Siraj,2.0,14,0
173,2021,Royal Challengers Bengaluru,Cameron Green,4.0,35,0
173,2021,Royal Challengers Bengaluru,Yash Dayal,2.0,15,1
173,2021,Royal Challengers Bengaluru,Arjun Suresh,4.0,31,0
173,2021,Royal Challengers Bengaluru,Vikram Bose,4.0,26,1
173,2021,Punjab Kings,Arshdeep Singh,2.6,12,0
173,2021,Punjab Kings,Liam Livingstone,3.3,34,2
173,2021,Punjab Kings,Sam Curran,2.1,15,0
173,2021,Punjab Kings,Kagiso Rabada,4.0,21,0
173,2021,Punjab Kings,Ajay Verma,2.0,15,0
173,2021,Punjab Kings,Dev Krishnan,3.0,27,1
174,2021,Chennai Super Kings,Ravindra Jadeja,3.0,22,0
174,2021,Chennai Super Kings,Deepak Chahar,4.0,29,1
174,2021,Chennai Super Kings,Shivam Dube,1.8,18,0
174,2021,Chennai Super Kings,Matheesha Pathirana,1.0,7,3
174,2021,Chennai Super Kings,Moeen Ali,4.0,39,1
174,2021,Chennai Super Kings,Sanjay Chauhan,2.5,18,0
174,2021,Gujarat Titans,Rashid Khan,1.5,12,0
174,2021,Gujarat Titans,Mohammed Shami,3.0,21,0
174,2021,Gujarat Titans,Rahul Tewatia,3.0,22,0
174,2021,Gujarat Titans,Gerald Coetzee,3.0,20,0
174,2021,Gujarat Titans,Rahul Desai,4.0,18,1
174,2021,Gujarat Titans,Rahul Mishra,1.8,12,0
175,2021,Chennai Super Kings,Ravindra Jadeja,4.0,33,1
175,2021,Chennai Super Kings,Deepak Chahar,3.0,13,0
175,2021,Chennai Super Kings,Shivam Dube,4.0,21,0
175,2021,Chennai Super Kings,Matheesha Pathirana,4.0,23,4
175,2021,Chennai Super Kings,Moeen Ali,4.0,35,2
175,2021,Chennai Super Kings,Sanjay Chauhan,4.0,36,4
175,2021,Punjab Kings,Arshdeep Singh,3.0,17,0
175,2021,Punjab Kings,Liam Livingstone,4.0,38,0
175,2021,Punjab Kings,Sam Curran,3.0,26,0
175,2021,Punjab Kings,Kagiso Rabada,3.0,21,1
175,2021,Punjab Kings,Ajay Verma,4.0,26,2
175,2021,Punjab Kings,Dev Krishnan,4.0,27,0
176,2021,Chennai Super Kings,Ravindra Jadeja,4.0,40,0
176,2021,Chennai Super Kings,Deepak Chahar,3.0,27,0
176,2021,Chennai Super Kings,Shivam Dube,3.0,23,2
176,2021,Chennai Super Kings,Matheesha Pathirana,1.6,10,0
176,2021,Chennai Super Kings,Moeen Ali,2.0,12,0
176,2021,Chennai Super Kings,Sanjay Chauhan,3.0,14,2
176,2021,Lucknow Super Giants,Mayank Yadav,4.0,31,1
176,2021,Lucknow Super Giants,Ravi Bishnoi,4.0,27,1
176,2021,Lucknow Super Giants,Marcus Stoinis,3.0,19,0
176,2021,Lucknow Super Giants,Mohsin Khan,1.8,8,2
176,2021,Lucknow Super Giants,Nikhil Ghosh,2.0,13,1
176,2021,Lucknow Super Giants,Nikhil Reddy,2.0,17,2
177,2021,Royal Challengers Bengaluru,Glenn Maxwell,2.0,26,2
177,2021,Royal Challengers Bengaluru,Mohammed Siraj,2.0,9,0
177,2021,Royal Challengers Bengaluru,Cameron Green,2.0,14,0
177,2021,Royal Challengers Bengaluru,Yash Dayal,3.4,15,3
177,2021,Royal Challengers Bengaluru,Arjun Suresh,4.0,25,0
177,2021,Royal Challengers Bengaluru,Vikram Bose,4.0,18,1
177,2021,Sunrisers Hyderabad,Pat Cummins,3.0,13,1
177,2021,Sunrisers Hyderabad,Bhuvneshwar Kumar,4.0,24,3
177,2021,Sunrisers Hyderabad,Nitish Kumar Reddy,2.0,17,1
177,2021,Sunrisers Hyderabad,T Natarajan,4.0,24,1
177,2021,Sunrisers Hyderabad,Aman Pillai,2.0,19,1
177,2021,Sunrisers Hyderabad,Karthik Kulkarni,4.0,22,0
178,2021,Punjab Kings,Arshdeep Singh,2.0,16,0
178,2021,Punjab Kings,Liam Livingstone,2.0,14,1
178,2021,Punjab Kings,Sam Curran,3.0,25,0
178,2021,Punjab Kings,Kagiso Rabada,3.0,24,1
178,2021,Punjab Kings,Ajay Verma,3.0,29,0
178,2021,Punjab Kings,Dev Krishnan,4.0,34,3
178,2021,Lucknow Super Giants,Mayank Yadav,2.0,14,2
178,2021,Lucknow Super Giants,Ravi Bishnoi,2.4,13,0
178,2021,Lucknow Super Giants,Marcus Stoinis,4.0,46,0
178,2021,Lucknow Super Giants,Mohsin Khan,3.0,13,0
178,2021,Lucknow Super Giants,Nikhil Ghosh,2.0,15,0
178,2021,Lucknow Super Giants,Nikhil Reddy,2.4,14,0
179,2021,Rajasthan Royals,Riyan Parag,3.0,25,1
179,2021,Rajasthan Royals,Yuzvendra Chahal,3.8,24,2
179,2021,Rajasthan Royals,Trent Boult,3.0,23,3
179,2021,Rajasthan Royals,Gaurav Dubey,3.0,25,0
179,2021,Rajasthan Royals,Ajay Dubey,3.0,31,1
179,2021,Rajasthan Royals,Karan Joshi,3.0,18,1
179,2021,Sunrisers Hyderabad,Pat Cummins,4.0,27,1
179,2021,Sunrisers Hyderabad,Bhuvneshwar Kumar,2.0,12,2
179,2021,Sunrisers Hyderabad,Nitish Kumar Reddy,4.0,40,0
179,2021,Sunrisers Hyderabad,T Natarajan,4.0,29,3
179,2021,Sunrisers Hyderabad,Aman Pillai,3.0,20,2
179,2021,Sunrisers Hyderabad,Karthik Kulkarni,4.0,28,0
180,2021,Mumbai Indians,Jasprit Bumrah,2.0,15,1
180,2021,Mumbai Indians,Hardik Pandya,2.0,16,1
180,2021,Mumbai Indians,Piyush Chawla,3.0,15,0
180,2021,Mumbai Indians,Aman Verma,2.0,20,1
180,2021,Mumbai Indians,Dev Rao,3.0,21,3
180,2021,Mumbai Indians,Aryan Pillai,2.0,15,0
180,2021,Delhi Capitals,Axar Patel,2.0,11,0
180,2021,Delhi Capitals,Kuldeep Yadav,3.0,14,3
180,2021,Delhi Capitals,Mitchell Marsh,2.5,15,2
180,2021,Delhi Capitals,Ishant Sharma,3.0,20,0
180,2021,Delhi Capitals,Rahul Sinha,4.0,39,2
180,2021,Delhi Capitals,Siddharth Iyer,4.0,32,2
181,2022,Royal Challengers Bengaluru,Glenn Maxwell,3.0,26,0
181,2022,Royal Challengers Bengaluru,Mohammed Siraj,4.0,35,0
181,2022,Royal Challengers Bengaluru,Cameron Green,2.0,25,1
181,2022,Royal Challengers Bengaluru,Yash Dayal,2.0,13,0
181,2022,Royal Challengers Bengaluru,Arjun Suresh,3.0,22,3
181,2022,Royal Challengers Bengaluru,Vikram Bose,2.0,19,4
181,2022,Lucknow Super Giants,Mayank Yadav,2.0,15,1
181,2022,Lucknow Super Giants,Ravi Bishnoi,3.0,21,1
181,2022,Lucknow Super Giants,Marcus Stoinis,3.1,23,1
181,2022,Lucknow Super Giants,Mohsin Khan,4.0,18,0
181,2022,Lucknow Super Giants,Nikhil Ghosh,4.0,32,0
181,2022,Lucknow Super Giants,Nikhil Reddy,1.6,9,0
182,2022,Chennai Super Kings,Ravindra Jadeja,4.0,18,2
182,2022,Chennai Super Kings,Deepak Chahar,3.0,29,0
182,2022,Chennai Super Kings,Shivam Dube,3.0,16,2
182,2022,Chennai Super Kings,Matheesha Pathirana,2.0,9,2
182,2022,Chennai Super Kings,Moeen Ali,1.7,14,2
182,2022,Chennai Super Kings,Sanjay Chauhan,2.9,27,1
182,2022,Rajasthan Royals,Riyan Parag,2.0,22,2
182,2022,Rajasthan Royals,Yuzvendra Chahal,2.0,12,1
182,2022,Rajasthan Royals,Trent Boult,3.0,16,0
182,2022,Rajasthan Royals,Gaurav Dubey,1.6,12,0
182,2022,Rajasthan Royals,Ajay Dubey,3.9,22,2
182,2022,Rajasthan Royals,Karan Joshi,2.0,13,0
183,2022,Punjab Kings,Arshdeep Singh,2.0,16,2
183,2022,Punjab Kings,Liam Livingstone,3.0,28,1
183,2022,Punjab Kings,Sam Curran,4.0,35,2
183,2022,Punjab Kings,Kagiso Rabada,3.0,24,1
183,2022,Punjab Kings,Ajay Verma,4.0,25,2
183,2022,Punjab Kings,Dev Krishnan,3.0,23,0
183,2022,Lucknow Super Giants,Mayank Yadav,2.0,19,0
183,2022,Lucknow Super Giants,Ravi Bishnoi,3.0,22,0
183,2022,Lucknow Super Giants,Marcus Stoinis,4.0,36,1
183,2022,Lucknow Super Giants,Mohsin Khan,3.0,22,0
183,2022,Lucknow Super Giants,Nikhil Ghosh,3.0,20,1
183,2022,Lucknow Super Giants,Nikhil Reddy,2.0,19,0
184,2022,Rajasthan Royals,Riyan Parag,4.0,32,1
184,2022,Rajasthan Royals,Yuzvendra Chahal,4.0,26,2
184,2022,Rajasthan Royals,Trent Boult,2.0,11,0
184,2022,Rajasthan Royals,Gaurav Dubey,3.0,33,1
184,2022,Rajasthan Royals,Ajay Dubey,4.0,41,1
184,2022,Rajasthan Royals,Karan Joshi,3.6,30,3
184,2022,Lucknow Super Giants,Mayank Yadav,4.0,24,0
184,2022,Lucknow Super Giants,Ravi Bishnoi,3.0,27,1
184,2022,Lucknow Super Giants,Marcus Stoinis,4.0,39,0
184,2022,Lucknow Super Giants,Mohsin Khan,3.0,20,3
184,2022,Lucknow Super Giants,Nikhil Ghosh,2.4,24,2
184,2022,Lucknow Super Giants,Nikhil Reddy,3.0,30,1
185,2022,Kolkata Knight Riders,Andre Russell,2.0,12,0
185,2022,Kolkata Knight Riders,Sunil Narine,4.0,27,0
185,2022,Kolkata Knight Riders,Varun Chakravarthy,4.0,40,0
185,2022,Kolkata Knight Riders,Venkatesh Iyer,3.0,29,4
185,2022,Kolkata Knight Riders,Mitchell Starc,2.0,16,0
185,2022,Kolkata Knight Riders,Pranav Chauhan,3.0,29,0
185,2022,Delhi Capitals,Axar Patel,4.0,29,1
185,2022,Delhi Capitals,Kuldeep Yadav,2.0,13,0
185,2022,Delhi Capitals,Mitchell Marsh,3.6,37,1
185,2022,Delhi Capitals,Ishant Sharma,2.0,19,0
185,2022,Delhi Capitals,Rahul Sinha,3.1,27,2
185,2022,Delhi Capitals,Siddharth Iyer,3.0,20,0
186,2022,Kolkata Knight Riders,Andre Russell,3.0,38,0
186,2022,Kolkata Knight Riders,Sunil Narine,2.0,18,0
186,2022,Kolkata Knight Riders,Varun Chakravarthy,2.0,12,2
186,2022,Kolkata Knight Riders,Venkatesh Iyer,3.0,14,1
186,2022,Kolkata Knight Riders,Mitchell Starc,4.0,22,0
186,2022,Kolkata Knight Riders,Pranav Chauhan,2.0,17,0
186,2022,Lucknow Super Giants,Mayank Yadav,3.0,13,1
186,2022,Lucknow Super Giants,Ravi Bishnoi,1.6,11,1
186,2022,Lucknow Super Giants,Marcus Stoinis,4.0,23,2
186,2022,Lucknow Super Giants,Mohsin Khan,4.0,28,1
186,2022,Lucknow Super Giants,Nikhil Ghosh,2.0,17,0
186,2022,Lucknow Super Giants,Nikhil Reddy,4.0,21,0
187,2022,Mumbai Indians,Jasprit Bumrah,4.0,39,2
187,2022,Mumbai Indians,Hardik Pandya,3.0,32,1
187,2022,Mumbai Indians,Piyush Chawla,2.0,10,4
187,2022,Mumbai Indians,Aman Verma,4.0,44,1
187,2022,Mumbai Indians,Dev Rao,2.0,14,1
187,2022,Mumbai Indians,Aryan Pillai,2.0,9,0
187,2022,Rajasthan Royals,Riyan Parag,4.0,26,0
187,2022,Rajasthan Royals,Yuzvendra Chahal,3.0,31,0
187,2022,Rajasthan Royals,Trent Boult,4.0,39,2
187,2022,Rajasthan Royals,Gaurav Dubey,4.0,22,2
187,2022,Rajasthan Royals,Ajay Dubey,2.0,14,0
187,2022,Rajasthan Royals,Karan Joshi,2.0,13,1
188,2022,Delhi Capitals,Axar Patel,3.0,22,2
188,2022,Delhi Capitals,Kuldeep Yadav,2.0,19,1
188,2022,Delhi Capitals,Mitchell Marsh,3.0,36,0
188,2022,Delhi Capitals,Ishant Sharma,3.0,26,0
188,2022,Delhi Capitals,Rahul Sinha,3.0,13,1
188,2022,Delhi Capitals,Siddharth Iyer,2.0,19,1
188,2022,Lucknow Super Giants,Mayank Yadav,2.0,23,0
188,2022,Lucknow Super Giants,Ravi Bishnoi,3.0,14,0
188,2022,Lucknow Super Giants,Marcus Stoinis,3.1,27,0
188,2022,Lucknow Super Giants,Mohsin Khan,2.0,20,1
188,2022,Lucknow Super Giants,Nikhil Ghosh,4.0,29,2
188,2022,Lucknow Super Giants,Nikhil Reddy,3.0,30,1
189,2022,Delhi Capitals,Axar Patel,1.8,16,2
189,2022,Delhi Capitals,Kuldeep Yadav,3.0,32,0
189,2022,Delhi Capitals,Mitchell Marsh,2.0,19,1
189,2022,Delhi Capitals,Ishant Sharma,3.0,13,0
189,2022,Delhi Capitals,Rahul Sinha,4.0,37,0
189,2022,Delhi Capitals,Siddharth Iyer,2.0,19,2
189,2022,Punjab Kings,Arshdeep Singh,4.0,21,0
189,2022,Punjab Kings,Liam Livingstone,4.0,33,0
189,2022,Punjab Kings,Sam Curran,4.0,27,2
189,2022,Punjab Kings,Kagiso Rabada,2.0,16,1
189,2022,Punjab Kings,Ajay Verma,3.0,31,1
189,2022,Punjab Kings,Dev Krishnan,2.0,12,0
190,2022,Chennai Super Kings,Ravindra Jadeja,2.1,21,2
190,2022,Chennai Super Kings,Deepak Chahar,2.0,17,0
190,2022,Chennai Super Kings,Shivam Dube,3.2,28,0
190,2022,Chennai Super Kings,Matheesha Pathirana,2.0,9,0
190,2022,Chennai Super Kings,Moeen Ali,4.0,32,0
190,2022,Chennai Super Kings,Sanjay Chauhan,3.3,25,0
190,2022,Kolkata Knight Riders,Andre Russell,2.0,18,0
190,2022,Kolkata Knight Riders,Sunil Narine,2.7,28,0
190,2022,Kolkata Knight Riders,Varun Chakravarthy,4.0,28,2
190,2022,Kolkata Knight Riders,Venkatesh Iyer,4.0,35,1
190,2022,Kolkata Knight Riders,Mitchell Starc,3.0,14,0
190,2022,Kolkata Knight Riders,Pranav Chauhan,3.0,19,0
191,2022,Mumbai Indians,Jasprit Bumrah,4.0,24,2
191,2022,Mumbai Indians,Hardik Pandya,2.0,18,0
191,2022,Mumbai Indians,Piyush Chawla,3.0,18,1
191,2022,Mumbai Indians,Aman Verma,4.0,37,0
191,2022,Mumbai Indians,Dev Rao,3.0,20,0
191,2022,Mumbai Indians,Aryan Pillai,4.0,28,1
191,2022,Delhi Capitals,Axar Patel,4.0,26,1
191,2022,Delhi Capitals,Kuldeep Yadav,4.0,31,1
191,2022,Delhi Capitals,Mitchell Marsh,2.1,20,2
191,2022,Delhi Capitals,Ishant Sharma,4.0,26,0
191,2022,Delhi Capitals,Rahul Sinha,3.0,32,1
191,2022,Delhi Capitals,Siddharth Iyer,3.0,26,2
192,2022,Royal Challengers Bengaluru,Glenn Maxwell,4.0,28,0
192,2022,Royal Challengers Bengaluru,Mohammed Siraj,3.0,21,0
192,2022,Royal Challengers Bengaluru,Cameron Green,4.0,39,0
192,2022,Royal Challengers Bengaluru,Yash Dayal,2.3,15,1
192,2022,Royal Challengers Bengaluru,Arjun Suresh,1.3,8,1
192,2022,Royal Challengers Bengaluru,Vikram Bose,3.0,22,1
192,2022,Gujarat Titans,Rashid Khan,4.0,26,0
192,2022,Gujarat Titans,Mohammed Shami,4.0,30,2
192,2022,Gujarat Titans,Rahul Tewatia,2.0,14,0
192,2022,Gujarat Titans,Gerald Coetzee,3.0,24,1
192,2022,Gujarat Titans,Rahul Desai,2.0,10,1
192,2022,Gujarat Titans,Rahul Mishra,2.0,11,0
193,2022,Chennai Super Kings,Ravindra Jadeja,2.3,21,0
193,2022,Chennai Super Kings,Deepak Chahar,4.0,29,1
193,2022,Chennai Super Kings,Shivam Dube,4.0,21,0
193,2022,Chennai Super Kings,Matheesha Pathirana,3.0,21,0
193,2022,Chennai Super Kings,Moeen Ali,2.0,15,0
193,2022,Chennai Super Kings,Sanjay Chauhan,4.0,31,0
193,2022,Punjab Kings,Arshdeep Singh,3.0,22,0
193,2022,Punjab Kings,Liam Livingstone,2.2,24,0
193,2022,Punjab Kings,Sam Curran,4.0,27,1
193,2022,Punjab Kings,Kagiso Rabada,4.0,29,0
193,2022,Punjab Kings,Ajay Verma,1.4,9,4
193,2022,Punjab Kings,Dev Krishnan,2.5,23,0
194,2022,Chennai Super Kings,Ravindra Jadeja,3.0,25,0
194,2022,Chennai Super Kings,Deepak Chahar,2.0,19,0
194,2022,Chennai Super Kings,Shivam Dube,2.0,24,3
194,2022,Chennai Super Kings,Matheesha Pathirana,4.0,31,0
194,2022,Chennai Super Kings,Moeen Ali,2.0,15,1
194,2022,Chennai Super Kings,Sanjay Chauhan,1.2,8,0
194,2022,Royal Challengers Bengaluru,Glenn Maxwell,2.0,18,0
194,2022,Royal Challengers Bengaluru,Mohammed Siraj,3.0,22,1
194,2022,Royal Challengers Bengaluru,Cameron Green,2.0,17,3
194,2022,Royal Challengers Bengaluru,Yash Dayal,4.0,36,0
194,2022,Royal Challengers Bengaluru,Arjun Suresh,3.7,36,0
194,2022,Royal Challengers Bengaluru,Vikram Bose,4.0,29,0
195,2022,Delhi Capitals,Axar Patel,4.0,54,0
195,2022,Delhi Capitals,Kuldeep Yadav,2.0,12,1
195,2022,Delhi Capitals,Mitchell Marsh,4.0,35,1
195,2022,Delhi Capitals,Ishant Sharma,4.0,25,0
195,2022,Delhi Capitals,Rahul Sinha,3.0,24,0
195,2022,Delhi Capitals,Siddharth Iyer,3.0,27,0
195,2022,Sunrisers Hyderabad,Pat Cummins,2.0,15,0
195,2022,Sunrisers Hyderabad,Bhuvneshwar Kumar,3.0,17,0
195,2022,Sunrisers Hyderabad,Nitish Kumar Reddy,3.0,25,0
195,2022,Sunrisers Hyderabad,T Natarajan,3.0,13,0
195,2022,Sunrisers Hyderabad,Aman Pillai,3.0,14,3
195,2022,Sunrisers Hyderabad,Karthik Kulkarni,2.0,18,0
196,2022,Rajasthan Royals,Riyan Parag,4.0,34,1
196,2022,Rajasthan Royals,Yuzvendra Chahal,4.0,39,1
196,2022,Rajasthan Royals,Trent Boult,2.6,18,1
196,2022,Rajasthan Royals,Gaurav Dubey,4.0,24,1
196,2022,Rajasthan Royals,Ajay Dubey,4.0,37,0
196,2022,Rajasthan Royals,Karan Joshi,3.0,14,1
196,2022,Sunrisers Hyderabad,Pat Cummins,3.0,13,0
196,2022,Sunrisers Hyderabad,Bhuvneshwar Kumar,2.0,9,2
196,2022,Sunrisers Hyderabad,Nitish Kumar Reddy,2.0,21,0
196,2022,Sunrisers Hyderabad,T Natarajan,3.6,21,0
196,2022,Sunrisers Hyderabad,Aman Pillai,1.5,9,0
196,2022,Sunrisers Hyderabad,Karthik Kulkarni,3.0,16,0
197,2022,Kolkata Knight Riders,Andre Russell,2.0,9,0
197,2022,Kolkata Knight Riders,Sunil Narine,1.3,8,0
197,2022,Kolkata Knight Riders,Varun Chakravarthy,3.0,20,1
197,2022,Kolkata Knight Riders,Venkatesh Iyer,4.0,39,0
197,2022,Kolkata Knight Riders,Mitchell Starc,3.0,20,0
197,2022,Kolkata Knight Riders,Pranav Chauhan,4.0,18,1
197,2022,Sunrisers Hyderabad,Pat Cummins,4.0,19,0
197,2022,Sunrisers Hyderabad,Bhuvneshwar Kumar,3.0,23,0
197,2022,Sunrisers Hyderabad,Nitish Kumar Reddy,2.0,12,0
197,2022,Sunrisers Hyderabad,T Natarajan,2.0,14,2
197,2022,Sunrisers Hyderabad,Aman Pillai,3.0,16,0
197,2022,Sunrisers Hyderabad,Karthik Kulkarni,2.0,9,1
198,2022,Punjab Kings,Arshdeep Singh,4.0,18,0
198,2022,Punjab Kings,Liam Livingstone,3.0,20,0
198,2022,Punjab Kings,Sam Curran,2.4,20,0
198,2022,Punjab Kings,Kagiso Rabada,2.0,9,2
198,2022,Punjab Kings,Ajay Verma,3.0,13,0
198,2022,Punjab Kings,Dev Krishnan,3.0,18,1
198,2022,Rajasthan Royals,Riyan Parag,2.0,16,0
198,2022,Rajasthan Royals,Yuzvendra Chahal,2.0,14,0
198,2022,Rajasthan Royals,Trent Boult,3.0,23,0
198,2022,Rajasthan Royals,Gaurav Dubey,4.0,23,1
198,2022,Rajasthan Royals,Ajay Dubey,2.7,15,0
198,2022,Rajasthan Royals,Karan Joshi,4.0,18,1
199,2022,Kolkata Knight Riders,Andre Russell,2.8,22,1
199,2022,Kolkata Knight Riders,Sunil Narine,2.0,18,2
199,2022,Kolkata Knight Riders,Varun Chakravarthy,4.0,24,2
199,2022,Kolkata Knight Riders,Venkatesh Iyer,3.0,27,1
199,2022,Kolkata Knight Riders,Mitchell Starc,2.0,24,0
199,2022,Kolkata Knight Riders,Pranav Chauhan,3.0,21,0
199,2022,Punjab Kings,Arshdeep Singh,4.0,47,0
199,2022,Punjab Kings,Liam Livingstone,3.0,28,1
199,2022,Punjab Kings,Sam Curran,4.0,30,0
199,2022,Punjab Kings,Kagiso Rabada,4.0,21,1
199,2022,Punjab Kings,Ajay Verma,4.0,32,3
199,2022,Punjab Kings,Dev Krishnan,3.0,28,2
200,2022,Mumbai Indians,Jasprit Bumrah,4.0,30,0
200,2022,Mumbai Indians,Hardik Pandya,3.0,17,1
200,2022,Mumbai Indians,Piyush Chawla,3.0,21,0
200,2022,Mumbai Indians,Aman Verma,2.0,15,2
200,2022,Mumbai Indians,Dev Rao,2.3,15,1
200,2022,Mumbai Indians,Aryan Pillai,2.0,12,0
200,2022,Chennai Super Kings,Ravindra Jadeja,3.0,32,1
200,2022,Chennai Super Kings,Deepak Chahar,2.0,17,0
200,2022,Chennai Super Kings,Shivam Dube,1.8,11,0
200,2022,Chennai Super Kings,Matheesha Pathirana,2.0,11,1
200,2022,Chennai Super Kings,Moeen Ali,3.0,27,1
200,2022,Chennai Super Kings,Sanjay Chauhan,2.0,14,0
201,2022,Delhi Capitals,Axar Patel,3.0,20,1
201,2022,Delhi Capitals,Kuldeep Yadav,2.0,9,0
201,2022,Delhi Capitals,Mitchell Marsh,1.3,12,0
201,2022,Delhi Capitals,Ishant Sharma,4.0,24,2
201,2022,Delhi Capitals,Rahul Sinha,3.0,23,1
201,2022,Delhi Capitals,Siddharth Iyer,2.0,15,3
201,2022,Rajasthan Royals,Riyan Parag,3.0,18,0
201,2022,Rajasthan Royals,Yuzvendra Chahal,2.0,14,0
201,2022,Rajasthan Royals,Trent Boult,2.0,17,1
201,2022,Rajasthan Royals,Gaurav Dubey,4.0,31,0
201,2022,Rajasthan Royals,Ajay Dubey,3.9,32,0
201,2022,Rajasthan Royals,Karan Joshi,2.3,19,2
202,2022,Mumbai Indians,Jasprit Bumrah,4.0,25,0
202,2022,Mumbai Indians,Hardik Pandya,4.0,33,3
202,2022,Mumbai Indians,Piyush Chawla,3.0,16,0
202,2022,Mumbai Indians,Aman Verma,2.4,16,4
202,2022,Mumbai Indians,Dev Rao,2.0,15,0
202,2022,Mumbai Indians,Aryan Pillai,4.0,29,0
202,2022,Royal Challengers Bengaluru,Glenn Maxwell,2.0,13,0
202,2022,Royal Challengers Bengaluru,Mohammed Siraj,2.0,9,1
202,2022,Royal Challengers Bengaluru,Cameron Green,4.0,42,0
202,2022,Royal Challengers Bengaluru,Yash Dayal,4.0,36,0
202,2022,Royal Challengers Bengaluru,Arjun Suresh,4.0,18,1
202,2022,Royal Challengers Bengaluru,Vikram Bose,3.0,17,1
203,2022,Royal Challengers Bengaluru,Glenn Maxwell,4.0,28,2
203,2022,Royal Challengers Bengaluru,Mohammed Siraj,3.0,27,0
203,2022,Royal Challengers Bengaluru,Cameron Green,3.0,19,4
203,2022,Royal Challengers Bengaluru,Yash Dayal,3.9,28,0
203,2022,Royal Challengers Bengaluru,Arjun Suresh,3.0,17,2
203,2022,Royal Challengers Bengaluru,Vikram Bose,2.1,14,0
203,2022,Rajasthan Royals,Riyan Parag,3.0,25,2
203,2022,Rajasthan Royals,Yuzvendra Chahal,3.0,14,0
203,2022,Rajasthan Royals,Trent Boult,4.0,34,3
203,2022,Rajasthan Royals,Gaurav Dubey,2.0,10,0
203,2022,Rajasthan Royals,Ajay Dubey,4.0,31,0
203,2022,Rajasthan Royals,Karan Joshi,2.0,13,1
204,2022,Chennai Super Kings,Ravindra Jadeja,2.0,13,2
204,2022,Chennai Super Kings,Deepak Chahar,2.0,21,1
204,2022,Chennai Super Kings,Shivam Dube,3.4,27,1
204,2022,Chennai Super Kings,Matheesha Pathirana,3.0,20,0
204,2022,Chennai Super Kings,Moeen Ali,4.0,30,2
204,2022,Chennai Super Kings,Sanjay Chauhan,4.0,25,0
204,2022,Gujarat Titans,Rashid Khan,2.0,9,1
204,2022,Gujarat Titans,Mohammed Shami,2.0,15,0
204,2022,Gujarat Titans,Rahul Tewatia,4.0,34,0
204,2022,Gujarat Titans,Gerald Coetzee,1.4,10,0
204,2022,Gujarat Titans,Rahul Desai,4.0,34,1
204,2022,Gujarat Titans,Rahul Mishra,2.2,12,3
205,2022,Punjab Kings,Arshdeep Singh,3.0,20,0
205,2022,Punjab Kings,Liam Livingstone,2.0,15,0
205,2022,Punjab Kings,Sam Curran,1.6,15,2
205,2022,Punjab Kings,Kagiso Rabada,2.0,17,0
205,2022,Punjab Kings,Ajay Verma,4.0,18,0
205,2022,Punjab Kings,Dev Krishnan,3.2,26,0
205,2022,Gujarat Titans,Rashid Khan,4.0,28,1
205,2022,Gujarat Titans,Mohammed Shami,4.0,31,1
205,2022,Gujarat Titans,Rahul Tewatia,2.0,14,0
205,2022,Gujarat Titans,Gerald Coetzee,3.0,20,0
205,2022,Gujarat Titans,Rahul Desai,3.0,13,0
205,2022,Gujarat Titans,Rahul Mishra,3.0,13,3
206,2022,Rajasthan Royals,Riyan Parag,4.0,38,0
206,2022,Rajasthan Royals,Yuzvendra Chahal,3.0,16,0
206,2022,Rajasthan Royals,Trent Boult,4.0,19,0
206,2022,Rajasthan Royals,Gaurav Dubey,4.0,20,0
206,2022,Rajasthan Royals,Ajay Dubey,3.0,17,0
206,2022,Rajasthan Royals,Karan Joshi,4.0,35,1
206,2022,Gujarat Titans,Rashid Khan,3.0,13,0
206,2022,Gujarat Titans,Mohammed Shami,2.0,17,0
206,2022,Gujarat Titans,Rahul Tewatia,3.0,25,1
206,2022,Gujarat Titans,Gerald Coetzee,4.0,18,0
206,2022,Gujarat Titans,Rahul Desai,3.2,22,0
206,2022,Gujarat Titans,Rahul Mishra,3.7,16,1
207,2022,Kolkata Knight Riders,Andre Russell,3.0,30,0
207,2022,Kolkata Knight Riders,Sunil Narine,3.0,27,0
207,2022,Kolkata Knight Riders,Varun Chakravarthy,3.0,13,3
207,2022,Kolkata Knight Riders,Venkatesh Iyer,4.0,40,2
207,2022,Kolkata Knight Riders,Mitchell Starc,4.0,34,0
207,2022,Kolkata Knight Riders,Pranav Chauhan,3.0,25,0
207,2022,Gujarat Titans,Rashid Khan,2.0,13,0
207,2022,Gujarat Titans,Mohammed Shami,4.0,38,2
207,2022,Gujarat Titans,Rahul Tewatia,4.0,39,0
207,2022,Gujarat Titans,Gerald Coetzee,3.0,22,1
207,2022,Gujarat Titans,Rahul Desai,2.0,9,2
207,2022,Gujarat Titans,Rahul Mishra,2.0,13,0
208,2022,Mumbai Indians,Jasprit Bumrah,4.0,32,0
208,2022,Mumbai Indians,Hardik Pandya,2.0,15,1
208,2022,Mumbai Indians,Piyush Chawla,2.0,13,0
208,2022,Mumbai Indians,Aman Verma,3.0,21,0
208,2022,Mumbai Indians,Dev Rao,3.0,21,0
208,2022,Mumbai Indians,Aryan Pillai,3.0,21,0
208,2022,Gujarat Titans,Rashid Khan,2.0,16,0
208,2022,Gujarat Titans,Mohammed Shami,1.6,11,0
208,2022,Gujarat Titans,Rahul Tewatia,4.0,27,1
208,2022,Gujarat Titans,Gerald Coetzee,2.0,14,0
208,2022,Gujarat Titans,Rahul Desai,3.0,20,0
208,2022,Gujarat Titans,Rahul Mishra,4.0,26,0
209,2022,Mumbai Indians,Jasprit Bumrah,3.0,20,0
209,2022,Mumbai Indians,Hardik Pandya,2.0,16,0
209,2022,Mumbai Indians,Piyush Chawla,3.0,17,1
209,2022,Mumbai Indians,Aman Verma,3.0,15,0
209,2022,Mumbai Indians,Dev Rao,2.5,23,0
209,2022,Mumbai Indians,Aryan Pillai,2.0,13,0
209,2022,Lucknow Super Giants,Mayank Yadav,3.0,25,3
209,2022,Lucknow Super Giants,Ravi Bishnoi,4.0,37,1
209,2022,Lucknow Super Giants,Marcus Stoinis,4.0,23,1
209,2022,Lucknow Super Giants,Mohsin Khan,3.9,33,2
209,2022,Lucknow Super Giants,Nikhil Ghosh,2.0,12,0
209,2022,Lucknow Super Giants,Nikhil Reddy,3.0,17,3
210,2022,Gujarat Titans,Rashid Khan,2.0,19,0
210,2022,Gujarat Titans,Mohammed Shami,2.0,9,1
210,2022,Gujarat Titans,Rahul Tewatia,4.0,25,0
210,2022,Gujarat Titans,Gerald Coetzee,3.8,24,0
210,2022,Gujarat Titans,Rahul Desai,3.5,19,1
210,2022,Gujarat Titans,Rahul Mishra,3.0,19,0
210,2022,Lucknow Super Giants,Mayank Yadav,3.0,20,0
210,2022,Lucknow Super Giants,Ravi Bishnoi,3.0,13,0
210,2022,Lucknow Super Giants,Marcus Stoinis,4.0,23,2
210,2022,Lucknow Super Giants,Mohsin Khan,2.1,9,0
210,2022,Lucknow Super Giants,Nikhil Ghosh,3.0,23,0
210,2022,Lucknow Super Giants,Nikhil Reddy,2.0,14,0
211,2022,Chennai Super Kings,Ravindra Jadeja,4.0,30,0
211,2022,Chennai Super Kings,Deepak Chahar,3.0,19,0
211,2022,Chennai Super Kings,Shivam Dube,2.0,13,0
211,2022,Chennai Super Kings,Matheesha Pathirana,2.0,16,0
211,2022,Chennai Super Kings,Moeen Ali,3.0,14,1
211,2022,Chennai Super Kings,Sanjay Chauhan,4.0,25,0
211,2022,Sunrisers Hyderabad,Pat Cummins,2.0,17,1
211,2022,Sunrisers Hyderabad,Bhuvneshwar Kumar,3.0,23,0
211,2022,Sunrisers Hyderabad,Nitish Kumar Reddy,3.0,25,0
211,2022,Sunrisers Hyderabad,T Natarajan,4.0,24,0
211,2022,Sunrisers Hyderabad,Aman Pillai,2.0,19,1
211,2022,Sunrisers Hyderabad,Karthik Kulkarni,4.0,33,0
212,2022,Mumbai Indians,Jasprit Bumrah,4.0,18,0
212,2022,Mumbai Indians,Hardik Pandya,2.0,18,0
212,2022,Mumbai Indians,Piyush Chawla,2.3,15,1
212,2022,Mumbai Indians,Aman Verma,3.0,14,0
212,2022,Mumbai Indians,Dev Rao,2.0,12,0
212,2022,Mumbai Indians,Aryan Pillai,2.0,13,0
212,2022,Kolkata Knight Riders,Andre Russell,4.0,28,1
212,2022,Kolkata Knight Riders,Sunil Narine,3.0,27,1
212,2022,Kolkata Knight Riders,Varun Chakravarthy,4.0,25,1
212,2022,Kolkata Knight Riders,Venkatesh Iyer,4.0,22,0
212,2022,Kolkata Knight Riders,Mitchell Starc,3.0,13,0
212,2022,Kolkata Knight Riders,Pranav Chauhan,4.0,22,2
213,2022,Punjab Kings,Arshdeep Singh,2.0,17,1
213,2022,Punjab Kings,Liam Livingstone,3.0,33,0
213,2022,Punjab Kings,Sam Curran,4.0,41,0
213,2022,Punjab Kings,Kagiso Rabada,2.0,9,1
213,2022,Punjab Kings,Ajay Verma,3.0,18,1
213,2022,Punjab Kings,Dev Krishnan,3.0,16,1
213,2022,Sunrisers Hyderabad,Pat Cummins,2.4,20,0
213,2022,Sunrisers Hyderabad,Bhuvneshwar Kumar,4.0,31,1
213,2022,Sunrisers Hyderabad,Nitish Kumar Reddy,3.0,38,1
213,2022,Sunrisers Hyderabad,T Natarajan,2.0,17,1
213,2022,Sunrisers Hyderabad,Aman Pillai,3.0,24,4
213,2022,Sunrisers Hyderabad,Karthik Kulkarni,2.1,13,0
214,2022,Mumbai Indians,Jasprit Bumrah,4.0,39,0
214,2022,Mumbai Indians,Hardik Pandya,4.0,36,0
214,2022,Mumbai Indians,Piyush Chawla,4.0,30,0
214,2022,Mumbai Indians,Aman Verma,4.0,18,0
214,2022,Mumbai Indians,Dev Rao,2.0,17,0
214,2022,Mumbai Indians,Aryan Pillai,2.0,12,0
214,2022,Sunrisers Hyderabad,Pat Cummins,2.0,9,0
214,2022,Sunrisers Hyderabad,Bhuvneshwar Kumar,4.0,20,0
214,2022,Sunrisers Hyderabad,Nitish Kumar Reddy,3.0,27,0
214,2022,Sunrisers Hyderabad,T Natarajan,3.0,16,0
214,2022,Sunrisers Hyderabad,Aman Pillai,3.0,17,0
214,2022,Sunrisers Hyderabad,Karthik Kulkarni,4.0,23,1
215,2022,Chennai Super Kings,Ravindra Jadeja,2.0,15,3
215,2022,Chennai Super Kings,Deepak Chahar,3.0,13,0
215,2022,Chennai Super Kings,Shivam Dube,2.0,16,1
215,2022,Chennai Super Kings,Matheesha Pathirana,3.0,19,1
215,2022,Chennai Super Kings,Moeen Ali,2.0,20,1
215,2022,Chennai Super Kings,Sanjay Chauhan,4.0,26,1
215,2022,Lucknow Super Giants,Mayank Yadav,4.0,18,2
215,2022,Lucknow Super Giants,Ravi Bishnoi,2.0,14,0
215,2022,Lucknow Super Giants,Marcus Stoinis,3.0,31,0
215,2022,Lucknow Super Giants,Mohsin Khan,4.0,36,0
215,2022,Lucknow Super Giants,Nikhil Ghosh,2.0,16,0
215,2022,Lucknow Super Giants,Nikhil Reddy,2.9,28,0
216,2022,Delhi Capitals,Axar Patel,2.0,22,0
216,2022,Delhi Capitals,Kuldeep Yadav,2.0,9,0
216,2022,Delhi Capitals,Mitchell Marsh,2.0,12,1
216,2022,Delhi Capitals,Ishant Sharma,4.0,23,1
216,2022,Delhi Capitals,Rahul Sinha,4.0,33,2
216,2022,Delhi Capitals,Siddharth Iyer,4.0,32,0
216,2022,Gujarat Titans,Rashid Khan,2.4,23,1
216,2022,Gujarat Titans,Mohammed Shami,3.0,25,3
216,2022,Gujarat Titans,Rahul Tewatia,3.0,35,0
216,2022,Gujarat Titans,Gerald Coetzee,3.0,13,2
216,2022,Gujarat Titans,Rahul Desai,4.0,20,0
216,2022,Gujarat Titans,Rahul Mishra,4.0,32,1
217,2022,Chennai Super Kings,Ravindra Jadeja,4.0,19,0
217,2022,Chennai Super Kings,Deepak Chahar,3.0,19,2
217,2022,Chennai Super Kings,Shivam Dube,2.5,25,1
217,2022,Chennai Super Kings,Matheesha Pathirana,2.0,9,0
217,2022,Chennai Super Kings,Moeen Ali,3.0,14,0
217,2022,Chennai Super Kings,Sanjay Chauhan,4.0,35,0
217,2022,Delhi Capitals,Axar Patel,4.0,28,0
217,2022,Delhi Capitals,Kuldeep Yadav,4.0,27,0
217,2022,Delhi Capitals,Mitchell Marsh,3.1,25,3
217,2022,Delhi Capitals,Ishant Sharma,3.0,20,0
217,2022,Delhi Capitals,Rahul Sinha,4.0,36,0
217,2022,Delhi Capitals,Siddharth Iyer,2.0,17,0
218,2022,Royal Challengers Bengaluru,Glenn Maxwell,4.0,37,3
218,2022,Royal Challengers Bengaluru,Mohammed Siraj,3.1,28,0
218,2022,Royal Challengers Bengaluru,Cameron Green,2.6,25,3
218,2022,Royal Challengers Bengaluru,Yash Dayal,3.0,28,0
218,2022,Royal Challengers Bengaluru,Arjun Suresh,2.0,13,1
218,2022,Royal Challengers Bengaluru,Vikram Bose,2.0,13,0
218,2022,Sunrisers Hyderabad,Pat Cummins,2.0,18,0
218,2022,Sunrisers Hyderabad,Bhuvneshwar Kumar,2.0,9,2
218,2022,Sunrisers Hyderabad,Nitish Kumar Reddy,2.0,20,0
218,2022,Sunrisers Hyderabad,T Natarajan,4.0,23,1
218,2022,Sunrisers Hyderabad,Aman Pillai,2.0,15,3
218,2022,Sunrisers Hyderabad,Karthik Kulkarni,4.0,24,0
219,2022,Kolkata Knight Riders,Andre Russell,4.0,29,3
219,2022,Kolkata Knight Riders,Sunil Narine,3.0,26,1
219,2022,Kolkata Knight Riders,Varun Chakravarthy,3.0,22,0
219,2022,Kolkata Knight Riders,Venkatesh Iyer,4.0,40,0
219,2022,Kolkata Knight Riders,Mitchell Starc,4.0,20,1
219,2022,Kolkata Knight Riders,Pranav Chauhan,4.0,33,0
219,2022,Rajasthan Royals,Riyan Parag,2.0,15,2
219,2022,Rajasthan Royals,Yuzvendra Chahal,3.0,13,1
219,2022,Rajasthan Royals,Trent Boult,2.0,12,0
219,2022,Rajasthan Royals,Gaurav Dubey,4.0,18,0
219,2022,Rajasthan Royals,Ajay Dubey,4.0,18,0
219,2022,Rajasthan Royals,Karan Joshi,2.0,13,1
220,2022,Royal Challengers Bengaluru,Glenn Maxwell,3.0,31,0
220,2022,Royal Challengers Bengaluru,Mohammed Siraj,4.0,33,0
220,2022,Royal Challengers Bengaluru,Cameron Green,4.0,52,1
220,2022,Royal Challengers Bengaluru,Yash Dayal,2.4,12,1
220,2022,Royal Challengers Bengaluru,Arjun Suresh,4.0,44,0
220,2022,Royal Challengers Bengaluru,Vikram Bose,3.0,20,0
220,2022,Delhi Capitals,Axar Patel,3.0,24,0
220,2022,Delhi Capitals,Kuldeep Yadav,2.0,15,0
220,2022,Delhi Capitals,Mitchell Marsh,2.0,20,0
220,2022,Delhi Capitals,Ishant Sharma,4.0,30,0
220,2022,Delhi Capitals,Rahul Sinha,4.0,32,0
220,2022,Delhi Capitals,Siddharth Iyer,3.1,25,1
221,2022,Sunrisers Hyderabad,Pat Cummins,1.3,9,0
221,2022,Sunrisers Hyderabad,Bhuvneshwar Kumar,2.5,14,2
221,2022,Sunrisers Hyderabad,Nitish Kumar Reddy,3.0,22,0
221,2022,Sunrisers Hyderabad,T Natarajan,3.0,21,3
221,2022,Sunrisers Hyderabad,Aman Pillai,4.0,18,0
221,2022,Sunrisers Hyderabad,Karthik Kulkarni,2.0,9,0
221,2022,Gujarat Titans,Rashid Khan,2.0,11,1
221,2022,Gujarat Titans,Mohammed Shami,2.0,9,0
221,2022,Gujarat Titans,Rahul Tewatia,3.0,24,0
221,2022,Gujarat Titans,Gerald Coetzee,2.0,14,2
221,2022,Gujarat Titans,Rahul Desai,4.0,26,2
221,2022,Gujarat Titans,Rahul Mishra,4.0,40,0
222,2022,Sunrisers Hyderabad,Pat Cummins,4.0,32,0
222,2022,Sunrisers Hyderabad,Bhuvneshwar Kumar,2.0,13,0
222,2022,Sunrisers Hyderabad,Nitish Kumar Reddy,3.1,29,3
222,2022,Sunrisers Hyderabad,T Natarajan,3.0,21,0
222,2022,Sunrisers Hyderabad,Aman Pillai,4.0,43,0
222,2022,Sunrisers Hyderabad,Karthik Kulkarni,4.0,32,0
222,2022,Lucknow Super Giants,Mayank Yadav,3.0,28,1
222,2022,Lucknow Super Giants,Ravi Bishnoi,2.0,15,0
222,2022,Lucknow Super Giants,Marcus Stoinis,3.0,18,0
222,2022,Lucknow Super Giants,Mohsin Khan,3.0,18,0
222,2022,Lucknow Super Giants,Nikhil Ghosh,2.0,16,0
222,2022,Lucknow Super Giants,Nikhil Reddy,2.0,15,0
223,2022,Royal Challengers Bengaluru,Glenn Maxwell,2.0,14,0
223,2022,Royal Challengers Bengaluru,Mohammed Siraj,1.2,8,1
223,2022,Royal Challengers Bengaluru,Cameron Green,2.7,20,1
223,2022,Royal Challengers Bengaluru,Yash Dayal,3.7,28,0
223,2022,Royal Challengers Bengaluru,Arjun Suresh,3.0,13,0
223,2022,Royal Challengers Bengaluru,Vikram Bose,2.0,10,0
223,2022,Kolkata Knight Riders,Andre Russell,3.0,19,1
223,2022,Kolkata Knight Riders,Sunil Narine,2.0,16,2
223,2022,Kolkata Knight Riders,Varun Chakravarthy,3.0,18,1
223,2022,Kolkata Knight Riders,Venkatesh Iyer,3.3,25,0
223,2022,Kolkata Knight Riders,Mitchell Starc,4.0,28,0
223,2022,Kolkata Knight Riders,Pranav Chauhan,4.0,21,0
224,2022,Royal Challengers Bengaluru,Glenn Maxwell,4.0,28,0
224,2022,Royal Challengers Bengaluru,Mohammed Siraj,3.0,19,0
224,2022,Royal Challengers Bengaluru,Cameron Green,2.0,11,1
224,2022,Royal Challengers Bengaluru,Yash Dayal,2.0,9,0
224,2022,Royal Challengers Bengaluru,Arjun Suresh,1.1,7,1
224,2022,Royal Challengers Bengaluru,Vikram Bose,2.0,16,0
224,2022,Punjab Kings,Arshdeep Singh,2.0,19,0
224,2022,Punjab Kings,Liam Livingstone,4.0,35,0
224,2022,Punjab Kings,Sam Curran,2.0,12,0
224,2022,Punjab Kings,Kagiso Rabada,3.3,18,0
224,2022,Punjab Kings,Ajay Verma,3.0,14,0
224,2022,Punjab Kings,Dev Krishnan,4.0,28,1
225,2022,Mumbai Indians,Jasprit Bumrah,4.0,18,1
225,2022,Mumbai Indians,Hardik Pandya,4.0,31,0
225,2022,Mumbai Indians,Piyush Chawla,4.0,27,2
225,2022,Mumbai Indians,Aman Verma,2.0,12,0
225,2022,Mumbai Indians,Dev Rao,4.0,51,1
225,2022,Mumbai Indians,Aryan Pillai,3.0,22,0
225,2022,Punjab Kings,Arshdeep Singh,1.7,12,1
225,2022,Punjab Kings,Liam Livingstone,4.0,18,1
225,2022,Punjab Kings,Sam Curran,2.0,16,0
225,2022,Punjab Kings,Kagiso Rabada,1.9,8,1
225,2022,Punjab Kings,Ajay Verma,4.0,27,0
225,2022,Punjab Kings,Dev Krishnan,2.0,11,2
226,2023,Delhi Capitals,Axar Patel,3.0,30,1
226,2023,Delhi Capitals,Kuldeep Yadav,2.0,11,2
226,2023,Delhi Capitals,Mitchell Marsh,2.0,21,0
226,2023,Delhi Capitals,Ishant Sharma,3.6,31,1
226,2023,Delhi Capitals,Rahul Sinha,4.0,24,0
226,2023,Delhi Capitals,Siddharth Iyer,3.0,26,1
226,2023,Lucknow Super Giants,Mayank Yadav,4.0,39,0
226,2023,Lucknow Super Giants,Ravi Bishnoi,3.0,21,2
226,2023,Lucknow Super Giants,Marcus Stoinis,4.0,33,0
226,2023,Lucknow Super Giants,Mohsin Khan,4.0,38,0
226,2023,Lucknow Super Giants,Nikhil Ghosh,2.0,18,0
226,2023,Lucknow Super Giants,Nikhil Reddy,2.0,9,0
227,2023,Punjab Kings,Arshdeep Singh,3.0,23,2
227,2023,Punjab Kings,Liam Livingstone,4.0,40,0
227,2023,Punjab Kings,Sam Curran,4.0,48,0
227,2023,Punjab Kings,Kagiso Rabada,4.0,30,0
227,2023,Punjab Kings,Ajay Verma,1.1,4,1
227,2023,Punjab Kings,Dev Krishnan,2.0,12,2
227,2023,Sunrisers Hyderabad,Pat Cummins,4.0,38,0
227,2023,Sunrisers Hyderabad,Bhuvneshwar Kumar,2.2,16,0
227,2023,Sunrisers Hyderabad,Nitish Kumar Reddy,4.0,30,1
227,2023,Sunrisers Hyderabad,T Natarajan,4.0,18,1
227,2023,Sunrisers Hyderabad,Aman Pillai,3.0,22,2
227,2023,Sunrisers Hyderabad,Karthik Kulkarni,3.0,18,1
228,2023,Mumbai Indians,Jasprit Bumrah,3.0,21,0
228,2023,Mumbai Indians,Hardik Pandya,1.6,8,1
228,2023,Mumbai Indians,Piyush Chawla,2.0,12,0
228,2023,Mumbai Indians,Aman Verma,3.0,24,1
228,2023,Mumbai Indians,Dev Rao,3.0,34,2
228,2023,Mumbai Indians,Aryan Pillai,3.0,28,0
228,2023,Punjab Kings,Arshdeep Singh,3.0,22,1
228,2023,Punjab Kings,Liam Livingstone,4.0,44,0
228,2023,Punjab Kings,Sam Curran,4.0,30,0
228,2023,Punjab Kings,Kagiso Rabada,4.0,30,0
228,2023,Punjab Kings,Ajay Verma,3.0,26,0
228,2023,Punjab Kings,Dev Krishnan,4.0,24,2
229,2023,Chennai Super Kings,Ravindra Jadeja,4.0,21,1
229,2023,Chennai Super Kings,Deepak Chahar,2.0,16,1
229,2023,Chennai Super Kings,Shivam Dube,2.0,14,1
229,2023,Chennai Super Kings,Matheesha Pathirana,4.0,18,0
229,2023,Chennai Super Kings,Moeen Ali,2.0,10,0
229,2023,Chennai Super Kings,Sanjay Chauhan,3.0,26,0
229,2023,Delhi Capitals,Axar Patel,4.0,29,0
229,2023,Delhi Capitals,Kuldeep Yadav,3.0,15,0
229,2023,Delhi Capitals,Mitchell Marsh,4.0,35,0
229,2023,Delhi Capitals,Ishant Sharma,1.5,14,4
229,2023,Delhi Capitals,Rahul Sinha,4.0,48,1
229,2023,Delhi Capitals,Siddharth Iyer,3.9,36,2
230,2023,Royal Challengers Bengaluru,Glenn Maxwell,4.0,40,0
230,2023,Royal Challengers Bengaluru,Mohammed Siraj,2.6,15,1
230,2023,Royal Challengers Bengaluru,Cameron Green,4.0,32,0
230,2023,Royal Challengers Bengaluru,Yash Dayal,3.0,16,0
230,2023,Royal Challengers Bengaluru,Arjun Suresh,1.5,9,1
230,2023,Royal Challengers Bengaluru,Vikram Bose,4.0,21,1
230,2023,Delhi Capitals,Axar Patel,2.0,15,1
230,2023,Delhi Capitals,Kuldeep Yadav,1.4,8,2
230,2023,Delhi Capitals,Mitchell Marsh,2.0,13,1
230,2023,Delhi Capitals,Ishant Sharma,4.0,25,1
230,2023,Delhi Capitals,Rahul Sinha,4.0,44,1
230,2023,Delhi Capitals,Siddharth Iyer,2.0,14,0
231,2023,Gujarat Titans,Rashid Khan,3.0,21,1
231,2023,Gujarat Titans,Mohammed Shami,4.0,37,2
231,2023,Gujarat Titans,Rahul Tewatia,4.0,29,1
231,2023,Gujarat Titans,Gerald Coetzee,3.1,29,1
231,2023,Gujarat Titans,Rahul Desai,2.0,9,0
231,2023,Gujarat Titans,Rahul Mishra,4.0,18,1
231,2023,Lucknow Super Giants,Mayank Yadav,2.0,9,0
231,2023,Lucknow Super Giants,Ravi Bishnoi,2.0,12,0
231,2023,Lucknow Super Giants,Marcus Stoinis,2.0,11,0
231,2023,Lucknow Super Giants,Mohsin Khan,3.0,20,0
231,2023,Lucknow Super Giants,Nikhil Ghosh,2.0,14,0
231,2023,Lucknow Super Giants,Nikhil Reddy,2.0,15,2
232,2023,Punjab Kings,Arshdeep Singh,3.0,16,0
232,2023,Punjab Kings,Liam Livingstone,3.0,23,0
232,2023,Punjab Kings,Sam Curran,2.0,18,0
232,2023,Punjab Kings,Kagiso Rabada,2.0,9,0
232,2023,Punjab Kings,Ajay Verma,2.0,9,2
232,2023,Punjab Kings,Dev Krishnan,2.0,13,0
232,2023,Gujarat Titans,Rashid Khan,1.3,7,0
232,2023,Gujarat Titans,Mohammed Shami,2.0,17,2
232,2023,Gujarat Titans,Rahul Tewatia,4.0,33,0
232,2023,Gujarat Titans,Gerald Coetzee,2.0,9,0
232,2023,Gujarat Titans,Rahul Desai,2.0,16,0
232,2023,Gujarat Titans,Rahul Mishra,2.0,12,3
233,2023,Royal Challengers Bengaluru,Glenn Maxwell,3.0,33,0
233,2023,Royal Challengers Bengaluru,Mohammed Siraj,4.0,28,0
233,2023,Royal Challengers Bengaluru,Cameron Green,2.2,19,0
233,2023,Royal Challengers Bengaluru,Yash Dayal,3.0,13,0
233,2023,Royal Challengers Bengaluru,Arjun Suresh,3.0,15,0
233,2023,Royal Challengers Bengaluru,Vikram Bose,2.0,11,3
233,2023,Kolkata Knight Riders,Andre Russell,2.0,19,1
233,2023,Kolkata Knight Riders,Sunil Narine,2.0,20,0
233,2023,Kolkata Knight Riders,Varun Chakravarthy,2.0,17,0
233,2023,Kolkata Knight Riders,Venkatesh Iyer,2.0,14,0
233,2023,Kolkata Knight Riders,Mitchell Starc,2.0,14,1
233,2023,Kolkata Knight Riders,Pranav Chauhan,3.0,29,0
234,2023,Mumbai Indians,Jasprit Bumrah,3.4,15,1
234,2023,Mumbai Indians,Hardik Pandya,3.0,25,0
234,2023,Mumbai Indians,Piyush Chawla,3.6,17,0
234,2023,Mumbai Indians,Aman Verma,4.0,18,0
234,2023,Mumbai Indians,Dev Rao,4.0,22,1
234,2023,Mumbai Indians,Aryan Pillai,3.0,24,0
234,2023,Chennai Super Kings,Ravindra Jadeja,4.0,34,0
234,2023,Chennai Super Kings,Deepak Chahar,4.0,22,0
234,2023,Chennai Super Kings,Shivam Dube,2.0,15,0
234,2023,Chennai Super Kings,Matheesha Pathirana,3.0,24,0
234,2023,Chennai Super Kings,Moeen Ali,3.0,22,0
234,2023,Chennai Super Kings,Sanjay Chauhan,3.0,26,3
235,2023,Kolkata Knight Riders,Andre Russell,2.0,15,2
235,2023,Kolkata Knight Riders,Sunil Narine,2.0,20,0
235,2023,Kolkata Knight Riders,Varun Chakravarthy,2.0,9,0
235,2023,Kolkata Knight Riders,Venkatesh Iyer,3.0,25,1
235,2023,Kolkata Knight Riders,Mitchell Starc,4.0,21,0
235,2023,Kolkata Knight Riders,Pranav Chauhan,4.0,27,1
235,2023,Delhi Capitals,Axar Patel,3.0,27,1
235,2023,Delhi Capitals,Kuldeep Yadav,3.0,17,0
235,2023,Delhi Capitals,Mitchell Marsh,4.0,40,1
235,2023,Delhi Capitals,Ishant Sharma,2.0,10,0
235,2023,Delhi Capitals,Rahul Sinha,4.0,32,1
235,2023,Delhi Capitals,Siddharth Iyer,4.0,29,3
236,2023,Mumbai Indians,Jasprit Bumrah,3.0,13,0
236,2023,Mumbai Indians,Hardik Pandya,2.0,19,2
236,2023,Mumbai Indians,Piyush Chawla,3.0,17,1
236,2023,Mumbai Indians,Aman Verma,4.0,31,1
236,2023,Mumbai Indians,Dev Rao,3.0,21,2
236,2023,Mumbai Indians,Aryan Pillai,4.0,29,4
236,2023,Lucknow Super Giants,Mayank Yadav,1.9,10,1
236,2023,Lucknow Super Giants,Ravi Bishnoi,2.0,15,2
236,2023,Lucknow Super Giants,Marcus Stoinis,3.0,24,1
236,2023,Lucknow Super Giants,Mohsin Khan,2.0,10,0
236,2023,Lucknow Super Giants,Nikhil Ghosh,4.0,18,0
236,2023,Lucknow Super Giants,Nikhil Reddy,2.0,15,2
237,2023,Mumbai Indians,Jasprit Bumrah,2.0,17,1
237,2023,Mumbai Indians,Hardik Pandya,4.0,44,0
237,2023,Mumbai Indians,Piyush Chawla,4.0,20,2
237,2023,Mumbai Indians,Aman Verma,2.0,13,1
237,2023,Mumbai Indians,Dev Rao,1.7,14,1
237,2023,Mumbai Indians,Aryan Pillai,4.0,39,3
237,2023,Royal Challengers Bengaluru,Glenn Maxwell,2.0,17,0
237,2023,Royal Challengers Bengaluru,Mohammed Siraj,2.0,13,0
237,2023,Royal Challengers Bengaluru,Cameron Green,4.0,26,1
237,2023,Royal Challengers Bengaluru,Yash Dayal,4.0,35,1
237,2023,Royal Challengers Bengaluru,Arjun Suresh,4.0,21,0
237,2023,Royal Challengers Bengaluru,Vikram Bose,3.3,24,0
238,2023,Royal Challengers Bengaluru,Glenn Maxwell,3.0,29,1
238,2023,Royal Challengers Bengaluru,Mohammed Siraj,4.0,27,2
238,2023,Royal Challengers Bengaluru,Cameron Green,2.0,10,1
238,2023,Royal Challengers Bengaluru,Yash Dayal,2.0,9,1
238,2023,Royal Challengers Bengaluru,Arjun Suresh,2.8,27,0
238,2023,Royal Challengers Bengaluru,Vikram Bose,4.0,29,2
238,2023,Gujarat Titans,Rashid Khan,4.0,57,1
238,2023,Gujarat Titans,Mohammed Shami,2.0,15,1
238,2023,Gujarat Titans,Rahul Tewatia,2.1,16,0
238,2023,Gujarat Titans,Gerald Coetzee,4.0,26,0
238,2023,Gujarat Titans,Rahul Desai,2.0,13,0
238,2023,Gujarat Titans,Rahul Mishra,2.0,19,0
239,2023,Chennai Super Kings,Ravindra Jadeja,4.0,24,0
239,2023,Chennai Super Kings,Deepak Chahar,2.0,13,0
239,2023,Chennai Super Kings,Shivam Dube,4.0,31,1
239,2023,Chennai Super Kings,Matheesha Pathirana,3.0,22,0
239,2023,Chennai Super Kings,Moeen Ali,4.0,43,1
239,2023,Chennai Super Kings,Sanjay Chauhan,3.0,22,3
239,2023,Sunrisers Hyderabad,Pat Cummins,1.1,4,1
239,2023,Sunrisers Hyderabad,Bhuvneshwar Kumar,4.0,28,0
239,2023,Sunrisers Hyderabad,Nitish Kumar Reddy,3.0,20,3
239,2023,Sunrisers Hyderabad,T Natarajan,4.0,33,0
239,2023,Sunrisers Hyderabad,Aman Pillai,2.0,19,1
239,2023,Sunrisers Hyderabad,Karthik Kulkarni,4.0,23,1
240,2023,Mumbai Indians,Jasprit Bumrah,4.0,19,0
240,2023,Mumbai Indians,Hardik Pandya,3.0,21,1
240,2023,Mumbai Indians,Piyush Chawla,4.0,18,0
240,2023,Mumbai Indians,Aman Verma,2.0,11,2
240,2023,Mumbai Indians,Dev Rao,3.0,22,0
240,2023,Mumbai Indians,Aryan Pillai,1.2,10,1
240,2023,Sunrisers Hyderabad,Pat Cummins,3.0,13,1
240,2023,Sunrisers Hyderabad,Bhuvneshwar Kumar,2.6,26,1
240,2023,Sunrisers Hyderabad,Nitish Kumar Reddy,3.0,31,0
240,2023,Sunrisers Hyderabad,T Natarajan,3.9,29,0
240,2023,Sunrisers Hyderabad,Aman Pillai,3.0,26,0
240,2023,Sunrisers Hyderabad,Karthik Kulkarni,1.1,10,0
241,2023,Chennai Super Kings,Ravindra Jadeja,3.0,18,0
241,2023,Chennai Super Kings,Deepak Chahar,4.0,32,2
241,2023,Chennai Super Kings,Shivam Dube,2.0,12,3
241,2023,Chennai Super Kings,Matheesha Pathirana,2.4,19,0
241,2023,Chennai Super Kings,Moeen Ali,2.0,12,0
241,2023,Chennai Super Kings,Sanjay Chauhan,4.0,36,2
241,2023,Lucknow Super Giants,Mayank Yadav,1.7,10,1
241,2023,Lucknow Super Giants,Ravi Bishnoi,3.0,21,0
241,2023,Lucknow Super Giants,Marcus Stoinis,2.9,29,0
241,2023,Lucknow Super Giants,Mohsin Khan,3.0,20,2
241,2023,Lucknow Super Giants,Nikhil Ghosh,3.0,26,0
241,2023,Lucknow Super Giants,Nikhil Reddy,2.0,13,1
242,2023,Chennai Super Kings,Ravindra Jadeja,3.0,29,1
242,2023,Chennai Super Kings,Deepak Chahar,1.4,10,1
242,2023,Chennai Super Kings,Shivam Dube,3.0,25,1
242,2023,Chennai Super Kings,Matheesha Pathirana,4.0,38,1
242,2023,Chennai Super Kings,Moeen Ali,3.0,20,0
242,2023,Chennai Super Kings,Sanjay Chauhan,4.0,42,0
242,2023,Kolkata Knight Riders,Andre Russell,3.4,16,0
242,2023,Kolkata Knight Riders,Sunil Narine,3.0,34,0
242,2023,Kolkata Knight Riders,Varun Chakravarthy,3.0,34,1
242,2023,Kolkata Knight Riders,Venkatesh Iyer,2.0,16,0
242,2023,Kolkata Knight Riders,Mitchell Starc,3.0,13,0
242,2023,Kolkata Knight Riders,Pranav Chauhan,3.0,17,0
243,2023,Mumbai Indians,Jasprit Bumrah,4.0,23,0
243,2023,Mumbai Indians,Hardik Pandya,4.0,33,0
243,2023,Mumbai Indians,Piyush Chawla,2.0,15,0
243,2023,Mumbai Indians,Aman Verma,2.0,11,1
243,2023,Mumbai Indians,Dev Rao,2.0,12,1
243,2023,Mumbai Indians,Aryan Pillai,4.0,27,0
243,2023,Kolkata Knight Riders,Andre Russell,2.0,16,0
243,2023,Kolkata Knight Riders,Sunil Narine,4.0,37,0
243,2023,Kolkata Knight Riders,Varun Chakravarthy,4.0,27,0
243,2023,Kolkata Knight Riders,Venkatesh Iyer,3.0,20,0
243,2023,Kolkata Knight Riders,Mitchell Starc,4.0,27,0
243,2023,Kolkata Knight Riders,Pranav Chauhan,4.0,18,0
244,2023,Kolkata Knight Riders,Andre Russell,2.0,19,2
244,2023,Kolkata Knight Riders,Sunil Narine,3.8,23,0
244,2023,Kolkata Knight Riders,Varun Chakravarthy,2.0,12,0
244,2023,Kolkata Knight Riders,Venkatesh Iyer,3.0,28,2
244,2023,Kolkata Knight Riders,Mitchell Starc,2.0,14,0
244,2023,Kolkata Knight Riders,Pranav Chauhan,4.0,18,0
244,2023,Sunrisers Hyderabad,Pat Cummins,2.0,14,0
244,2023,Sunrisers Hyderabad,Bhuvneshwar Kumar,3.0,15,1
244,2023,Sunrisers Hyderabad,Nitish Kumar Reddy,3.1,24,1
244,2023,Sunrisers Hyderabad,T Natarajan,3.0,15,0
244,2023,Sunrisers Hyderabad,Aman Pillai,2.0,13,3
244,2023,Sunrisers Hyderabad,Karthik Kulkarni,2.0,14,0
245,2023,Chennai Super Kings,Ravindra Jadeja,3.0,35,1
245,2023,Chennai Super Kings,Deepak Chahar,1.4,8,0
245,2023,Chennai Super Kings,Shivam Dube,2.0,9,1
245,2023,Chennai Super Kings,Matheesha Pathirana,2.5,17,0
245,2023,Chennai Super Kings,Moeen Ali,2.0,21,2
245,2023,Chennai Super Kings,Sanjay Chauhan,2.0,12,1
245,2023,Royal Challengers Bengaluru,Glenn Maxwell,3.0,31,0
245,2023,Royal Challengers Bengaluru,Mohammed Siraj,2.0,12,2
245,2023,Royal Challengers Bengaluru,Cameron Green,3.0,23,0
245,2023,Royal Challengers Bengaluru,Yash Dayal,4.0,29,3
245,2023,Royal Challengers Bengaluru,Arjun Suresh,4.0,33,2
245,2023,Royal Challengers Bengaluru,Vikram Bose,3.0,18,0
246,2023,Mumbai Indians,Jasprit Bumrah,2.5,19,2
246,2023,Mumbai Indians,Hardik Pandya,4.0,26,0
246,2023,Mumbai Indians,Piyush Chawla,2.0,9,1
246,2023,Mumbai Indians,Aman Verma,3.0,26,0
246,2023,Mumbai Indians,Dev Rao,2.0,15,0
246,2023,Mumbai Indians,Aryan Pillai,2.0,15,1
246,2023,Rajasthan Royals,Riyan Parag,3.0,29,0
246,2023,Rajasthan Royals,Yuzvendra Chahal,2.0,9,0
246,2023,Rajasthan Royals,Trent Boult,2.0,11,2
246,2023,Rajasthan Royals,Gaurav Dubey,4.0,41,0
246,2023,Rajasthan Royals,Ajay Dubey,2.0,10,0
246,2023,Rajasthan Royals,Karan Joshi,3.0,17,0
247,2023,Rajasthan Royals,Riyan Parag,2.0,16,2
247,2023,Rajasthan Royals,Yuzvendra Chahal,2.0,10,3
247,2023,Rajasthan Royals,Trent Boult,2.0,16,0
247,2023,Rajasthan Royals,Gaurav Dubey,3.0,28,0
247,2023,Rajasthan Royals,Ajay Dubey,4.0,24,0
247,2023,Rajasthan Royals,Karan Joshi,3.3,18,0
247,2023,Sunrisers Hyderabad,Pat Cummins,4.0,18,0
247,2023,Sunrisers Hyderabad,Bhuvneshwar Kumar,2.0,17,1
247,2023,Sunrisers Hyderabad,Nitish Kumar Reddy,2.0,12,2
247,2023,Sunrisers Hyderabad,T Natarajan,2.0,17,2
247,2023,Sunrisers Hyderabad,Aman Pillai,4.0,32,0
247,2023,Sunrisers Hyderabad,Karthik Kulkarni,1.0,8,0
248,2023,Delhi Capitals,Axar Patel,2.0,10,2
248,2023,Delhi Capitals,Kuldeep Yadav,3.0,20,2
248,2023,Delhi Capitals,Mitchell Marsh,3.0,38,0
248,2023,Delhi Capitals,Ishant Sharma,4.0,19,1
248,2023,Delhi Capitals,Rahul Sinha,3.0,29,1
248,2023,Delhi Capitals,Siddharth Iyer,4.0,18,1
248,2023,Sunrisers Hyderabad,Pat Cummins,3.0,28,0
248,2023,Sunrisers Hyderabad,Bhuvneshwar Kumar,2.0,14,1
248,2023,Sunrisers Hyderabad,Nitish Kumar Reddy,2.0,14,0
248,2023,Sunrisers Hyderabad,T Natarajan,3.0,28,2
248,2023,Sunrisers Hyderabad,Aman Pillai,3.2,25,0
248,2023,Sunrisers Hyderabad,Karthik Kulkarni,3.0,16,0
249,2023,Mumbai Indians,Jasprit Bumrah,4.0,33,1
249,2023,Mumbai Indians,Hardik Pandya,4.0,37,0
249,2023,Mumbai Indians,Piyush Chawla,2.0,12,0
249,2023,Mumbai Indians,Aman Verma,2.0,15,0
249,2023,Mumbai Indians,Dev Rao,4.0,31,0
249,2023,Mumbai Indians,Aryan Pillai,2.9,20,0
249,2023,Gujarat Titans,Rashid Khan,4.0,25,0
249,2023,Gujarat Titans,Mohammed Shami,2.0,12,2
249,2023,Gujarat Titans,Rahul Tewatia,4.0,27,1
249,2023,Gujarat Titans,Gerald Coetzee,4.0,18,1
249,2023,Gujarat Titans,Rahul Desai,4.0,30,0
249,2023,Gujarat Titans,Rahul Mishra,3.0,26,0
250,2023,Delhi Capitals,Axar Patel,2.0,13,0
250,2023,Delhi Capitals,Kuldeep Yadav,3.0,29,0
250,2023,Delhi Capitals,Mitchell Marsh,2.0,16,0
250,2023,Delhi Capitals,Ishant Sharma,2.0,14,2
250,2023,Delhi Capitals,Rahul Sinha,2.7,14,0
250,2023,Delhi Capitals,Siddharth Iyer,2.0,11,0
250,2023,Rajasthan Royals,Riyan Parag,3.0,30,0
250,2023,Rajasthan Royals,Yuzvendra Chahal,2.4,20,3
250,2023,Rajasthan Royals,Trent Boult,2.0,16,4
250,2023,Rajasthan Royals,Gaurav Dubey,4.0,27,0
250,2023,Rajasthan Royals,Ajay Dubey,3.0,19,4
250,2023,Rajasthan Royals,Karan Joshi,2.0,21,1
251,2023,Sunrisers Hyderabad,Pat Cummins,3.8,31,2
251,2023,Sunrisers Hyderabad,Bhuvneshwar Kumar,4.0,24,3
251,2023,Sunrisers Hyderabad,Nitish Kumar Reddy,4.0,25,2
251,2023,Sunrisers Hyderabad,T Natarajan,4.0,38,1
251,2023,Sunrisers Hyderabad,Aman Pillai,2.0,21,1
251,2023,Sunrisers Hyderabad,Karthik Kulkarni,2.1,17,0
251,2023,Lucknow Super Giants,Mayank Yadav,4.0,26,0
251,2023,Lucknow Super Giants,Ravi Bishnoi,4.0,20,0
251,2023,Lucknow Super Giants,Marcus Stoinis,2.0,10,0
251,2023,Lucknow Super Giants,Mohsin Khan,3.0,19,0
251,2023,Lucknow Super Giants,Nikhil Ghosh,4.0,33,0
251,2023,Lucknow Super Giants,Nikhil Reddy,3.0,23,0
252,2023,Kolkata Knight Riders,Andre Russell,2.0,14,0
252,2023,Kolkata Knight Riders,Sunil Narine,3.0,28,0
252,2023,Kolkata Knight Riders,Varun Chakravarthy,1.1,9,0
252,2023,Kolkata Knight Riders,Venkatesh Iyer,4.0,29,0
252,2023,Kolkata Knight Riders,Mitchell Starc,3.0,23,1
252,2023,Kolkata Knight Riders,Pranav Chauhan,4.0,31,1
252,2023,Gujarat Titans,Rashid Khan,2.5,14,0
252,2023,Gujarat Titans,Mohammed Shami,3.0,24,3
252,2023,Gujarat Titans,Rahul Tewatia,2.0,12,0
252,2023,Gujarat Titans,Gerald Coetzee,2.0,15,0
252,2023,Gujarat Titans,Rahul Desai,3.0,21,0
252,2023,Gujarat Titans,Rahul Mishra,2.0,11,0
253,2023,Rajasthan Royals,Riyan Parag,2.0,16,1
253,2023,Rajasthan Royals,Yuzvendra Chahal,3.0,23,0
253,2023,Rajasthan Royals,Trent Boult,2.8,17,3
253,2023,Rajasthan Royals,Gaurav Dubey,2.0,13,0
253,2023,Rajasthan Royals,Ajay Dubey,2.0,9,0
253,2023,Rajasthan Royals,Karan Joshi,3.0,13,0
253,2023,Lucknow Super Giants,Mayank Yadav,2.9,24,0
253,2023,Lucknow Super Giants,Ravi Bishnoi,2.0,9,0
253,2023,Lucknow Super Giants,Marcus Stoinis,4.0,31,2
253,2023,Lucknow Super Giants,Mohsin Khan,4.0,30,0
253,2023,Lucknow Super Giants,Nikhil Ghosh,2.0,13,2
253,2023,Lucknow Super Giants,Nikhil Reddy,4.0,37,0
254,2023,Chennai Super Kings,Ravindra Jadeja,3.0,15,1
254,2023,Chennai Super Kings,Deepak Chahar,4.0,29,2
254,2023,Chennai Super Kings,Shivam Dube,2.0,18,1
254,2023,Chennai Super Kings,Matheesha Pathirana,1.8,14,2
254,2023,Chennai Super Kings,Moeen Ali,4.0,24,0
254,2023,Chennai Super Kings,Sanjay Chauhan,3.0,19,0
254,2023,Punjab Kings,Arshdeep Singh,2.0,19,0
254,2023,Punjab Kings,Liam Livingstone,2.0,15,0
254,2023,Punjab Kings,Sam Curran,4.0,39,2
254,2023,Punjab Kings,Kagiso Rabada,4.0,18,1
254,2023,Punjab Kings,Ajay Verma,2.0,14,0
254,2023,Punjab Kings,Dev Krishnan,2.9,20,4
255,2023,Punjab Kings,Arshdeep Singh,3.0,21,0
255,2023,Punjab Kings,Liam Livingstone,3.6,22,0
255,2023,Punjab Kings,Sam Curran,4.0,41,1
255,2023,Punjab Kings,Kagiso Rabada,4.0,18,0
255,2023,Punjab Kings,Ajay Verma,3.0,16,0
255,2023,Punjab Kings,Dev Krishnan,2.0,13,0
255,2023,Rajasthan Royals,Riyan Parag,2.0,17,0
255,2023,Rajasthan Royals,Yuzvendra Chahal,4.0,27,0
255,2023,Rajasthan Royals,Trent Boult,3.0,20,0
255,2023,Rajasthan Royals,Gaurav Dubey,3.0,26,2
255,2023,Rajasthan Royals,Ajay Dubey,3.0,17,1
255,2023,Rajasthan Royals,Karan Joshi,3.0,28,0
256,2023,Kolkata Knight Riders,Andre Russell,4.0,35,0
256,2023,Kolkata Knight Riders,Sunil Narine,3.0,22,0
256,2023,Kolkata Knight Riders,Varun Chakravarthy,4.0,32,1
256,2023,Kolkata Knight Riders,Venkatesh Iyer,3.9,27,1
256,2023,Kolkata Knight Riders,Mitchell Starc,2.0,19,0
256,2023,Kolkata Knight Riders,Pranav Chauhan,4.0,22,1
256,2023,Punjab Kings,Arshdeep Singh,4.0,25,0
256,2023,Punjab Kings,Liam Livingstone,2.0,16,1
256,2023,Punjab Kings,Sam Curran,2.0,16,1
256,2023,Punjab Kings,Kagiso Rabada,4.0,21,0
256,2023,Punjab Kings,Ajay Verma,2.0,10,0
256,2023,Punjab Kings,Dev Krishnan,1.1,7,0
257,2023,Punjab Kings,Arshdeep Singh,4.0,28,2
257,2023,Punjab Kings,Liam Livingstone,3.0,20,0
257,2023,Punjab Kings,Sam Curran,4.0,34,0
257,2023,Punjab Kings,Kagiso Rabada,4.0,25,2
257,2023,Punjab Kings,Ajay Verma,2.0,15,2
257,2023,Punjab Kings,Dev Krishnan,3.0,13,0
257,2023,Lucknow Super Giants,Mayank Yadav,3.0,18,0
257,2023,Lucknow Super Giants,Ravi Bishnoi,4.0,26,1
257,2023,Lucknow Super Giants,Marcus Stoinis,3.0,30,1
257,2023,Lucknow Super Giants,Mohsin Khan,2.0,9,1
257,2023,Lucknow Super Giants,Nikhil Ghosh,2.0,16,0
257,2023,Lucknow Super Giants,Nikhil Reddy,2.0,18,0
258,2023,Chennai Super Kings,Ravindra Jadeja,4.0,19,0
258,2023,Chennai Super Kings,Deepak Chahar,4.0,38,0
258,2023,Chennai Super Kings,Shivam Dube,4.0,34,1
258,2023,Chennai Super Kings,Matheesha Pathirana,2.0,11,1
258,2023,Chennai Super Kings,Moeen Ali,2.0,17,1
258,2023,Chennai Super Kings,Sanjay Chauhan,3.0,16,0
258,2023,Gujarat Titans,Rashid Khan,3.9,20,0
258,2023,Gujarat Titans,Mohammed Shami,2.0,11,1
258,2023,Gujarat Titans,Rahul Tewatia,4.0,38,1
258,2023,Gujarat Titans,Gerald Coetzee,2.0,13,0
258,2023,Gujarat Titans,Rahul Desai,3.0,19,1
258,2023,Gujarat Titans,Rahul Mishra,4.0,20,0
259,2023,Delhi Capitals,Axar Patel,1.9,19,0
259,2023,Delhi Capitals,Kuldeep Yadav,3.0,22,1
259,2023,Delhi Capitals,Mitchell Marsh,3.0,17,4
259,2023,Delhi Capitals,Ishant Sharma,3.0,15,0
259,2023,Delhi Capitals,Rahul Sinha,4.0,24,3
259,2023,Delhi Capitals,Siddharth Iyer,4.0,38,1
259,2023,Gujarat Titans,Rashid Khan,2.6,20,0
259,2023,Gujarat Titans,Mohammed Shami,2.0,18,1
259,2023,Gujarat Titans,Rahul Tewatia,4.0,22,1
259,2023,Gujarat Titans,Gerald Coetzee,2.0,11,0
259,2023,Gujarat Titans,Rahul Desai,3.0,22,0
259,2023,Gujarat Titans,Rahul Mishra,2.0,9,0
260,2023,Royal Challengers Bengaluru,Glenn Maxwell,2.0,13,2
260,2023,Royal Challengers Bengaluru,Mohammed Siraj,3.0,28,2
260,2023,Royal Challengers Bengaluru,Cameron Green,4.0,20,2
260,2023,Royal Challengers Bengaluru,Yash Dayal,3.0,26,1
260,2023,Royal Challengers Bengaluru,Arjun Suresh,3.0,17,0
260,2023,Royal Challengers Bengaluru,Vikram Bose,4.0,38,1
260,2023,Lucknow Super Giants,Mayank Yadav,3.0,20,1
260,2023,Lucknow Super Giants,Ravi Bishnoi,2.0,15,0
260,2023,Lucknow Super Giants,Marcus Stoinis,4.0,29,1
260,2023,Lucknow Super Giants,Mohsin Khan,4.0,39,0
260,2023,Lucknow Super Giants,Nikhil Ghosh,2.0,16,1
260,2023,Lucknow Super Giants,Nikhil Reddy,4.0,36,0
261,2023,Sunrisers Hyderabad,Pat Cummins,2.0,12,0
261,2023,Sunrisers Hyderabad,Bhuvneshwar Kumar,2.7,12,0
261,2023,Sunrisers Hyderabad,Nitish Kumar Reddy,1.2,9,1
261,2023,Sunrisers Hyderabad,T Natarajan,3.0,27,0
261,2023,Sunrisers Hyderabad,Aman Pillai,4.0,21,0
261,2023,Sunrisers Hyderabad,Karthik Kulkarni,2.0,16,2
261,2023,Gujarat Titans,Rashid Khan,3.0,24,1
261,2023,Gujarat Titans,Mohammed Shami,1.3,5,0
261,2023,Gujarat Titans,Rahul Tewatia,4.0,28,0
261,2023,Gujarat Titans,Gerald Coetzee,3.0,22,0
261,2023,Gujarat Titans,Rahul Desai,4.0,25,4
261,2023,Gujarat Titans,Rahul Mishra,3.0,21,0
262,2023,Rajasthan Royals,Riyan Parag,4.0,30,0
262,2023,Rajasthan Royals,Yuzvendra Chahal,4.0,36,0
262,2023,Rajasthan Royals,Trent Boult,3.0,15,0
262,2023,Rajasthan Royals,Gaurav Dubey,2.0,19,1
262,2023,Rajasthan Royals,Ajay Dubey,1.3,10,0
262,2023,Rajasthan Royals,Karan Joshi,3.0,13,2
262,2023,Gujarat Titans,Rashid Khan,3.0,13,0
262,2023,Gujarat Titans,Mohammed Shami,3.0,25,1
262,2023,Gujarat Titans,Rahul Tewatia,2.0,18,0
262,2023,Gujarat Titans,Gerald Coetzee,3.4,20,3
262,2023,Gujarat Titans,Rahul Desai,3.0,25,2
262,2023,Gujarat Titans,Rahul Mishra,2.4,13,0
263,2023,Kolkata Knight Riders,Andre Russell,2.0,18,0
263,2023,Kolkata Knight Riders,Sunil Narine,2.0,19,1
263,2023,Kolkata Knight Riders,Varun Chakravarthy,4.0,31,1
263,2023,Kolkata Knight Riders,Venkatesh Iyer,4.0,25,1
263,2023,Kolkata Knight Riders,Mitchell Starc,3.0,16,0
263,2023,Kolkata Knight Riders,Pranav Chauhan,2.0,9,0
263,2023,Rajasthan Royals,Riyan Parag,3.6,30,1
263,2023,Rajasthan Royals,Yuzvendra Chahal,4.0,19,3
263,2023,Rajasthan Royals,Trent Boult,3.0,26,0
263,2023,Rajasthan Royals,Gaurav Dubey,2.0,9,0
263,2023,Rajasthan Royals,Ajay Dubey,3.0,21,0
263,2023,Rajasthan Royals,Karan Joshi,4.0,38,0
264,2023,Chennai Super Kings,Ravindra Jadeja,3.0,21,1
264,2023,Chennai Super Kings,Deepak Chahar,4.0,26,0
264,2023,Chennai Super Kings,Shivam Dube,3.0,27,0
264,2023,Chennai Super Kings,Matheesha Pathirana,2.0,17,0
264,2023,Chennai Super Kings,Moeen Ali,4.0,21,0
264,2023,Chennai Super Kings,Sanjay Chauhan,2.0,18,0
264,2023,Rajasthan Royals,Riyan Parag,4.0,24,1
264,2023,Rajasthan Royals,Yuzvendra Chahal,3.0,24,0
264,2023,Rajasthan Royals,Trent Boult,4.0,45,1
264,2023,Rajasthan Royals,Gaurav Dubey,3.0,27,1
264,2023,Rajasthan Royals,Ajay Dubey,3.0,20,1
264,2023,Rajasthan Royals,Karan Joshi,1.3,9,0
265,2023,Royal Challengers Bengaluru,Glenn Maxwell,4.0,37,0
265,2023,Royal Challengers Bengaluru,Mohammed Siraj,2.8,22,0
265,2023,Royal Challengers Bengaluru,Cameron Green,4.0,32,0
265,2023,Royal Challengers Bengaluru,Yash Dayal,3.7,18,1
265,2023,Royal Challengers Bengaluru,Arjun Suresh,4.0,22,0
265,2023,Royal Challengers Bengaluru,Vikram Bose,3.0,14,1
265,2023,Sunrisers Hyderabad,Pat Cummins,3.0,20,1
265,2023,Sunrisers Hyderabad,Bhuvneshwar Kumar,3.6,21,0
265,2023,Sunrisers Hyderabad,Nitish Kumar Reddy,2.0,16,0
265,2023,Sunrisers Hyderabad,T Natarajan,4.0,30,1
265,2023,Sunrisers Hyderabad,Aman Pillai,4.0,44,2
265,2023,Sunrisers Hyderabad,Karthik Kulkarni,2.0,14,0
266,2023,Delhi Capitals,Axar Patel,4.0,33,2
266,2023,Delhi Capitals,Kuldeep Yadav,3.0,29,0
266,2023,Delhi Capitals,Mitchell Marsh,2.0,14,3
266,2023,Delhi Capitals,Ishant Sharma,3.0,16,2
266,2023,Delhi Capitals,Rahul Sinha,2.0,14,0
266,2023,Delhi Capitals,Siddharth Iyer,4.0,28,2
266,2023,Punjab Kings,Arshdeep Singh,4.0,21,0
266,2023,Punjab Kings,Liam Livingstone,3.0,25,2
266,2023,Punjab Kings,Sam Curran,2.0,11,4
266,2023,Punjab Kings,Kagiso Rabada,3.3,23,0
266,2023,Punjab Kings,Ajay Verma,3.0,19,0
266,2023,Punjab Kings,Dev Krishnan,3.1,16,3
267,2023,Royal Challengers Bengaluru,Glenn Maxwell,1.8,15,1
267,2023,Royal Challengers Bengaluru,Mohammed Siraj,3.0,18,0
267,2023,Royal Challengers Bengaluru,Cameron Green,2.0,17,0
267,2023,Royal Challengers Bengaluru,Yash Dayal,1.5,8,0
267,2023,Royal Challengers Bengaluru,Arjun Suresh,2.0,22,0
267,2023,Royal Challengers Bengaluru,Vikram Bose,2.0,10,1
267,2023,Punjab Kings,Arshdeep Singh,4.0,18,0
267,2023,Punjab Kings,Liam Livingstone,2.0,15,0
267,2023,Punjab Kings,Sam Curran,4.0,35,0
267,2023,Punjab Kings,Kagiso Rabada,1.5,12,0
267,2023,Punjab Kings,Ajay Verma,3.4,21,3
267,2023,Punjab Kings,Dev Krishnan,2.0,11,0
268,2023,Royal Challengers Bengaluru,Glenn Maxwell,3.0,21,1
268,2023,Royal Challengers Bengaluru,Mohammed Siraj,2.5,11,4
268,2023,Royal Challengers Bengaluru,Cameron Green,2.0,10,2
268,2023,Royal Challengers Bengaluru,Yash Dayal,3.0,24,3
268,2023,Royal Challengers Bengaluru,Arjun Suresh,3.4,35,3
268,2023,Royal Challengers Bengaluru,Vikram Bose,3.0,13,0
268,2023,Rajasthan Royals,Riyan Parag,4.0,48,0
268,2023,Rajasthan Royals,Yuzvendra Chahal,2.0,12,0
268,2023,Rajasthan Royals,Trent Boult,3.0,21,2
268,2023,Rajasthan Royals,Gaurav Dubey,1.7,16,1
268,2023,Rajasthan Royals,Ajay Dubey,4.0,18,0
268,2023,Rajasthan Royals,Karan Joshi,1.8,8,0
269,2023,Kolkata Knight Riders,Andre Russell,4.0,39,1
269,2023,Kolkata Knight Riders,Sunil Narine,4.0,31,0
269,2023,Kolkata Knight Riders,Varun Chakravarthy,3.0,26,1
269,2023,Kolkata Knight Riders,Venkatesh Iyer,3.0,31,0
269,2023,Kolkata Knight Riders,Mitchell Starc,2.0,11,0
269,2023,Kolkata Knight Riders,Pranav Chauhan,2.7,12,1
269,2023,Lucknow Super Giants,Mayank Yadav,4.0,36,1
269,2023,Lucknow Super Giants,Ravi Bishnoi,2.0,10,1
269,2023,Lucknow Super Giants,Marcus Stoinis,4.0,27,1
269,2023,Lucknow Super Giants,Mohsin Khan,2.0,11,2
269,2023,Lucknow Super Giants,Nikhil Ghosh,1.8,12,1
269,2023,Lucknow Super Giants,Nikhil Reddy,3.0,19,0
270,2023,Mumbai Indians,Jasprit Bumrah,3.0,26,1
270,2023,Mumbai Indians,Hardik Pandya,3.0,28,1
270,2023,Mumbai Indians,Piyush Chawla,2.0,16,0
270,2023,Mumbai Indians,Aman Verma,3.0,22,1
270,2023,Mumbai Indians,Dev Rao,2.0,16,0
270,2023,Mumbai Indians,Aryan Pillai,4.0,34,2
270,2023,Delhi Capitals,Axar Patel,2.0,20,0
270,2023,Delhi Capitals,Kuldeep Yadav,4.0,18,1
270,2023,Delhi Capitals,Mitchell Marsh,3.0,15,0
270,2023,Delhi Capitals,Ishant Sharma,2.0,12,0
270,2023,Delhi Capitals,Rahul Sinha,2.0,15,2
270,2023,Delhi Capitals,Siddharth Iyer,2.0,11,1
271,2024,Royal Challengers Bengaluru,Glenn Maxwell,3.0,32,2
271,2024,Royal Challengers Bengaluru,Mohammed Siraj,2.4,14,0
271,2024,Royal Challengers Bengaluru,Cameron Green,2.0,21,0
271,2024,Royal Challengers Bengaluru,Yash Dayal,2.0,15,2
271,2024,Royal Challengers Bengaluru,Arjun Suresh,3.0,23,0
271,2024,Royal Challengers Bengaluru,Vikram Bose,3.0,16,0
271,2024,Sunrisers Hyderabad,Pat Cummins,3.3,15,1
271,2024,Sunrisers Hyderabad,Bhuvneshwar Kumar,3.0,21,0
271,2024,Sunrisers Hyderabad,Nitish Kumar Reddy,2.0,23,1
271,2024,Sunrisers Hyderabad,T Natarajan,3.0,16,2
271,2024,Sunrisers Hyderabad,Aman Pillai,1.3,10,1
271,2024,Sunrisers Hyderabad,Karthik Kulkarni,2.7,14,1
272,2024,Chennai Super Kings,Ravindra Jadeja,3.0,31,0
272,2024,Chennai Super Kings,Deepak Chahar,3.2,20,0
272,2024,Chennai Super Kings,Shivam Dube,2.0,14,0
272,2024,Chennai Super Kings,Matheesha Pathirana,4.0,26,0
272,2024,Chennai Super Kings,Moeen Ali,2.0,14,2
272,2024,Chennai Super Kings,Sanjay Chauhan,4.0,30,0
272,2024,Punjab Kings,Arshdeep Singh,2.0,13,0
272,2024,Punjab Kings,Liam Livingstone,1.4,8,0
272,2024,Punjab Kings,Sam Curran,3.0,15,0
272,2024,Punjab Kings,Kagiso Rabada,3.0,19,2
272,2024,Punjab Kings,Ajay Verma,4.0,25,0
272,2024,Punjab Kings,Dev Krishnan,3.9,20,1
273,2024,Chennai Super Kings,Ravindra Jadeja,3.0,25,0
273,2024,Chennai Super Kings,Deepak Chahar,3.0,25,0
273,2024,Chennai Super Kings,Shivam Dube,3.0,20,2
273,2024,Chennai Super Kings,Matheesha Pathirana,3.0,20,2
273,2024,Chennai Super Kings,Moeen Ali,4.0,27,0
273,2024,Chennai Super Kings,Sanjay Chauhan,2.2,9,1
273,2024,Royal Challengers Bengaluru,Glenn Maxwell,4.0,27,1
273,2024,Royal Challengers Bengaluru,Mohammed Siraj,4.0,30,1
273,2024,Royal Challengers Bengaluru,Cameron Green,3.0,26,1
273,2024,Royal Challengers Bengaluru,Yash Dayal,3.0,25,0
273,2024,Royal Challengers Bengaluru,Arjun Suresh,2.0,15,3
273,2024,Royal Challengers Bengaluru,Vikram Bose,2.6,18,0
274,2024,Rajasthan Royals,Riyan Parag,2.0,17,1
274,2024,Rajasthan Royals,Yuzvendra Chahal,4.0,32,0
274,2024,Rajasthan Royals,Trent Boult,2.9,15,1
274,2024,Rajasthan Royals,Gaurav Dubey,3.0,21,2
274,2024,Rajasthan Royals,Ajay Dubey,2.0,17,0
274,2024,Rajasthan Royals,Karan Joshi,2.0,16,0
274,2024,Sunrisers Hyderabad,Pat Cummins,3.4,24,0
274,2024,Sunrisers Hyderabad,Bhuvneshwar Kumar,4.0,18,1
274,2024,Sunrisers Hyderabad,Nitish Kumar Reddy,3.0,28,0
274,2024,Sunrisers Hyderabad,T Natarajan,1.7,10,2
274,2024,Sunrisers Hyderabad,Aman Pillai,3.0,33,2
274,2024,Sunrisers Hyderabad,Karthik Kulkarni,4.0,36,0
275,2024,Kolkata Knight Riders,Andre Russell,3.8,25,1
275,2024,Kolkata Knight Riders,Sunil Narine,4.0,36,2
275,2024,Kolkata Knight Riders,Varun Chakravarthy,4.0,28,0
275,2024,Kolkata Knight Riders,Venkatesh Iyer,4.0,37,0
275,2024,Kolkata Knight Riders,Mitchell Starc,3.0,19,0
275,2024,Kolkata Knight Riders,Pranav Chauhan,3.7,28,0
275,2024,Rajasthan Royals,Riyan Parag,1.6,17,2
275,2024,Rajasthan Royals,Yuzvendra Chahal,4.0,26,1
275,2024,Rajasthan Royals,Trent Boult,4.0,33,2
275,2024,Rajasthan Royals,Gaurav Dubey,1.4,7,2
275,2024,Rajasthan Royals,Ajay Dubey,3.0,30,0
275,2024,Rajasthan Royals,Karan Joshi,4.0,21,1
276,2024,Royal Challengers Bengaluru,Glenn Maxwell,3.5,24,0
276,2024,Royal Challengers Bengaluru,Mohammed Siraj,2.0,11,2
276,2024,Royal Challengers Bengaluru,Cameron Green,2.0,18,2
276,2024,Royal Challengers Bengaluru,Yash Dayal,4.0,32,1
276,2024,Royal Challengers Bengaluru,Arjun Suresh,4.0,18,0
276,2024,Royal Challengers Bengaluru,Vikram Bose,2.0,9,1
276,2024,Rajasthan Royals,Riyan Parag,1.1,9,0
276,2024,Rajasthan Royals,Yuzvendra Chahal,4.0,24,0
276,2024,Rajasthan Royals,Trent Boult,2.0,9,1
276,2024,Rajasthan Royals,Gaurav Dubey,3.0,21,3
276,2024,Rajasthan Royals,Ajay Dubey,3.0,26,3
276,2024,Rajasthan Royals,Karan Joshi,4.0,18,0
277,2024,Delhi Capitals,Axar Patel,3.0,25,0
277,2024,Delhi Capitals,Kuldeep Yadav,2.8,12,1
277,2024,Delhi Capitals,Mitchell Marsh,3.0,20,0
277,2024,Delhi Capitals,Ishant Sharma,3.0,16,0
277,2024,Delhi Capitals,Rahul Sinha,1.5,13,1
277,2024,Delhi Capitals,Siddharth Iyer,3.0,34,0
277,2024,Gujarat Titans,Rashid Khan,3.0,25,0
277,2024,Gujarat Titans,Mohammed Shami,3.0,18,3
277,2024,Gujarat Titans,Rahul Tewatia,2.0,14,0
277,2024,Gujarat Titans,Gerald Coetzee,2.0,15,0
277,2024,Gujarat Titans,Rahul Desai,3.5,26,0
277,2024,Gujarat Titans,Rahul Mishra,2.0,9,0
278,2024,Mumbai Indians,Jasprit Bumrah,3.0,21,0
278,2024,Mumbai Indians,Hardik Pandya,3.0,27,0
278,2024,Mumbai Indians,Piyush Chawla,2.0,16,1
278,2024,Mumbai Indians,Aman Verma,4.0,40,0
278,2024,Mumbai Indians,Dev Rao,2.0,14,3
278,2024,Mumbai Indians,Aryan Pillai,4.0,28,4
278,2024,Chennai Super Kings,Ravindra Jadeja,4.0,29,0
278,2024,Chennai Super Kings,Deepak Chahar,4.0,21,0
278,2024,Chennai Super Kings,Shivam Dube,2.0,15,3
278,2024,Chennai Super Kings,Matheesha Pathirana,4.0,24,0
278,2024,Chennai Super Kings,Moeen Ali,4.0,33,1
278,2024,Chennai Super Kings,Sanjay Chauhan,3.3,26,1
279,2024,Chennai Super Kings,Ravindra Jadeja,2.0,16,0
279,2024,Chennai Super Kings,Deepak Chahar,3.9,27,1
279,2024,Chennai Super Kings,Shivam Dube,3.1,23,0
279,2024,Chennai Super Kings,Matheesha Pathirana,4.0,35,1
279,2024,Chennai Super Kings,Moeen Ali,2.0,15,1
279,2024,Chennai Super Kings,Sanjay Chauhan,4.0,20,1
279,2024,Lucknow Super Giants,Mayank Yadav,4.0,36,0
279,2024,Lucknow Super Giants,Ravi Bishnoi,4.0,24,0
279,2024,Lucknow Super Giants,Marcus Stoinis,1.6,14,0
279,2024,Lucknow Super Giants,Mohsin Khan,2.0,11,0
279,2024,Lucknow Super Giants,Nikhil Ghosh,3.0,29,1
279,2024,Lucknow Super Giants,Nikhil Reddy,2.0,18,0
280,2024,Mumbai Indians,Jasprit Bumrah,3.0,18,0
280,2024,Mumbai Indians,Hardik Pandya,3.0,21,1
280,2024,Mumbai Indians,Piyush Chawla,3.0,13,1
280,2024,Mumbai Indians,Aman Verma,3.0,19,0
280,2024,Mumbai Indians,Dev Rao,4.0,30,0
280,2024,Mumbai Indians,Aryan Pillai,4.0,34,0
280,2024,Royal Challengers Bengaluru,Glenn Maxwell,4.0,36,0
280,2024,Royal Challengers Bengaluru,Mohammed Siraj,3.0,17,1
280,2024,Royal Challengers Bengaluru,Cameron Green,4.0,23,0
280,2024,Royal Challengers Bengaluru,Yash Dayal,2.0,18,0
280,2024,Royal Challengers Bengaluru,Arjun Suresh,2.0,12,0
280,2024,Royal Challengers Bengaluru,Vikram Bose,4.0,25,1
281,2024,Chennai Super Kings,Ravindra Jadeja,3.6,27,0
281,2024,Chennai Super Kings,Deepak Chahar,3.5,15,0
281,2024,Chennai Super Kings,Shivam Dube,4.0,34,1
281,2024,Chennai Super Kings,Matheesha Pathirana,2.0,21,0
281,2024,Chennai Super Kings,Moeen Ali,2.0,10,0
281,2024,Chennai Super Kings,Sanjay Chauhan,3.0,13,0
281,2024,Sunrisers Hyderabad,Pat Cummins,2.0,12,1
281,2024,Sunrisers Hyderabad,Bhuvneshwar Kumar,4.0,30,1
281,2024,Sunrisers Hyderabad,Nitish Kumar Reddy,4.0,36,0
281,2024,Sunrisers Hyderabad,T Natarajan,3.6,21,0
281,2024,Sunrisers Hyderabad,Aman Pillai,4.0,24,0
281,2024,Sunrisers Hyderabad,Karthik Kulkarni,3.0,19,0
282,2024,Delhi Capitals,Axar Patel,3.0,28,0
282,2024,Delhi Capitals,Kuldeep Yadav,3.0,17,2
282,2024,Delhi Capitals,Mitchell Marsh,2.0,16,0
282,2024,Delhi Capitals,Ishant Sharma,2.0,16,0
282,2024,Delhi Capitals,Rahul Sinha,1.4,12,0
282,2024,Delhi Capitals,Siddharth Iyer,4.0,27,0
282,2024,Sunrisers Hyderabad,Pat Cummins,2.0,12,1
282,2024,Sunrisers Hyderabad,Bhuvneshwar Kumar,2.0,11,1
282,2024,Sunrisers Hyderabad,Nitish Kumar Reddy,4.0,29,0
282,2024,Sunrisers Hyderabad,T Natarajan,1.6,12,2
282,2024,Sunrisers Hyderabad,Aman Pillai,4.0,36,3
282,2024,Sunrisers Hyderabad,Karthik Kulkarni,3.7,37,2
283,2024,Delhi Capitals,Axar Patel,4.0,23,0
283,2024,Delhi Capitals,Kuldeep Yadav,1.1,8,0
283,2024,Delhi Capitals,Mitchell Marsh,3.7,26,0
283,2024,Delhi Capitals,Ishant Sharma,2.0,10,0
283,2024,Delhi Capitals,Rahul Sinha,4.0,36,0
283,2024,Delhi Capitals,Siddharth Iyer,4.0,30,3
283,2024,Lucknow Super Giants,Mayank Yadav,4.0,28,0
283,2024,Lucknow Super Giants,Ravi Bishnoi,3.0,24,1
283,2024,Lucknow Super Giants,Marcus Stoinis,3.0,22,2
283,2024,Lucknow Super Giants,Mohsin Khan,2.0,11,2
283,2024,Lucknow Super Giants,Nikhil Ghosh,4.0,30,3
283,2024,Lucknow Super Giants,Nikhil Reddy,4.0,32,3
284,2024,Chennai Super Kings,Ravindra Jadeja,4.0,31,0
284,2024,Chennai Super Kings,Deepak Chahar,4.0,31,1
284,2024,Chennai Super Kings,Shivam Dube,4.0,33,1
284,2024,Chennai Super Kings,Matheesha Pathirana,2.7,24,0
284,2024,Chennai Super Kings,Moeen Ali,1.1,10,0
284,2024,Chennai Super Kings,Sanjay Chauhan,2.0,9,1
284,2024,Kolkata Knight Riders,Andre Russell,4.0,34,0
284,2024,Kolkata Knight Riders,Sunil Narine,4.0,38,0
284,2024,Kolkata Knight Riders,Varun Chakravarthy,4.0,29,1
284,2024,Kolkata Knight Riders,Venkatesh Iyer,2.0,14,0
284,2024,Kolkata Knight Riders,Mitchell Starc,2.0,20,1
284,2024,Kolkata Knight Riders,Pranav Chauhan,1.0,7,1
285,2024,Mumbai Indians,Jasprit Bumrah,3.0,17,2
285,2024,Mumbai Indians,Hardik Pandya,2.3,22,0
285,2024,Mumbai Indians,Piyush Chawla,3.0,13,0
285,2024,Mumbai Indians,Aman Verma,4.0,29,0
285,2024,Mumbai Indians,Dev Rao,2.0,21,1
285,2024,Mumbai Indians,Aryan Pillai,2.0,17,1
285,2024,Kolkata Knight Riders,Andre Russell,4.0,23,0
285,2024,Kolkata Knight Riders,Sunil Narine,2.0,15,2
285,2024,Kolkata Knight Riders,Varun Chakravarthy,4.0,41,0
285,2024,Kolkata Knight Riders,Venkatesh Iyer,2.0,17,1
285,2024,Kolkata Knight Riders,Mitchell Starc,4.0,24,0
285,2024,Kolkata Knight Riders,Pranav Chauhan,4.0,27,0
286,2024,Kolkata Knight Riders,Andre Russell,4.0,38,0
286,2024,Kolkata Knight Riders,Sunil Narine,4.0,29,1
286,2024,Kolkata Knight Riders,Varun Chakravarthy,2.0,14,0
286,2024,Kolkata Knight Riders,Venkatesh Iyer,4.0,23,0
286,2024,Kolkata Knight Riders,Mitchell Starc,3.0,17,2
286,2024,Kolkata Knight Riders,Pranav Chauhan,2.0,9,0
286,2024,Sunrisers Hyderabad,Pat Cummins,1.3,7,0
286,2024,Sunrisers Hyderabad,Bhuvneshwar Kumar,3.0,25,0
286,2024,Sunrisers Hyderabad,Nitish Kumar Reddy,3.7,28,1
286,2024,Sunrisers Hyderabad,T Natarajan,2.0,15,0
286,2024,Sunrisers Hyderabad,Aman Pillai,3.0,22,0
286,2024,Sunrisers Hyderabad,Karthik Kulkarni,3.0,25,0
287,2024,Kolkata Knight Riders,Andre Russell,3.0,34,0
287,2024,Kolkata Knight Riders,Sunil Narine,4.0,36,0
287,2024,Kolkata Knight Riders,Varun Chakravarthy,4.0,31,2
287,2024,Kolkata Knight Riders,Venkatesh Iyer,4.0,39,0
287,2024,Kolkata Knight Riders,Mitchell Starc,2.0,19,0
287,2024,Kolkata Knight Riders,Pranav Chauhan,2.0,9,0
287,2024,Punjab Kings,Arshdeep Singh,2.0,14,0
287,2024,Punjab Kings,Liam Livingstone,2.0,22,0
287,2024,Punjab Kings,Sam Curran,4.0,32,0
287,2024,Punjab Kings,Kagiso Rabada,3.0,25,0
287,2024,Punjab Kings,Ajay Verma,4.0,23,0
287,2024,Punjab Kings,Dev Krishnan,4.0,18,0
288,2024,Sunrisers Hyderabad,Pat Cummins,4.0,30,0
288,2024,Sunrisers Hyderabad,Bhuvneshwar Kumar,2.6,14,2
288,2024,Sunrisers Hyderabad,Nitish Kumar Reddy,2.0,14,0
288,2024,Sunrisers Hyderabad,T Natarajan,4.0,31,0
288,2024,Sunrisers Hyderabad,Aman Pillai,4.0,20,1
288,2024,Sunrisers Hyderabad,Karthik Kulkarni,4.0,25,1
288,2024,Gujarat Titans,Rashid Khan,3.0,13,0
288,2024,Gujarat Titans,Mohammed Shami,2.0,9,0
288,2024,Gujarat Titans,Rahul Tewatia,4.0,18,0
288,2024,Gujarat Titans,Gerald Coetzee,2.0,11,2
288,2024,Gujarat Titans,Rahul Desai,2.7,18,0
288,2024,Gujarat Titans,Rahul Mishra,2.0,9,2
289,2024,Kolkata Knight Riders,Andre Russell,2.0,20,3
289,2024,Kolkata Knight Riders,Sunil Narine,2.0,14,2
289,2024,Kolkata Knight Riders,Varun Chakravarthy,4.0,33,1
289,2024,Kolkata Knight Riders,Venkatesh Iyer,4.0,26,0
289,2024,Kolkata Knight Riders,Mitchell Starc,4.0,18,0
289,2024,Kolkata Knight Riders,Pranav Chauhan,2.2,15,0
289,2024,Gujarat Titans,Rashid Khan,2.0,12,1
289,2024,Gujarat Titans,Mohammed Shami,3.0,28,1
289,2024,Gujarat Titans,Rahul Tewatia,3.0,24,1
289,2024,Gujarat Titans,Gerald Coetzee,2.0,12,0
289,2024,Gujarat Titans,Rahul Desai,3.0,19,1
289,2024,Gujarat Titans,Rahul Mishra,2.0,17,0
290,2024,Mumbai Indians,Jasprit Bumrah,2.0,13,0
290,2024,Mumbai Indians,Hardik Pandya,3.0,35,0
290,2024,Mumbai Indians,Piyush Chawla,1.2,10,3
290,2024,Mumbai Indians,Aman Verma,3.0,15,1
290,2024,Mumbai Indians,Dev Rao,3.0,34,2
290,2024,Mumbai Indians,Aryan Pillai,2.0,16,0
290,2024,Lucknow Super Giants,Mayank Yadav,3.0,18,2
290,2024,Lucknow Super Giants,Ravi Bishnoi,3.0,18,1
290,2024,Lucknow Super Giants,Marcus Stoinis,3.4,16,1
290,2024,Lucknow Super Giants,Mohsin Khan,4.0,21,1
290,2024,Lucknow Super Giants,Nikhil Ghosh,2.0,14,0
290,2024,Lucknow Super Giants,Nikhil Reddy,3.0,20,0
291,2024,Chennai Super Kings,Ravindra Jadeja,3.0,13,0
291,2024,Chennai Super Kings,Deepak Chahar,3.6,33,1
291,2024,Chennai Super Kings,Shivam Dube,2.0,12,2
291,2024,Chennai Super Kings,Matheesha Pathirana,3.0,14,0
291,2024,Chennai Super Kings,Moeen Ali,2.0,13,3
291,2024,Chennai Super Kings,Sanjay Chauhan,3.9,17,1
291,2024,Gujarat Titans,Rashid Khan,3.0,28,0
291,2024,Gujarat Titans,Mohammed Shami,3.0,23,0
291,2024,Gujarat Titans,Rahul Tewatia,2.0,16,0
291,2024,Gujarat Titans,Gerald Coetzee,3.5,18,0
291,2024,Gujarat Titans,Rahul Desai,4.0,22,2
291,2024,Gujarat Titans,Rahul Mishra,2.0,12,0
292,2024,Punjab Kings,Arshdeep Singh,2.0,15,0
292,2024,Punjab Kings,Liam Livingstone,2.0,16,0
292,2024,Punjab Kings,Sam Curran,2.8,19,0
292,2024,Punjab Kings,Kagiso Rabada,3.0,22,1
292,2024,Punjab Kings,Ajay Verma,2.0,14,0
292,2024,Punjab Kings,Dev Krishnan,3.0,31,2
292,2024,Sunrisers Hyderabad,Pat Cummins,4.0,34,0
292,2024,Sunrisers Hyderabad,Bhuvneshwar Kumar,4.0,26,0
292,2024,Sunrisers Hyderabad,Nitish Kumar Reddy,2.0,17,0
292,2024,Sunrisers Hyderabad,T Natarajan,2.0,15,1
292,2024,Sunrisers Hyderabad,Aman Pillai,2.0,17,1
292,2024,Sunrisers Hyderabad,Karthik Kulkarni,4.0,37,1
293,2024,Gujarat Titans,Rashid Khan,2.0,16,0
293,2024,Gujarat Titans,Mohammed Shami,4.0,18,2
293,2024,Gujarat Titans,Rahul Tewatia,1.5,13,2
293,2024,Gujarat Titans,Gerald Coetzee,3.0,33,0
293,2024,Gujarat Titans,Rahul Desai,3.0,24,1
293,2024,Gujarat Titans,Rahul Mishra,4.0,25,0
293,2024,Lucknow Super Giants,Mayank Yadav,3.0,26,3
293,2024,Lucknow Super Giants,Ravi Bishnoi,4.0,31,0
293,2024,Lucknow Super Giants,Marcus Stoinis,2.0,10,0
293,2024,Lucknow Super Giants,Mohsin Khan,2.0,16,0
293,2024,Lucknow Super Giants,Nikhil Ghosh,4.0,32,0
293,2024,Lucknow Super Giants,Nikhil Reddy,4.0,37,0
294,2024,Kolkata Knight Riders,Andre Russell,2.0,16,0
294,2024,Kolkata Knight Riders,Sunil Narine,4.0,24,1
294,2024,Kolkata Knight Riders,Varun Chakravarthy,3.0,20,2
294,2024,Kolkata Knight Riders,Venkatesh Iyer,3.0,13,2
294,2024,Kolkata Knight Riders,Mitchell Starc,4.0,26,0
294,2024,Kolkata Knight Riders,Pranav Chauhan,1.1,5,0
294,2024,Delhi Capitals,Axar Patel,3.0,22,0
294,2024,Delhi Capitals,Kuldeep Yadav,4.0,37,0
294,2024,Delhi Capitals,Mitchell Marsh,4.0,42,0
294,2024,Delhi Capitals,Ishant Sharma,3.0,21,2
294,2024,Delhi Capitals,Rahul Sinha,3.0,26,1
294,2024,Delhi Capitals,Siddharth Iyer,3.0,20,0
295,2024,Royal Challengers Bengaluru,Glenn Maxwell,3.0,28,0
295,2024,Royal Challengers Bengaluru,Mohammed Siraj,2.0,13,0
295,2024,Royal Challengers Bengaluru,Cameron Green,2.0,9,0
295,2024,Royal Challengers Bengaluru,Yash Dayal,2.0,9,0
295,2024,Royal Challengers Bengaluru,Arjun Suresh,4.0,31,2
295,2024,Royal Challengers Bengaluru,Vikram Bose,3.0,20,0
295,2024,Delhi Capitals,Axar Patel,2.0,14,0
295,2024,Delhi Capitals,Kuldeep Yadav,4.0,21,0
295,2024,Delhi Capitals,Mitchell Marsh,2.0,9,0
295,2024,Delhi Capitals,Ishant Sharma,3.1,22,0
295,2024,Delhi Capitals,Rahul Sinha,3.0,26,0
295,2024,Delhi Capitals,Siddharth Iyer,3.0,30,0
296,2024,Mumbai Indians,Jasprit Bumrah,4.0,30,2
296,2024,Mumbai Indians,Hardik Pandya,2.0,15,0
296,2024,Mumbai Indians,Piyush Chawla,2.0,14,0
296,2024,Mumbai Indians,Aman Verma,3.8,33,0
296,2024,Mumbai Indians,Dev Rao,2.7,13,2
296,2024,Mumbai Indians,Aryan Pillai,4.0,21,0
296,2024,Sunrisers Hyderabad,Pat Cummins,3.0,22,0
296,2024,Sunrisers Hyderabad,Bhuvneshwar Kumar,2.0,12,0
296,2024,Sunrisers Hyderabad,Nitish Kumar Reddy,3.0,27,1
296,2024,Sunrisers Hyderabad,T Natarajan,4.0,41,1
296,2024,Sunrisers Hyderabad,Aman Pillai,1.1,8,0
296,2024,Sunrisers Hyderabad,Karthik Kulkarni,1.6,10,0
297,2024,Sunrisers Hyderabad,Pat Cummins,3.0,13,1
297,2024,Sunrisers Hyderabad,Bhuvneshwar Kumar,3.0,13,1
297,2024,Sunrisers Hyderabad,Nitish Kumar Reddy,4.0,32,1
297,2024,Sunrisers Hyderabad,T Natarajan,1.8,9,0
297,2024,Sunrisers Hyderabad,Aman Pillai,1.7,14,2
297,2024,Sunrisers Hyderabad,Karthik Kulkarni,3.0,29,0
297,2024,Lucknow Super Giants,Mayank Yadav,2.0,11,1
297,2024,Lucknow Super Giants,Ravi Bishnoi,3.0,24,1
297,2024,Lucknow Super Giants,Marcus Stoinis,2.0,20,0
297,2024,Lucknow Super Giants,Mohsin Khan,2.0,9,0
297,2024,Lucknow Super Giants,Nikhil Ghosh,3.8,30,2
297,2024,Lucknow Super Giants,Nikhil Reddy,2.0,13,0
298,2024,Royal Challengers Bengaluru,Glenn Maxwell,2.1,11,1
298,2024,Royal Challengers Bengaluru,Mohammed Siraj,3.0,31,0
298,2024,Royal Challengers Bengaluru,Cameron Green,2.6,15,0
298,2024,Royal Challengers Bengaluru,Yash Dayal,3.0,19,3
298,2024,Royal Challengers Bengaluru,Arjun Suresh,2.0,10,1
298,2024,Royal Challengers Bengaluru,Vikram Bose,4.0,35,0
298,2024,Punjab Kings,Arshdeep Singh,4.0,27,0
298,2024,Punjab Kings,Liam Livingstone,4.0,44,0
298,2024,Punjab Kings,Sam Curran,3.0,24,0
298,2024,Punjab Kings,Kagiso Rabada,2.0,9,1
298,2024,Punjab Kings,Ajay Verma,2.0,17,1
298,2024,Punjab Kings,Dev Krishnan,4.0,23,0
299,2024,Rajasthan Royals,Riyan Parag,3.0,24,0
299,2024,Rajasthan Royals,Yuzvendra Chahal,2.0,20,0
299,2024,Rajasthan Royals,Trent Boult,2.0,15,0
299,2024,Rajasthan Royals,Gaurav Dubey,3.0,20,0
299,2024,Rajasthan Royals,Ajay Dubey,2.0,13,2
299,2024,Rajasthan Royals,Karan Joshi,4.0,24,0
299,2024,Lucknow Super Giants,Mayank Yadav,4.0,18,1
299,2024,Lucknow Super Giants,Ravi Bishnoi,2.0,10,1
299,2024,Lucknow Super Giants,Marcus Stoinis,4.0,26,1
299,2024,Lucknow Super Giants,Mohsin Khan,2.0,15,1
299,2024,Lucknow Super Giants,Nikhil Ghosh,3.0,23,2
299,2024,Lucknow Super Giants,Nikhil Reddy,4.0,28,1
300,2024,Royal Challengers Bengaluru,Glenn Maxwell,3.0,26,0
300,2024,Royal Challengers Bengaluru,Mohammed Siraj,4.0,21,1
300,2024,Royal Challengers Bengaluru,Cameron Green,3.0,27,0
300,2024,Royal Challengers Bengaluru,Yash Dayal,4.0,29,0
300,2024,Royal Challengers Bengaluru,Arjun Suresh,2.0,10,2
300,2024,Royal Challengers Bengaluru,Vikram Bose,4.0,32,0
300,2024,Gujarat Titans,Rashid Khan,3.0,13,1
300,2024,Gujarat Titans,Mohammed Shami,2.0,13,0
300,2024,Gujarat Titans,Rahul Tewatia,3.5,24,0
300,2024,Gujarat Titans,Gerald Coetzee,3.5,20,0
300,2024,Gujarat Titans,Rahul Desai,2.0,13,0
300,2024,Gujarat Titans,Rahul Mishra,4.0,30,1
301,2024,Mumbai Indians,Jasprit Bumrah,2.0,11,0
301,2024,Mumbai Indians,Hardik Pandya,2.0,20,0
301,2024,Mumbai Indians,Piyush Chawla,3.0,17,0
301,2024,Mumbai Indians,Aman Verma,4.0,33,0
301,2024,Mumbai Indians,Dev Rao,2.2,13,0
301,2024,Mumbai Indians,Aryan Pillai,3.0,17,1
301,2024,Rajasthan Royals,Riyan Parag,2.0,9,0
301,2024,Rajasthan Royals,Yuzvendra Chahal,2.0,11,3
301,2024,Rajasthan Royals,Trent Boult,4.0,22,1
301,2024,Rajasthan Royals,Gaurav Dubey,3.0,20,0
301,2024,Rajasthan Royals,Ajay Dubey,2.0,12,1
301,2024,Rajasthan Royals,Karan Joshi,3.0,31,1
302,2024,Chennai Super Kings,Ravindra Jadeja,2.0,14,1
302,2024,Chennai Super Kings,Deepak Chahar,2.0,10,0
302,2024,Chennai Super Kings,Shivam Dube,2.8,26,0
302,2024,Chennai Super Kings,Matheesha Pathirana,2.0,15,0
302,2024,Chennai Super Kings,Moeen Ali,2.0,16,1
302,2024,Chennai Super Kings,Sanjay Chauhan,3.0,28,0
302,2024,Delhi Capitals,Axar Patel,3.0,20,0
302,2024,Delhi Capitals,Kuldeep Yadav,3.0,15,0
302,2024,Delhi Capitals,Mitchell Marsh,3.6,33,1
302,2024,Delhi Capitals,Ishant Sharma,3.2,27,0
302,2024,Delhi Capitals,Rahul Sinha,4.0,40,0
302,2024,Delhi Capitals,Siddharth Iyer,2.0,12,2
303,2024,Chennai Super Kings,Ravindra Jadeja,2.0,17,2
303,2024,Chennai Super Kings,Deepak Chahar,3.0,17,3
303,2024,Chennai Super Kings,Shivam Dube,3.0,24,2
303,2024,Chennai Super Kings,Matheesha Pathirana,1.9,17,1
303,2024,Chennai Super Kings,Moeen Ali,4.0,32,0
303,2024,Chennai Super Kings,Sanjay Chauhan,4.0,18,0
303,2024,Rajasthan Royals,Riyan Parag,2.5,18,0
303,2024,Rajasthan Royals,Yuzvendra Chahal,3.0,21,0
303,2024,Rajasthan Royals,Trent Boult,3.0,19,2
303,2024,Rajasthan Royals,Gaurav Dubey,3.0,25,0
303,2024,Rajasthan Royals,Ajay Dubey,3.5,32,1
303,2024,Rajasthan Royals,Karan Joshi,2.1,17,0
304,2024,Delhi Capitals,Axar Patel,4.0,28,0
304,2024,Delhi Capitals,Kuldeep Yadav,3.7,27,0
304,2024,Delhi Capitals,Mitchell Marsh,2.0,16,0
304,2024,Delhi Capitals,Ishant Sharma,2.0,16,0
304,2024,Delhi Capitals,Rahul Sinha,3.0,21,0
304,2024,Delhi Capitals,Siddharth Iyer,2.0,9,2
304,2024,Rajasthan Royals,Riyan Parag,3.0,29,0
304,2024,Rajasthan Royals,Yuzvendra Chahal,2.7,12,2
304,2024,Rajasthan Royals,Trent Boult,4.0,19,0
304,2024,Rajasthan Royals,Gaurav Dubey,4.0,38,0
304,2024,Rajasthan Royals,Ajay Dubey,3.0,29,0
304,2024,Rajasthan Royals,Karan Joshi,4.0,27,0
305,2024,Delhi Capitals,Axar Patel,3.0,27,0
305,2024,Delhi Capitals,Kuldeep Yadav,3.0,24,2
305,2024,Delhi Capitals,Mitchell Marsh,3.0,18,2
305,2024,Delhi Capitals,Ishant Sharma,2.0,11,2
305,2024,Delhi Capitals,Rahul Sinha,2.3,20,0
305,2024,Delhi Capitals,Siddharth Iyer,3.0,13,0
305,2024,Punjab Kings,Arshdeep Singh,2.0,10,3
305,2024,Punjab Kings,Liam Livingstone,2.0,14,1
305,2024,Punjab Kings,Sam Curran,2.0,21,2
305,2024,Punjab Kings,Kagiso Rabada,3.0,29,0
305,2024,Punjab Kings,Ajay Verma,2.0,15,1
305,2024,Punjab Kings,Dev Krishnan,2.0,15,0
306,2024,Royal Challengers Bengaluru,Glenn Maxwell,3.0,27,0
306,2024,Royal Challengers Bengaluru,Mohammed Siraj,3.0,13,0
306,2024,Royal Challengers Bengaluru,Cameron Green,4.0,32,1
306,2024,Royal Challengers Bengaluru,Yash Dayal,4.0,35,0
306,2024,Royal Challengers Bengaluru,Arjun Suresh,2.0,9,0
306,2024,Royal Challengers Bengaluru,Vikram Bose,2.0,13,0
306,2024,Kolkata Knight Riders,Andre Russell,2.0,18,1
306,2024,Kolkata Knight Riders,Sunil Narine,4.0,22,4
306,2024,Kolkata Knight Riders,Varun Chakravarthy,4.0,34,1
306,2024,Kolkata Knight Riders,Venkatesh Iyer,2.0,13,1
306,2024,Kolkata Knight Riders,Mitchell Starc,2.0,9,0
306,2024,Kolkata Knight Riders,Pranav Chauhan,4.0,41,0
307,2024,Kolkata Knight Riders,Andre Russell,4.0,35,2
307,2024,Kolkata Knight Riders,Sunil Narine,3.0,19,1
307,2024,Kolkata Knight Riders,Varun Chakravarthy,4.0,29,1
307,2024,Kolkata Knight Riders,Venkatesh Iyer,2.6,22,1
307,2024,Kolkata Knight Riders,Mitchell Starc,3.0,29,0
307,2024,Kolkata Knight Riders,Pranav Chauhan,4.0,39,1
307,2024,Lucknow Super Giants,Mayank Yadav,2.0,16,0
307,2024,Lucknow Super Giants,Ravi Bishnoi,2.0,14,1
307,2024,Lucknow Super Giants,Marcus Stoinis,1.5,12,2
307,2024,Lucknow Super Giants,Mohsin Khan,2.0,17,2
307,2024,Lucknow Super Giants,Nikhil Ghosh,3.0,31,1
307,2024,Lucknow Super Giants,Nikhil Reddy,2.0,16,0
308,2024,Royal Challengers Bengaluru,Glenn Maxwell,3.0,33,0
308,2024,Royal Challengers Bengaluru,Mohammed Siraj,2.0,9,1
308,2024,Royal Challengers Bengaluru,Cameron Green,4.0,20,1
308,2024,Royal Challengers Bengaluru,Yash Dayal,3.0,21,1
308,2024,Royal Challengers Bengaluru,Arjun Suresh,4.0,43,2
308,2024,Royal Challengers Bengaluru,Vikram Bose,3.0,23,1
308,2024,Lucknow Super Giants,Mayank Yadav,2.0,15,1
308,2024,Lucknow Super Giants,Ravi Bishnoi,2.0,10,1
308,2024,Lucknow Super Giants,Marcus Stoinis,3.0,16,2
308,2024,Lucknow Super Giants,Mohsin Khan,4.0,24,0
308,2024,Lucknow Super Giants,Nikhil Ghosh,3.0,25,1
308,2024,Lucknow Super Giants,Nikhil Reddy,3.0,30,2
309,2024,Rajasthan Royals,Riyan Parag,2.0,18,1
309,2024,Rajasthan Royals,Yuzvendra Chahal,2.0,17,1
309,2024,Rajasthan Royals,Trent Boult,2.1,12,0
309,2024,Rajasthan Royals,Gaurav Dubey,2.3,18,0
309,2024,Rajasthan Royals,Ajay Dubey,3.0,21,1
309,2024,Rajasthan Royals,Karan Joshi,4.0,32,2
309,2024,Gujarat Titans,Rashid Khan,3.0,25,0
309,2024,Gujarat Titans,Mohammed Shami,4.0,32,4
309,2024,Gujarat Titans,Rahul Tewatia,4.0,33,1
309,2024,Gujarat Titans,Gerald Coetzee,1.0,11,0
309,2024,Gujarat Titans,Rahul Desai,1.6,10,1
309,2024,Gujarat Titans,Rahul Mishra,2.0,10,1
310,2024,Mumbai Indians,Jasprit Bumrah,1.2,8,0
310,2024,Mumbai Indians,Hardik Pandya,3.0,25,0
310,2024,Mumbai Indians,Piyush Chawla,2.5,21,2
310,2024,Mumbai Indians,Aman Verma,2.0,14,4
310,2024,Mumbai Indians,Dev Rao,3.0,19,3
310,2024,Mumbai Indians,Aryan Pillai,3.0,28,0
310,2024,Gujarat Titans,Rashid Khan,2.8,18,0
310,2024,Gujarat Titans,Mohammed Shami,4.0,30,0
310,2024,Gujarat Titans,Rahul Tewatia,3.0,27,1
310,2024,Gujarat Titans,Gerald Coetzee,2.0,15,0
310,2024,Gujarat Titans,Rahul Desai,2.0,12,0
310,2024,Gujarat Titans,Rahul Mishra,4.0,18,1
311,2024,Punjab Kings,Arshdeep Singh,2.1,20,1
311,2024,Punjab Kings,Liam Livingstone,3.0,23,0
311,2024,Punjab Kings,Sam Curran,4.0,27,3
311,2024,Punjab Kings,Kagiso Rabada,4.0,28,0
311,2024,Punjab Kings,Ajay Verma,3.0,20,0
311,2024,Punjab Kings,Dev Krishnan,3.2,15,2
311,2024,Rajasthan Royals,Riyan Parag,4.0,37,0
311,2024,Rajasthan Royals,Yuzvendra Chahal,4.0,20,0
311,2024,Rajasthan Royals,Trent Boult,2.0,15,0
311,2024,Rajasthan Royals,Gaurav Dubey,4.0,21,2
311,2024,Rajasthan Royals,Ajay Dubey,2.0,14,0
311,2024,Rajasthan Royals,Karan Joshi,4.0,23,1
312,2024,Mumbai Indians,Jasprit Bumrah,2.0,14,0
312,2024,Mumbai Indians,Hardik Pandya,3.0,20,0
312,2024,Mumbai Indians,Piyush Chawla,3.1,20,0
312,2024,Mumbai Indians,Aman Verma,2.4,21,4
312,2024,Mumbai Indians,Dev Rao,1.4,13,4
312,2024,Mumbai Indians,Aryan Pillai,2.0,16,0
312,2024,Delhi Capitals,Axar Patel,3.0,20,0
312,2024,Delhi Capitals,Kuldeep Yadav,2.0,14,0
312,2024,Delhi Capitals,Mitchell Marsh,2.0,12,1
312,2024,Delhi Capitals,Ishant Sharma,3.0,25,0
312,2024,Delhi Capitals,Rahul Sinha,4.0,37,0
312,2024,Delhi Capitals,Siddharth Iyer,1.6,14,1
313,2024,Punjab Kings,Arshdeep Singh,4.0,25,1
313,2024,Punjab Kings,Liam Livingstone,2.0,24,1
313,2024,Punjab Kings,Sam Curran,3.0,22,1
313,2024,Punjab Kings,Kagiso Rabada,2.0,10,0
313,2024,Punjab Kings,Ajay Verma,4.0,26,0
313,2024,Punjab Kings,Dev Krishnan,2.0,15,0
313,2024,Gujarat Titans,Rashid Khan,2.0,9,1
313,2024,Gujarat Titans,Mohammed Shami,2.0,11,0
313,2024,Gujarat Titans,Rahul Tewatia,2.0,19,0
313,2024,Gujarat Titans,Gerald Coetzee,3.0,19,0
313,2024,Gujarat Titans,Rahul Desai,2.8,28,0
313,2024,Gujarat Titans,Rahul Mishra,1.5,11,0
314,2024,Punjab Kings,Arshdeep Singh,3.0,13,0
314,2024,Punjab Kings,Liam Livingstone,3.0,19,0
314,2024,Punjab Kings,Sam Curran,3.0,20,1
314,2024,Punjab Kings,Kagiso Rabada,3.0,15,0
314,2024,Punjab Kings,Ajay Verma,1.2,5,0
314,2024,Punjab Kings,Dev Krishnan,4.0,33,2
314,2024,Lucknow Super Giants,Mayank Yadav,4.0,18,0
314,2024,Lucknow Super Giants,Ravi Bishnoi,2.0,17,0
314,2024,Lucknow Super Giants,Marcus Stoinis,3.2,35,1
314,2024,Lucknow Super Giants,Mohsin Khan,2.0,21,0
314,2024,Lucknow Super Giants,Nikhil Ghosh,2.0,20,2
314,2024,Lucknow Super Giants,Nikhil Reddy,2.0,15,0
315,2024,Mumbai Indians,Jasprit Bumrah,3.0,22,1
315,2024,Mumbai Indians,Hardik Pandya,3.0,16,0
315,2024,Mumbai Indians,Piyush Chawla,3.0,19,0
315,2024,Mumbai Indians,Aman Verma,2.0,14,0
315,2024,Mumbai Indians,Dev Rao,4.0,25,0
315,2024,Mumbai Indians,Aryan Pillai,2.0,12,1
315,2024,Punjab Kings,Arshdeep Singh,4.0,37,0
315,2024,Punjab Kings,Liam Livingstone,3.9,24,0
315,2024,Punjab Kings,Sam Curran,2.3,22,2
315,2024,Punjab Kings,Kagiso Rabada,3.0,29,1
315,2024,Punjab Kings,Ajay Verma,2.5,16,0
315,2024,Punjab Kings,Dev Krishnan,3.0,18,0
